{
  "initial_capital": 3000000.0,
  "final_capital": 2870969.5,
  "total_return_pct": -4.301016666666668,
  "num_buys": 28,
  "num_roundtrips": 28,
  "win_rate_pct": 57.14285714285714,
  "avg_roundtrip_return_pct": 0.04636418726766837,
  "max_drawdown_pct": -8.098776797550244,
  "dd_threshold": 2.0,
  "nk_threshold": 0.0,
  "ma_window": 5,
  "early_tp_buffer_pct": 1.5,
  "early_sl_buffer_pct": 1.0,
  "early_exit_enabled": true
}