{
  "initial_capital": 3000000.0,
  "final_capital": 3307379.25,
  "total_return_pct": 10.245974999999996,
  "num_buys": 28,
  "num_roundtrips": 28,
  "win_rate_pct": 64.28571428571429,
  "avg_roundtrip_return_pct": 2.837653848122252,
  "max_drawdown_pct": -6.345452797657691,
  "dd_threshold": 1.0,
  "nk_threshold": -0.005,
  "ma_window": 5,
  "early_tp_buffer_pct": 2.5,
  "early_sl_buffer_pct": 2.5,
  "early_exit_enabled": true
}