{
  "variant": "tp6_sl3",
  "take_profit_pct": 6.0,
  "stop_loss_pct": 3.0,
  "dataset": "2025_2q_low_concentration",
  "final_capital": 3045631.5,
  "total_return_pct": 1.5210500000000016,
  "num_buys": 26,
  "max_drawdown_pct": -1.8367225856212643,
  "phase_pnl": {
    "capitulation_end": 3150.0,
    "crash": 10592.0,
    "downtrend": -8350.0,
    "normal": 33300.0,
    "settling": -3037.0,
    "stable": 18600.0,
    "uptrend": -8623.5
  }
}