{
  "mapping_name": "phase_adaptive_practical_v36",
  "mapping_ja": "実務向け局面切替v3.6_50万分割_post_major_crash価格集中ETF拡張",
  "dataset": "q3",
  "final_capital": 3227122.5271987915,
  "total_return_pct": 7.570750906626378,
  "num_buys": 70,
  "max_drawdown_pct": -10.08059405118279,
  "phase_pnl": {
    "downtrend": 0.0,
    "normal": -99786.22026824951,
    "settling": 80580.3996887207,
    "stable": 184299.73779296875,
    "uptrend": 62028.60998535156
  }
}