{
  "initial_capital": 3000000.0,
  "final_capital": 3222295.5,
  "total_return_pct": 7.409850000000007,
  "num_buys": 28,
  "num_roundtrips": 28,
  "win_rate_pct": 64.28571428571429,
  "avg_roundtrip_return_pct": 2.549057355486682,
  "max_drawdown_pct": -7.938988662875957,
  "dd_threshold": 2.0,
  "nk_threshold": -0.005,
  "ma_window": 10,
  "early_tp_buffer_pct": 1.0,
  "early_sl_buffer_pct": 3.0,
  "early_exit_enabled": true
}