{
  "mapping_name": "practical_phase_adaptive_v31_pre1_post5_except_crash",
  "mapping_ja": "実務向け局面切替v3.1_決算前1営業日_決算後5営業日見送り_crash除外",
  "earnings_pre_days": 1,
  "earnings_post_days": 5,
  "phase_shift_days": 1,
  "phase_proxy_mode": "lagged",
  "dataset": "q2_2024",
  "final_capital": 2816287.5506591797,
  "total_return_pct": -6.123748311360677,
  "num_buys": 50,
  "max_drawdown_pct": -11.250038856529265,
  "phase_pnl": {
    "capitulation_end": 27700.0,
    "crash": 179087.900390625,
    "high_vol": -344447.650390625,
    "normal": -64246.650390625,
    "overheated_range": -15901.19921875,
    "stable": 14295.150268554688,
    "surge": 0.0,
    "uptrend": 19800.0
  }
}