{
  "variant": "alloc50_post_major_unified_2516_or_lowshare_stock_prev_high_break_top2_tp6_sl3",
  "dataset": "q3",
  "concentrated_mode": "ETF 2516.T prev_high_break tp6/sl3",
  "dispersed_mode": "stock low-share sectors prev_high_break top2 tp6/sl3",
  "final_capital": 2920258.253662109,
  "total_return_pct": -2.658058211263037,
  "num_buys": 80,
  "max_drawdown_pct": -7.760997902946332,
  "phase_pnl": {
    "capitulation_end": 10489.0,
    "crash": 53963.0,
    "downtrend": -24899.799999999814,
    "normal": -53515.82509765681,
    "settling": -18376.600000000093,
    "stable": -1323.5,
    "uptrend": -46078.021240234375
  }
}