date,open,high,low,close,volume,ssa_40,price_to_ssa_gap,ssa_slope_3,ssa_slope_5,ssa_slope_20,ssa_curvature,trend_label_ja,trend_label_en,trend_score
2022-01-04,29098.41015625,29323.7890625,28954.560546875,29301.7890625,66000000,28570.51396791465,0.02559544764950994,0.01534727114362111,0.02284057557904462,-0.01527554409966192,0.03198026847729196,上昇トレンドへの転換期,transition_to_uptrend,3.0
2022-01-05,29288.80078125,29388.16015625,29204.44921875,29332.16015625,78600000,28722.96508031967,0.021209338041069392,0.015703281299643823,0.025975840747311185,-0.003868939190822096,0.02823275689022875,上昇トレンドへの転換期,transition_to_uptrend,3.0
2022-01-06,29136.75,29158.94921875,28487.869140625,28487.869140625,71600000,28767.0154872092,-0.009703695077729502,0.012713223834391885,0.022330599536500406,0.0013941402996577867,0.016629521734031094,上昇トレンド,uptrend,4.0
2022-01-07,28711.529296875,28813.08984375,28293.69921875,28478.560546875,75200000,28762.436909460797,-0.009869690926377017,0.0067175179894096715,0.017099086581773726,0.0029339447162770593,0.004577434566144012,上昇トレンド,uptrend,4.0
2022-01-11,28380.900390625,28473.470703125,28089.490234375,28222.48046875,73700000,28720.24229713983,-0.01733139376889592,-9.479464157780004e-05,0.011066621734663107,0.002854901062472992,-0.006442291939498412,上昇トレンド,uptrend,4.0
2022-01-12,28449.529296875,28814.310546875,28427.599609375,28765.66015625,72500000,28750.598568163172,0.0005238704179018061,-0.0005706855149198997,0.006303162780017191,0.006144489825027355,-0.01653741279902743,上昇トレンド,uptrend,4.0
2022-01-13,28658.220703125,28660.44921875,28444.9609375,28489.130859375,69900000,28755.75773552383,-0.009272121381779797,-0.00023221863842726176,0.0011416876743908233,0.00857640524857417,-0.024834153072920362,上昇トレンド,uptrend,4.0
2022-01-14,28246.990234375,28252.9609375,27889.2109375,28124.279296875,82100000,28724.202784578985,-0.020885644493014888,0.00013789881708459184,-0.001488256668448984,0.011088483190553111,-0.02381885620494939,下降トレンドへの転換期,transition_to_downtrend,2.0
2022-01-17,28332.720703125,28449.990234375,28274.1796875,28333.51953125,54500000,28718.757101600626,-0.01341414494324178,-0.001107506213724685,-0.00151864071871477,0.014622154968261247,-0.018617727300488496,下降トレンドへの転換期,transition_to_downtrend,2.0
2022-01-18,28451.33984375,28690.33984375,28129.66015625,28257.25,71300000,28672.66265712714,-0.014488108833655255,-0.0028896848819267573,-0.001656658725940785,0.014405595138636151,-0.012723280460603892,下降トレンドへの転換期,transition_to_downtrend,2.0
2022-01-19,27928.890625,27958.169921875,27314.41015625,27467.23046875,84300000,28547.81491786359,-0.03785173934406527,-0.006140740198718131,-0.007053197512351339,0.01268691526069099,-0.01335636029236853,下降トレンドへの転換期,transition_to_downtrend,2.0
2022-01-20,27401.4296875,27882.529296875,27217.58984375,27772.9296875,74000000,28506.033345369822,-0.02571749106540977,-0.00740713657900427,-0.008684326542559129,0.01592904997326894,-0.009826014216949952,下降トレンドへの転換期,transition_to_downtrend,2.0
2022-01-21,27404.359375,27586.419921875,27129.609375,27522.259765625,72700000,28437.979779706082,-0.03220060008392578,-0.008184900029252207,-0.009964523890165777,0.016398953940675698,-0.008476267221716793,下降トレンドへの転換期,transition_to_downtrend,2.0
2022-01-24,27258.44921875,27627.599609375,27203.330078125,27588.369140625,61000000,28346.20960884369,-0.02673516066790993,-0.007062022420978642,-0.012972270751096415,0.014931889778621699,-0.011453630032381645,下降トレンドへの転換期,transition_to_downtrend,2.0
2022-01-25,27466.8203125,27493.75,26890.939453125,27131.33984375,77000000,28199.0887014769,-0.03786465828844243,-0.01076770802075766,-0.016516567062966003,0.010101392670648579,-0.014859908337025218,下降トレンドへの転換期,transition_to_downtrend,2.0
2022-01-26,27105.98046875,27184.5390625,26858.6796875,27011.330078125,60500000,28033.303794356678,-0.03645570011043109,-0.014230124238227004,-0.018022784755584276,0.0036081472179014806,-0.010969587243232937,下降トレンドへの転換期,transition_to_downtrend,2.0
2022-01-27,27139.880859375,27193.58984375,26044.51953125,26170.30078125,88700000,27800.02195103813,-0.05862301737237552,-0.019268454771997345,-0.024767086524381976,-0.006991415605877349,-0.016082759981822847,下降トレンド,downtrend,1.0
2022-01-28,26429.849609375,26764.849609375,26289.689453125,26717.33984375,76000000,27611.381025464594,-0.03237944458084385,-0.020841371231316574,-0.029066718544872305,-0.0187386755381318,-0.019102194654706528,下降トレンド,downtrend,1.0
2022-01-31,26690.599609375,27134.5703125,26541.650390625,27001.98046875,78300000,27446.575792337208,-0.01619857161603866,-0.020929677298242022,-0.03173735850121584,-0.029432476251647022,-0.018765087750119425,下降トレンド,downtrend,1.0
2022-02-01,27167.140625,27410.7890625,27016.7109375,27078.48046875,81100000,27308.176310105035,-0.008411247926139898,-0.01769227527227646,-0.0315936589583905,-0.03864371052530802,-0.0150770918954245,下降トレンド,downtrend,1.0
2022-02-02,27302.990234375,27564.619140625,27289.16015625,27533.599609375,85200000,27198.612174156795,0.01231634294695727,-0.014949228759225108,-0.02977499999011579,-0.048018099894826194,-0.011752215234531516,下降トレンド,downtrend,1.0
2022-02-03,27330.9609375,27357.330078125,27165.9296875,27241.310546875,81100000,27043.483264734532,0.007315155381571792,-0.014686441421782548,-0.027213600321468245,-0.05847174241547515,-0.0024465137970862694,下降トレンド,downtrend,1.0
2022-02-04,27095.900390625,27455.98046875,27075.990234375,27439.990234375,79600000,26952.07743082007,0.018102975728208515,-0.013040009528325514,-0.023877965178072058,-0.06309094028875228,0.005188753366800247,下降トレンド,downtrend,1.0
2022-02-07,27327.630859375,27369.6796875,27085.3203125,27248.869140625,77100000,26885.613749477507,0.013511143711738782,-0.011507882191749808,-0.02043832524333744,-0.06525257807226859,0.0112990332578784,下降トレンド,downtrend,1.0
2022-02-08,27318.30078125,27461.330078125,27280.25,27284.51953125,76600000,26836.604885485776,0.016690436352717386,-0.007649842190208256,-0.01726850666497126,-0.06558570753567916,0.014325152293419241,下降トレンド,downtrend,1.0
2022-02-09,27488.650390625,27633.099609375,27405.880859375,27579.869140625,93500000,26801.52670680561,0.029040973759966837,-0.005585867152574475,-0.014599475326483091,-0.0677923924518169,0.0151755246636327,下降トレンド,downtrend,1.0
2022-02-10,27818.099609375,27880.69921875,27575.0703125,27696.080078125,82900000,26767.711926218828,0.03468238729051931,-0.00438531269389264,-0.010197330566337093,-0.0691355737376047,0.017016269755131153,下降トレンド,downtrend,1.0
2022-02-14,27305.919921875,27325.5,26947.650390625,27079.58984375,79800000,26709.72426578408,0.013847600008350947,-0.004727893868956556,-0.008992003145511074,-0.07013174687223722,0.014885962032560984,下降トレンド,downtrend,1.0
2022-02-15,27183.560546875,27205.19921875,26724.91015625,26865.189453125,76200000,26641.096471219505,0.00841155251052017,-0.005985861825750671,-0.00909472554863111,-0.07234507478965113,0.01134359969470633,下降トレンド,downtrend,1.0
2022-02-16,27269.05078125,27486.08984375,27227.240234375,27460.400390625,64100000,26623.048598821122,0.0314521377480772,-0.00540439645332591,-0.007957649172684822,-0.07148321322005113,0.00931085749228644,下降トレンド,downtrend,1.0
2022-02-17,27431.419921875,27438.740234375,27080.919921875,27232.869140625,67800000,26625.752479942083,0.022801859257884916,-0.0031438656949959176,-0.006558366200045351,-0.06732783028934353,0.00804110912643774,下降トレンド,downtrend,1.0
2022-02-18,26895.16015625,27216.16015625,26792.5390625,27122.0703125,63500000,26639.757947190767,0.018104983020692078,-5.0242828037672105e-05,-0.004780161239808178,-0.06546948765434568,0.0054171693265289145,下降トレンド,downtrend,1.0
2022-02-21,26771.580078125,26998.470703125,26549.0,26910.869140625,52900000,26633.223962875454,0.010424767881521246,0.00038220131013777525,-0.00286413675212005,-0.06346287010579199,0.006127866393391024,下降トレンド,downtrend,1.0
2022-02-22,26515.44921875,26550.140625,26243.73046875,26449.609375,67300000,26592.44521440905,-0.005371293924172682,-0.0012509417549090296,-0.0018261732156187316,-0.06186944987126197,0.007268552333012379,下降トレンド,downtrend,1.0
2022-02-24,26281.349609375,26357.580078125,25775.640625,25970.8203125,93500000,26526.83318272592,-0.020960393816929157,-0.004238956100453328,-0.0036139894249174187,-0.05930175745939603,0.004343659747767403,下降トレンド,downtrend,1.0
2022-02-25,26213.19921875,26481.599609375,26160.189453125,26476.5,77600000,26533.857399654462,-0.002161668346616241,-0.003730925079122982,-0.0034513608716542077,-0.05348803714687622,0.0031070053283911436,下降トレンド,downtrend,1.0
2022-02-28,26457.51953125,26644.560546875,26262.630859375,26526.8203125,91100000,26588.792409440575,-0.0023307601182583904,-0.00013736250799889493,-0.0019131381693190397,-0.04356937356850976,0.0028670230704891386,下降トレンド,downtrend,1.0
2022-03-01,26836.740234375,27013.259765625,26821.75,26844.720703125,74000000,26680.80826735622,0.006143458403744306,0.0058045030693889554,0.00178665206086559,-0.03370250684854026,0.00465078881298564,上昇トレンドへの転換期,transition_to_uptrend,3.0
2022-03-02,26532.19921875,26585.30078125,26313.720703125,26393.029296875,87700000,26685.07459141042,-0.010944143833475528,0.005699027829927372,0.0034832967128264336,-0.02774485264349047,0.005309469928445165,上昇トレンドへの転換期,transition_to_uptrend,3.0
2022-03-03,26628.869140625,26704.849609375,26496.720703125,26577.26953125,74800000,26685.840530767073,-0.00406848715864494,0.0036499634820585936,0.005994207712087363,-0.022789357014209477,0.009608197137004781,上昇トレンドへの転換期,transition_to_uptrend,3.0
2022-03-04,26421.849609375,26421.849609375,25774.279296875,25985.470703125,93500000,26603.010579693564,-0.023213157575479038,-0.00291586697385926,0.0026062241534472452,-0.021898234757328994,0.006057585025101453,上昇トレンドへの転換期,transition_to_uptrend,3.0
2022-03-07,25634.08984375,25640.41015625,25006.259765625,25221.41015625,105400000,26440.91824206339,-0.04612200206698358,-0.009149547193906593,-0.005561522505425298,-0.022281339159327285,-0.0036483843361062585,下降トレンド,downtrend,1.0
2022-03-08,24974.349609375,25291.330078125,24767.330078125,24790.94921875,114700000,26243.537196111094,-0.0553503122123471,-0.01657445768462984,-0.016388973934501228,-0.026288891330460196,-0.018175625995366818,下降トレンド,downtrend,1.0
2022-03-09,24876.490234375,25084.080078125,24681.740234375,24717.529296875,91500000,26043.008750043085,-0.050895788036238065,-0.021050317894394044,-0.02406085990758322,-0.03134036690721986,-0.027544156620409654,下降トレンド,downtrend,1.0
2022-03-10,25108.470703125,25720.310546875,25099.849609375,25690.400390625,95200000,25941.52627962271,-0.009680459287199739,-0.018887088484174752,-0.027891729709102253,-0.033352900252563544,-0.033885937421189616,下降トレンド,downtrend,1.0
2022-03-11,25495.029296875,25503.650390625,24966.5,25162.779296875,89600000,25777.535022063403,-0.023848507029947674,-0.017756835542609206,-0.031029403802149247,-0.038206468457716136,-0.03363562795559649,下降トレンド,downtrend,1.0
2022-03-14,25338.640625,25631.009765625,25299.640625,25307.849609375,72600000,25609.773235268534,-0.01178939083606334,-0.016635386446039346,-0.0314340447327065,-0.04325878484279788,-0.025872522227281203,下降トレンド,downtrend,1.0
2022-03-15,25228.529296875,25441.669921875,25219.130859375,25346.48046875,73200000,25472.48013504323,-0.004946501700079486,-0.01808090007980445,-0.029380835948521478,-0.046321860848477336,-0.01299186201402025,下降トレンド,downtrend,1.0
2022-03-16,25574.900390625,25824.939453125,25470.4609375,25762.009765625,82300000,25413.042096662815,0.013731833742486543,-0.01413994492059123,-0.024189472861088968,-0.04609623991577683,-0.00012861295350574675,下降トレンド,downtrend,1.0
2022-03-17,26170.380859375,26702.939453125,26152.890625,26652.890625,89600000,25415.014495651812,0.048706489211720605,-0.007604859981677259,-0.020296098937882423,-0.04537549855288936,0.00759563077121983,下降トレンド,downtrend,1.0
2022-03-18,26649.5,26862.4296875,26592.98046875,26827.4296875,108200000,25415.638610712936,0.05554812524726338,-0.0022314876301383624,-0.01403921713386147,-0.045449001681389434,0.016990186668287777,下降トレンド,downtrend,1.0
2022-03-22,27091.3203125,27284.470703125,27076.330078125,27224.109375,98000000,25469.07561835273,0.06890841987930707,0.002204912008439752,-0.005493903269789269,-0.04394493114985254,0.025940141462917232,下降トレンド,downtrend,1.0
2022-03-23,27606.7890625,28056.19921875,27604.369140625,28040.16015625,88200000,25611.924004499157,0.09480881449297929,0.0077477629958082606,0.005474294953481396,-0.03834683926361704,0.03485513090200287,上昇トレンドへの転換期,transition_to_uptrend,3.0
2022-03-24,27693.76953125,28110.390625,27624.619140625,28110.390625,71600000,25791.62527834147,0.08990380876096671,0.014793516440309018,0.014897200431126967,-0.030114565607289756,0.039086673292215934,上昇トレンドへの転換期,transition_to_uptrend,3.0
2022-03-25,28338.810546875,28338.810546875,27946.7890625,28149.83984375,67400000,26016.193464114887,0.08201224297390519,0.021481653043108784,0.02365448064434239,-0.01924993138432962,0.043950579582224814,上昇トレンドへの転換期,transition_to_uptrend,3.0
2022-03-28,28084.080078125,28084.080078125,27812.669921875,27943.890625,65300000,26214.80273687175,0.06595845505624376,0.02353898646063013,0.03144379483826776,-0.012024435722899018,0.04548301197212923,上昇トレンドへの転換期,transition_to_uptrend,3.0
2022-03-29,28173.4296875,28252.419921875,28063.919921875,28252.419921875,77700000,26413.006593148843,0.06964043726863256,0.024092367506951096,0.03706184664652401,-0.006611274915566234,0.04255574991631328,上昇トレンドへの転換期,transition_to_uptrend,3.0
2022-03-30,28250.80078125,28281.44921875,27736.26953125,28027.25,83400000,26570.386170073547,0.05483035965684735,0.021301836747296576,0.03742249763844452,-0.004138633889055554,0.03194820268496312,上昇トレンドへの転換期,transition_to_uptrend,3.0
2022-03-31,27809.970703125,28101.6796875,27763.9609375,27821.4296875,78600000,26713.23149024735,0.041484992096790574,0.019013255921798367,0.035732769918916274,0.0010551553356346055,0.020835569487789307,上昇トレンド,uptrend,4.0
2022-04-01,27624.109375,27738.310546875,27399.48046875,27665.98046875,66800000,26850.100949172112,0.03038646004059231,0.016548451403356923,0.032053401132931425,0.00615533987830208,0.008398920488589035,上昇トレンド,uptrend,4.0
2022-04-04,27685.650390625,27754.240234375,27578.810546875,27736.470703125,50300000,27010.581184815448,0.026874265064597225,0.016567128980522483,0.03035607232796056,0.015320469234147094,-0.0010877225103071986,上昇トレンド,uptrend,4.0
2022-04-05,27965.939453125,27965.939453125,27662.279296875,27787.98046875,64300000,27234.97353679355,0.02030502916440713,0.019531221699504275,0.031119779595932595,0.030031305549250487,-0.005942067050591415,上昇トレンド,uptrend,4.0
2022-04-06,27533.880859375,27549.669921875,27214.609375,27350.30078125,68700000,27463.51371331287,-0.0041223032582312635,0.022845827108879835,0.03361364556474755,0.046486741024474254,-0.0038088520736969667,上昇トレンド,uptrend,4.0
2022-04-07,27032.419921875,27042.490234375,26801.7890625,26888.5703125,71100000,27656.883185467108,-0.02778016842370845,0.02392773395838632,0.03532525428697286,0.061969584655665155,-0.00040751563194341145,上昇トレンド,uptrend,4.0
2022-04-08,27097.05078125,27185.23046875,26764.359375,26985.80078125,78100000,27803.044578355704,-0.029394039735558986,0.02085814553095533,0.03549124939930537,0.07175824115619722,0.003437848266373944,上昇トレンド,uptrend,4.0
2022-04-11,26877.599609375,27004.5,26720.4609375,26821.51953125,73500000,27902.347070426982,-0.03873607967275716,0.015978776848986742,0.033015427528559016,0.08242882985300648,0.0026593552005984566,上昇トレンド,uptrend,4.0
2022-04-12,26606.869140625,26674.859375,26304.080078125,26334.98046875,75300000,27960.06361219675,-0.0581215824823037,0.01096220512978685,0.02662349109403861,0.09177318187618755,-0.004496288501893986,上昇トレンド,uptrend,4.0
2022-04-13,26436.060546875,26885.869140625,26429.470703125,26843.490234375,71600000,28050.11045146164,-0.04301659414762726,0.008886288421027011,0.02135912921675498,0.10119275008766371,-0.012254516347992572,上昇トレンド,uptrend,4.0
2022-04-14,26925.640625,27200.890625,26890.6796875,27172.0,61800000,28142.369859255632,-0.034480744305067534,0.008602243683042854,0.017553918513986133,0.10739870308369048,-0.01777133577298673,上昇トレンド,uptrend,4.0
2022-04-15,26932.48046875,27203.76953125,26784.919921875,27093.189453125,51500000,28157.59268374837,-0.0378016417304633,0.0070646860569176795,0.012752132393035742,0.10791173023197675,-0.022739117006269627,上昇トレンド,uptrend,4.0
2022-04-18,26831.44921875,26851.80078125,26571.380859375,26799.7109375,48300000,28090.063733912153,-0.0459362715811269,0.0014243538370248832,0.006727629866095652,0.10522753979008503,-0.026287797662463364,上昇トレンド,uptrend,4.0
2022-04-19,27096.490234375,27100.58984375,26777.7109375,26985.08984375,60500000,28014.142506542066,-0.03673332719542477,-0.004556380765189716,0.0019341477578658228,0.09992772907531,-0.024689343336172787,上昇トレンド,uptrend,4.0
2022-04-20,27210.7890625,27389.83984375,27066.1796875,27217.849609375,72300000,27906.132901836034,-0.024664230435731516,-0.008930443192946336,-0.005132869258206663,0.08957581230265488,-0.026491998474961642,下降トレンドへの転換期,transition_to_downtrend,2.0
2022-04-21,27259.140625,27580.640625,27252.830078125,27553.060546875,62300000,27795.372000780968,-0.00871769062486949,-0.010490959932405342,-0.0123300866348518,0.07768981988592016,-0.029884005148837933,下降トレンドへの転換期,transition_to_downtrend,2.0
2022-04-22,27197.80078125,27205.830078125,26904.380859375,27105.259765625,58500000,27641.88480885078,-0.01941347512793179,-0.013288206041086381,-0.0183150555762972,0.06248767126437116,-0.031067187969332943,下降トレンドへの転換期,transition_to_downtrend,2.0
2022-04-25,26692.48046875,26764.48046875,26487.83984375,26590.779296875,62700000,27455.093454818914,-0.0314810131448382,-0.01616273557514103,-0.022604800227870703,0.04731260923061109,-0.029332430093966355,下降トレンドへの転換期,transition_to_downtrend,2.0
2022-04-26,26743.2109375,26808.990234375,26592.990234375,26700.109375,64300000,27281.999237861557,-0.021328710472728774,-0.018469720891124863,-0.02613477348127058,0.0329001789950758,-0.028068921239136402,下降トレンドへの転換期,transition_to_downtrend,2.0
2022-04-27,26313.140625,26406.619140625,26051.0390625,26386.630859375,97300000,27083.934795788915,-0.025746035119030508,-0.02018494820162242,-0.029462989692599972,0.01932785705214113,-0.02433012043439331,下降トレンドへの転換期,transition_to_downtrend,2.0
2022-04-28,26430.279296875,26876.94921875,26348.359375,26847.900390625,86700000,26957.153062814305,-0.00405282679275254,-0.018136539685215003,-0.030156780702309427,0.009131114393853945,-0.017826694067457627,下降トレンドへの転換期,transition_to_downtrend,2.0
2022-05-02,26851.099609375,26964.58984375,26610.859375,26818.529296875,74500000,26850.17203106682,-0.0011784927915995391,-0.01582828307521733,-0.028641779793918354,2.6473604268772988e-06,-0.010326724217621153,下降トレンドへの転換期,transition_to_downtrend,2.0
2022-05-06,26784.2890625,27072.58984375,26543.2890625,27003.560546875,98500000,26769.08113863801,0.008759337200354933,-0.011625107633912224,-0.02498670482800691,-0.008940942237600003,-0.0023819046001362087,下降トレンド,downtrend,1.0
2022-05-09,26705.3203125,26732.609375,26309.220703125,26319.33984375,79500000,26623.94051452239,-0.011440856044815817,-0.012360821171118364,-0.024120619519185538,-0.02243560183547355,0.0020141539620850413,下降トレンド,downtrend,1.0
2022-05-10,26149.060546875,26246.630859375,25773.830078125,26167.099609375,80800000,26491.801916505556,-0.01225670900582465,-0.013347032344769194,-0.02186288232297129,-0.03538191824071946,0.007600107369628684,下降トレンド,downtrend,1.0
2022-05-11,26045.380859375,26290.619140625,26003.259765625,26213.640625,85900000,26414.225251171054,-0.0075938106934315686,-0.013256184836122786,-0.02014039874233553,-0.0449312355974022,0.010016381959973897,下降トレンド,downtrend,1.0
2022-05-12,25945.0390625,26028.359375,25688.109375,25748.720703125,91200000,26317.09608984546,-0.021597192364235518,-0.011525131845511627,-0.01985372535433172,-0.05344553127347185,0.008788054439586634,下降トレンド,downtrend,1.0
2022-05-13,25918.80078125,26479.9296875,25904.400390625,26427.650390625,103800000,26291.46205610218,0.005179945270149533,-0.007562334228331746,-0.01784219189527736,-0.05773295738379447,0.007144512932729552,下降トレンド,downtrend,1.0
2022-05-16,26753.369140625,26836.9609375,26438.609375,26547.05078125,87000000,26312.140248925094,0.008927838256506115,-0.003864773669310373,-0.011711274122897741,-0.05893846974485417,0.012409345396287796,下降トレンド,downtrend,1.0
2022-05-17,26555.23046875,26709.259765625,26440.619140625,26659.75,78900000,26344.31764413406,0.01197344945983736,0.001034367705147421,-0.005567166508202215,-0.060812338342813854,0.016295715814769074,下降トレンド,downtrend,1.0
2022-05-18,26826.8203125,27053.1796875,26741.33984375,26911.19921875,74700000,26364.279755743693,0.020744714745607906,0.0027696329510367157,-0.0018908559669054137,-0.0631819605955164,0.018249542775430116,下降トレンド,downtrend,1.0
2022-05-19,26435.3203125,26458.849609375,26150.08984375,26402.83984375,74500000,26329.199032398497,0.0027969256209003923,0.0006483236753840327,0.0004598889828770769,-0.0649343028676298,0.020313614337208796,上昇トレンドへの転換期,transition_to_uptrend,3.0
2022-05-20,26448.23046875,26769.19921875,26426.990234375,26739.029296875,76300000,26345.776530516774,0.01492659614351144,5.537764926843991e-05,0.0020658597950427016,-0.06209623516409335,0.01990805169032006,上昇トレンドへの転換期,transition_to_uptrend,3.0
2022-05-23,26991.419921875,27047.470703125,26832.650390625,27001.51953125,65000000,26392.292420077534,0.023083523836262332,0.0010625234064183253,0.0030462049226769317,-0.05789397573335631,0.014757479045574673,上昇トレンドへの転換期,transition_to_uptrend,3.0
2022-05-24,27005.4296875,27005.4296875,26736.009765625,26748.140625,67400000,26394.72311520626,0.013389703246787787,0.00248864702367646,0.0019133337121535199,-0.054160488375310956,0.007480500220355735,上昇トレンドへの転換期,transition_to_uptrend,3.0
2022-05-25,26711.529296875,26795.890625,26578.029296875,26677.80078125,72300000,26362.415988281613,0.011963425245568482,0.0006315797048368488,-7.069290264505312e-05,-0.051553762707658435,0.0018201630642603606,下降トレンド,downtrend,1.0
2022-05-26,26685.01953125,26898.75,26597.970703125,26604.83984375,64500000,26329.40964772015,0.010460933219355262,-0.0023826188099351775,7.999306070427536e-06,-0.04748139174324262,-0.0004518896768066494,上昇トレンドへの転換期,transition_to_uptrend,3.0
2022-05-27,26947.80078125,26996.69921875,26731.599609375,26781.6796875,69300000,26357.876530516347,0.016078805001343177,-0.0013959829974001803,0.00045927665049294575,-0.03996405716513718,-0.0016065831445497558,上昇トレンドへの転換期,transition_to_uptrend,3.0
2022-05-30,27092.8203125,27401.240234375,27057.19921875,27369.4296875,97000000,26457.62343857678,0.034462893125682514,0.0036114842561276728,0.00247538248892476,-0.030216839759335645,-0.0005708224337521717,上昇トレンドへの転換期,transition_to_uptrend,3.0
2022-05-31,27318.08984375,27463.330078125,27250.69921875,27279.80078125,141800000,26553.947478417267,0.027335043251957014,0.008528023746121605,0.00603243165370726,-0.01956832791718477,0.00411909794155374,上昇トレンドへの転換期,transition_to_uptrend,3.0
2022-06-01,27295.630859375,27482.310546875,27295.419921875,27457.890625,75800000,26654.4201333333,0.030143986912771092,0.01125066362890137,0.011076532028835517,-0.011230152114935499,0.01114722493148057,上昇トレンドへの転換期,transition_to_uptrend,3.0
2022-06-02,27340.51953125,27450.470703125,27251.240234375,27413.880859375,63600000,26726.482639704514,0.025719741311911237,0.010161880251713162,0.015080968289721941,-0.004606651727191657,0.015072968983651513,上昇トレンドへの転換期,transition_to_uptrend,3.0
2022-06-03,27660.619140625,27776.330078125,27614.859375,27761.5703125,63700000,26821.089277479485,0.035064982830887326,0.010060342225175711,0.017573978177902294,0.0019428436326269782,0.01711470152740935,上昇トレンド,uptrend,4.0
2022-06-06,27549.640625,27979.5390625,27523.94921875,27915.890625,56800000,26951.410955384807,0.03578586928943306,0.011142272860031,0.01866333603070558,0.012299848727644003,0.01618795354178082,上昇トレンド,uptrend,4.0
2022-06-07,27984.7890625,28094.73046875,27863.380859375,27943.94921875,68300000,27117.862387725658,0.030462829968421534,0.014643892849548257,0.021236575457066476,0.0236322343490738,0.015204143803359216,上昇トレンド,uptrend,4.0
2022-06-08,28100.259765625,28234.2890625,28089.779296875,28234.2890625,78700000,27310.921295829186,0.033809469723448116,0.01826294276425955,0.024630104846095735,0.03394746717465735,0.013553572817260218,上昇トレンド,uptrend,4.0
2022-06-09,28189.349609375,28389.75,28189.349609375,28246.529296875,80300000,27519.240805525893,0.02642836321280595,0.021068650212082263,0.029661896647921404,0.04567923115743322,0.014580928358199463,上昇トレンド,uptrend,4.0
2022-06-10,27996.349609375,28044.44921875,27795.169921875,27824.2890625,79700000,27666.77912134161,0.0056931072629589075,0.020241888013430076,0.03153077919815184,0.05231040640892104,0.013956801020249543,上昇トレンド,uptrend,4.0
2022-06-13,27369.66015625,27389.30078125,26948.220703125,26987.439453125,71400000,27688.758975441695,-0.025328673016321357,0.013834673518326568,0.02735841998318711,0.052318766679302575,0.00869508395248153,上昇トレンド,uptrend,4.0
2022-06-14,26555.75,26657.919921875,26357.900390625,26629.859375,75000000,27663.862564314542,-0.03737739756733649,0.0052552960966716356,0.020134336872954295,0.05008840760293132,-0.0011022385841121807,上昇トレンド,uptrend,4.0
2022-06-15,26625.6796875,26638.759765625,26321.6796875,26326.16015625,72700000,27591.58276379148,-0.04586263203436447,-0.0027179295869725895,0.010276528752809044,0.04655173664588386,-0.01435357609328669,上昇トレンド,uptrend,4.0
2022-06-16,26715.51953125,26947.69921875,26431.19921875,26431.19921875,67800000,27543.011514328628,-0.04036640274431258,-0.00526377730552452,0.0008637850502750677,0.04610138274379394,-0.028798111597646336,上昇トレンド,uptrend,4.0
2022-06-17,25988.19921875,26072.349609375,25720.80078125,25963.0,115200000,27455.770646574754,-0.05437001444215461,-0.007522157011010444,-0.00762678134095085,0.04213176691802012,-0.03915756053910269,下降トレンドへの転換期,transition_to_downtrend,2.0
2022-06-20,26156.619140625,26156.619140625,25520.23046875,25771.220703125,72200000,27323.965402085607,-0.056827209232305886,-0.009699239220776756,-0.013174789584453284,0.03530094950370111,-0.040533209567640394,下降トレンドへの転換期,transition_to_downtrend,2.0
2022-06-21,26070.919921875,26418.83984375,25972.279296875,26246.310546875,65400000,27241.335971825145,-0.0365263078866348,-0.010952888806169292,-0.015273593537673325,0.032075080042462956,-0.03540793041062762,下降トレンドへの転換期,transition_to_downtrend,2.0
2022-06-22,26441.720703125,26462.830078125,26149.169921875,26149.55078125,66400000,27165.284605874815,-0.03739087734074942,-0.010580145224813764,-0.015450297344888009,0.030455046986212597,-0.025726826097697053,下降トレンドへの転換期,transition_to_downtrend,2.0
2022-06-23,26134.890625,26401.970703125,26039.5703125,26171.25,65700000,27097.68178456962,-0.03418859930288076,-0.008281507247799191,-0.016168519899406597,0.029179239000370005,-0.017032304949681665,下降トレンドへの転換期,transition_to_downtrend,2.0
2022-06-24,26228.419921875,26519.16015625,26148.560546875,26491.970703125,72600000,27056.014242109013,-0.020847251702956204,-0.006802960394739932,-0.01456001398072626,0.026486872369418046,-0.006933232639775411,下降トレンドへの転換期,transition_to_downtrend,2.0
2022-06-27,26741.80078125,26938.4296875,26665.439453125,26871.26953125,65800000,27015.90762218312,-0.005353812019047499,-0.0054988190206330945,-0.01127427060345254,0.021101070733070104,0.0019005189810007428,下降トレンドへの転換期,transition_to_downtrend,2.0
2022-06-28,26795.6796875,27062.310546875,26789.5,27049.470703125,73400000,26972.245576429526,0.0028631330111779096,-0.004629038348642922,-0.009878017571308906,0.015752765134157354,0.005395575966364419,下降トレンドへの転換期,transition_to_downtrend,2.0
2022-06-29,26814.23046875,26858.6796875,26687.470703125,26804.599609375,101100000,26903.827922140496,-0.003688260014621747,-0.005624861023752037,-0.009624662046712973,0.009357089276734731,0.005825635298175036,下降トレンドへの転換期,transition_to_downtrend,2.0
2022-06-30,26753.279296875,26753.279296875,26324.310546875,26393.0390625,86100000,26793.36549470231,-0.014941252239531577,-0.00823744775089763,-0.011230344067314268,0.002502493721281418,0.004938175832092329,下降トレンドへの転換期,transition_to_downtrend,2.0
2022-07-01,26460.7109375,26531.240234375,25841.75,25935.619140625,81700000,26629.805598107276,-0.026068025728720134,-0.012696012920092259,-0.015752824499123852,-0.007131838583931849,-0.0011928105183975912,下降トレンド,downtrend,1.0
2022-07-04,26086.779296875,26258.859375,25945.830078125,26153.810546875,68700000,26469.66243943367,-0.011932599944611377,-0.016137684346008263,-0.02021939038246201,-0.01787470484378806,-0.00894511977900947,下降トレンド,downtrend,1.0
2022-07-05,26386.23046875,26532.509765625,26294.83984375,26423.470703125,62800000,26333.7913150584,0.003405487155027309,-0.01715253650142534,-0.023670786311135283,-0.028913454219096302,-0.013792768739826378,下降トレンド,downtrend,1.0
2022-07-06,26190.400390625,26298.9609375,26051.189453125,26107.650390625,89700000,26160.991660606254,-0.0020389620803853425,-0.017604857676255192,-0.027610801841433275,-0.042105120613362246,-0.0179861397947203,下降トレンド,downtrend,1.0
2022-07-07,26280.939453125,26533.650390625,26136.990234375,26490.529296875,80700000,26018.2498652532,0.01815185241389039,-0.017053960367396592,-0.028929386627535414,-0.05454332664479944,-0.017699042560221145,下降トレンド,downtrend,1.0
2022-07-08,26623.849609375,26881.75,26510.529296875,26517.189453125,89300000,25906.17279374997,0.023585755574147882,-0.016238395610885803,-0.02717379222658456,-0.06363611462938745,-0.011420967727460707,下降トレンド,downtrend,1.0
2022-07-11,26892.73046875,27062.169921875,26710.58984375,26812.30078125,68500000,25886.29696538537,0.03577196912725156,-0.010500163708798804,-0.02203902204582786,-0.06509724800793726,-0.0018196316633658505,下降トレンド,downtrend,1.0
2022-07-12,26701.0,26718.669921875,26278.279296875,26336.66015625,64400000,25880.669555302404,0.01761896460882606,-0.005287838754079011,-0.017206856177100827,-0.06445929251081506,0.006463930134034457,下降トレンド,downtrend,1.0
2022-07-13,26403.7890625,26543.0703125,26389.099609375,26478.76953125,54100000,25920.21706287588,0.02154891168616424,0.0005421205686273467,-0.009203573047001035,-0.060575202054335975,0.01840722879443224,下降トレンド,downtrend,1.0
2022-07-14,26357.3203125,26713.0703125,26312.7890625,26643.390625,60600000,25983.05927513302,0.025413918464133545,0.003737974182906001,-0.0013525348669657378,-0.056636952657993844,0.027576851760569676,下降トレンド,downtrend,1.0
2022-07-15,26736.080078125,26857.76953125,26571.380859375,26788.470703125,65500000,26076.83334359336,0.02729002214935261,0.007579548429834437,0.006587640374442483,-0.05022395185084427,0.03376143260102704,上昇トレンドへの転換期,transition_to_uptrend,3.0
2022-07-19,27003.830078125,27043.580078125,26791.7109375,26961.6796875,59400000,26215.360230032307,0.028468785128983543,0.011386600908491085,0.012711870882380572,-0.0405726312319471,0.03475089292820843,上昇トレンドへの転換期,transition_to_uptrend,3.0
2022-07-20,27295.94921875,27692.849609375,27295.94921875,27680.259765625,66700000,26403.207743255687,0.04836730577539461,0.016170092354165888,0.020190288618179286,-0.030766781388266273,0.03739714479528011,上昇トレンドへの転換期,transition_to_uptrend,3.0
2022-07-21,27627.880859375,27803.0,27549.560546875,27803.0,56700000,26581.351529296193,0.04595885462623617,0.019347371632713495,0.025506517357341885,-0.021495562628942255,0.03471009040434292,上昇トレンドへの転換期,transition_to_uptrend,3.0
2022-07-22,27773.140625,27952.25,27701.25,27914.66015625,60100000,26769.89336450491,0.04276321822271334,0.02115298548662814,0.030282580701531447,-0.01209654843062491,0.031635115568497185,上昇トレンドへの転換期,transition_to_uptrend,3.0
2022-07-25,27697.76953125,27848.58984375,27663.16015625,27699.25,46500000,26917.04659547233,0.029059778224675092,0.019461228242159123,0.032220678055811414,-0.005136294111658168,0.02563303768136893,上昇トレンドへの転換期,transition_to_uptrend,3.0
2022-07-26,27682.19921875,27715.779296875,27538.390625,27655.2109375,50000000,27022.935717376422,0.02339772505609039,0.01661255589632238,0.0308054316346551,0.0002601465511204992,0.01809356075227453,上昇トレンド,uptrend,4.0
2022-07-27,27575.16015625,27772.970703125,27525.08984375,27715.75,51100000,27104.728654774022,0.022542979603610958,0.012507905269173891,0.02656953345744628,0.004911829753629027,0.006379244839266995,上昇トレンド,uptrend,4.0
2022-07-28,27909.150390625,28015.6796875,27651.990234375,27815.48046875,83500000,27197.489561995342,0.022722351095897153,0.010418786679597503,0.02317933427952612,0.010915236326395794,-0.0023271830778157643,上昇トレンド,uptrend,4.0
2022-07-29,27915.220703125,28001.80078125,27725.240234375,27801.640625,79300000,27316.98120908599,0.017742056203223777,0.010881330392259692,0.020436683745123974,0.01954273771569337,-0.009845896956407474,上昇トレンド,uptrend,4.0
2022-08-01,27813.8203125,27993.349609375,27751.58984375,27993.349609375,71900000,27491.720797147125,0.018246541056096133,0.014277661558694144,0.021349823786813937,0.03236655993842885,-0.010870854268997476,上昇トレンド,uptrend,4.0
2022-08-02,27812.48046875,27830.580078125,27530.599609375,27594.73046875,71800000,27629.165704773408,-0.0012463364399547538,0.015871911331892585,0.02243390554369573,0.043804988748641804,-0.00837152609095937,上昇トレンド,uptrend,4.0
2022-08-03,27673.0,27837.630859375,27634.650390625,27741.900390625,72300000,27749.073518692345,-0.00025849973198255327,0.015817718154839122,0.023772415216738674,0.05374395910947505,-0.002797118240707608,上昇トレンド,uptrend,4.0
2022-08-04,27930.939453125,28005.58984375,27870.05078125,27932.19921875,83100000,27882.526053952937,0.0017815159466163522,0.014215379957094765,0.025187489837842802,0.06580539513488715,0.002008155558316682,上昇トレンド,uptrend,4.0
2022-08-05,27915.060546875,28190.0390625,27910.220703125,28175.869140625,71300000,28026.695147906834,0.0053225680705812906,0.014388036446020713,0.025980687008884562,0.0771937118390067,0.0055440032637605885,上昇トレンド,uptrend,4.0
2022-08-08,28050.08984375,28279.119140625,28047.080078125,28249.240234375,66100000,28149.35943563201,0.0035482441073440008,0.014425199337557038,0.023921334111363768,0.08658888596710135,0.0025715103245498305,上昇トレンド,uptrend,4.0
2022-08-09,28236.83984375,28257.33984375,27966.91015625,27999.9609375,64900000,28223.692832843764,-0.00792709503567901,0.01223586335867366,0.021518099186311757,0.09029471733959915,-0.0009158063573839748,上昇トレンド,uptrend,4.0
2022-08-10,27955.109375,27964.9609375,27729.4609375,27819.330078125,59900000,28284.83816555366,-0.016457866391315412,0.009210612106939964,0.01930747873439498,0.09289437451044202,-0.0044649364823436954,上昇トレンド,uptrend,4.0
2022-08-12,28251.740234375,28546.98046875,28207.859375,28546.98046875,89600000,28429.999419418968,0.004114704597958152,0.009969675666285926,0.019634998794824554,0.09682721215084711,-0.005552491043018248,上昇トレンド,uptrend,4.0
2022-08-15,28623.779296875,28897.0703125,28623.779296875,28871.779296875,53700000,28587.8488401444,0.009931858053338072,0.012902493286664152,0.020022114247725487,0.1002495332604767,-0.0059585727611590755,上昇トレンド,uptrend,4.0
2022-08-16,28829.529296875,28928.16015625,28752.880859375,28868.91015625,50100000,28725.03886381241,0.005008567372865702,0.015563133000168206,0.020450889104485004,0.10155395347762464,-0.003470445006878764,上昇トレンド,uptrend,4.0
2022-08-17,28952.650390625,29222.76953125,28944.7109375,29222.76953125,66600000,28879.05117833987,0.01190199604507547,0.015794997118929954,0.023220148737356894,0.10160802388120671,0.0017020495510451372,上昇トレンド,uptrend,4.0
2022-08-18,28957.400390625,28999.640625,28846.51953125,28942.140625,47400000,28958.935563959578,-0.0005799570541010768,0.012980575274837758,0.023832464391712715,0.09679611074365435,0.004524985657317737,上昇トレンド,uptrend,4.0
2022-08-19,29095.7109375,29150.80078125,28913.05078125,28930.330078125,48400000,28997.61542809201,-0.002320375278231479,0.009489162593370404,0.019965389386724208,0.09090071647157494,0.00033039059189965414,上昇トレンド,uptrend,4.0
2022-08-22,28654.0703125,28828.2109375,28586.359375,28794.5,49200000,29012.565224126847,-0.007516233826352692,0.004623214418038701,0.014856535248851666,0.08377589813620889,-0.005165578998873821,上昇トレンド,uptrend,4.0
2022-08-23,28580.19921875,28580.19921875,28395.30078125,28452.75,55700000,29000.236737296455,-0.018878698896700574,0.0014261979086094279,0.009580417794690543,0.07739296859465017,-0.01087047130979446,上昇トレンド,uptrend,4.0
2022-08-24,28481.33984375,28515.609375,28282.2109375,28313.470703125,62000000,28987.628743674308,-0.023256750198873077,-0.000344396746776221,0.0037597345101101354,0.0727046478904414,-0.01946041422724676,上昇トレンド,uptrend,4.0
2022-08-25,28415.109375,28534.7109375,28357.029296875,28479.009765625,53700000,28991.33169120278,-0.017671555450943344,-0.0007318736816284144,0.0011186919205525836,0.06960420303253856,-0.022713772471160132,上昇トレンド,uptrend,4.0
2022-08-26,28639.470703125,28792.9296875,28608.69921875,28641.380859375,49100000,29003.54697311212,-0.012486959407856824,0.00011414513080199029,0.0002045528548655362,0.06640529843756204,-0.019760836531858672,上昇トレンド,uptrend,4.0
2022-08-29,28161.060546875,28179.08984375,27788.119140625,27878.9609375,64100000,28936.70087891782,-0.03655357761217526,-0.0017568827449399027,-0.002614878919632302,0.05929350895087526,-0.017471414168483967,下降トレンドへの転換期,transition_to_downtrend,2.0
2022-08-30,28086.720703125,28233.80078125,27944.25,28195.580078125,60700000,28896.672594068667,-0.02426205002189674,-0.003265082754471682,-0.003571148200131602,0.05110454188329072,-0.013151565994822145,下降トレンドへの転換期,transition_to_downtrend,2.0
2022-08-31,27928.08984375,28104.80078125,27906.169921875,28091.529296875,86200000,28860.900089392635,-0.026657893209657946,-0.004918256510202945,-0.004371818592071919,0.04458094745895358,-0.008131553102182054,下降トレンドへの転換期,transition_to_downtrend,2.0
2022-09-01,27797.0,27832.779296875,27589.69921875,27661.470703125,68900000,28797.437684784843,-0.03944680752829732,-0.004812683889421576,-0.0066879993124555615,0.037780150223260645,-0.007806691233008145,下降トレンドへの転換期,transition_to_downtrend,2.0
2022-09-02,27755.599609375,27772.369140625,27570.740234375,27650.83984375,58800000,28721.151440027174,-0.03726562281154011,-0.006074095675552615,-0.009736586126749991,0.030077095039792612,-0.009941138981615527,下降トレンドへの転換期,transition_to_downtrend,2.0
2022-09-05,27567.2890625,27673.439453125,27511.6796875,27619.609375,47100000,28627.201604210055,-0.03519702146024195,-0.008097408066232603,-0.010695734665912005,0.02142623142450928,-0.008080855746279703,下降トレンドへの転換期,transition_to_downtrend,2.0
2022-09-06,27650.150390625,27813.779296875,27557.990234375,27626.509765625,46300000,28525.126260937574,-0.03150262989521424,-0.009456099074784952,-0.012857754882385941,0.013349036455511998,-0.00928660668225434,下降トレンドへの転換期,transition_to_downtrend,2.0
2022-09-07,27546.009765625,27546.009765625,27268.69921875,27430.30078125,69400000,28418.63156568923,-0.034777564224185764,-0.010532999520219022,-0.015324141739638808,0.006906918028055431,-0.01095232314756689,下降トレンドへの転換期,transition_to_downtrend,2.0
2022-09-08,27732.6796875,28083.7890625,27718.30078125,28065.279296875,75200000,28397.742214548485,-0.011707371493187235,-0.00801543206471933,-0.013879549792290669,0.0039916809258015995,-0.007191550479835107,下降トレンドへの転換期,transition_to_downtrend,2.0
2022-09-09,28204.7109375,28286.01953125,28091.380859375,28214.75,74000000,28368.495513515292,-0.005419586436723245,-0.005490974728366793,-0.012278613803080485,-0.0021633453098723887,-0.002542027676330494,下降トレンド,downtrend,1.0
2022-09-12,28483.58984375,28612.890625,28438.369140625,28542.109375,50500000,28326.7941689084,0.007601114506911921,-0.0032315910978524265,-0.01049377579600641,-0.00913166543924826,0.00020195886990559409,下降トレンド,downtrend,1.0
2022-09-13,28556.2109375,28659.759765625,28530.359375,28614.630859375,51700000,28282.692728831753,0.011736440151784544,-0.00405136031053166,-0.00849894685436714,-0.015399322419644146,0.004358808028018801,下降トレンド,downtrend,1.0
2022-09-14,28132.69921875,28141.919921875,27795.640625,27818.619140625,70900000,28151.686913872716,-0.011831183483487329,-0.007642583637869849,-0.009393297182500704,-0.02518657070744401,0.005930844557138104,下降トレンド,downtrend,1.0
2022-09-15,27873.9609375,27946.19921875,27801.439453125,27875.91015625,48700000,28031.335147289643,-0.005544687408679194,-0.01043037273674452,-0.012902683054539676,-0.03203157846120441,0.000976866737750992,下降トレンド,downtrend,1.0
2022-09-16,27631.390625,27654.990234375,27525.6796875,27567.650390625,81600000,27901.239106059962,-0.011956053785529108,-0.013487174875075891,-0.016470961853888966,-0.03780918899179242,-0.004192348050808481,下降トレンド,downtrend,1.0
2022-09-20,27788.6796875,27907.44921875,27627.859375,27688.419921875,60000000,27795.296911995152,-0.003845146553337564,-0.012659632190706871,-0.01876305711631221,-0.04195659028176568,-0.008269281320305799,下降トレンド,downtrend,1.0
2022-09-21,27440.83984375,27467.33984375,27297.5,27313.130859375,65500000,27681.419761507164,-0.013304552487018562,-0.012483008174382748,-0.021259396093910254,-0.04547607620365368,-0.012760449239543115,下降トレンド,downtrend,1.0
2022-09-22,27053.580078125,27197.0703125,26955.1796875,27153.830078125,62200000,27579.769830843234,-0.015443919776367832,-0.011521684538623456,-0.020315552839842432,-0.04856757775119147,-0.010922255657341728,下降トレンド,downtrend,1.0
2022-09-26,26779.439453125,26779.439453125,26424.599609375,26431.55078125,96500000,27414.222192624828,-0.03584531432152738,-0.013710043126248128,-0.02201511099711151,-0.05439934651420364,-0.009112427942571832,下降トレンド,downtrend,1.0
2022-09-27,26585.380859375,26680.19921875,26523.76953125,26571.869140625,66800000,27252.843303257978,-0.024987270320949273,-0.015482459423744932,-0.023238960833863342,-0.06036170925842754,-0.006767998979974377,下降トレンド,downtrend,1.0
2022-09-28,26422.859375,26516.3203125,25938.359375,26173.98046875,92900000,27089.946191772793,-0.0338120170685674,-0.017760251157812657,-0.025376621176439462,-0.06382049891839958,-0.006613564060127253,下降トレンド,downtrend,1.0
2022-09-29,26280.5,26458.669921875,26221.779296875,26422.05078125,88900000,26974.726080753917,-0.02048863435533621,-0.016031682707713157,-0.025529531607910938,-0.06651099731493826,-0.004270135514000684,下降トレンド,downtrend,1.0
2022-09-30,26240.0,26273.650390625,25805.58984375,25937.2109375,101300000,26809.769568257896,-0.032546293564230555,-0.01625789023441504,-0.027919024245235846,-0.07106952710350845,-0.007603471405393414,下降トレンド,downtrend,1.0
2022-10-03,25778.94921875,26223.83984375,25621.9609375,26215.7890625,80700000,26701.143873288936,-0.01817730405454543,-0.014352273560511386,-0.026011254826982744,-0.07279445603604817,-0.003996143829871235,下降トレンド,downtrend,1.0
2022-10-04,26653.490234375,26994.439453125,26633.51953125,26992.2109375,87100000,26686.672125574474,0.011449116266269987,-0.010678660992408218,-0.02077475628445047,-0.07083557630692172,0.002464204549412874,下降トレンド,downtrend,1.0
2022-10-05,27211.3203125,27216.80078125,27030.55078125,27120.529296875,73300000,26686.76421591808,0.016253940621927754,-0.00458807943226236,-0.01488308514902692,-0.06778299238325147,0.010493536027412542,下降トレンド,downtrend,1.0
2022-10-06,27137.98046875,27399.189453125,27137.98046875,27311.30078125,69400000,26705.40845806457,0.022688000602457015,0.00015971543376069874,-0.009984072567895463,-0.06379350563523833,0.015545459040015475,下降トレンド,downtrend,1.0
2022-10-07,26975.919921875,27198.91015625,26921.900390625,27116.109375,66700000,26714.689496303443,0.015026185453216767,0.0010498637895774987,-0.0035464710620648487,-0.059958624870699695,0.024372553183170997,下降トレンド,downtrend,1.0
2022-10-11,26757.119140625,26759.619140625,26369.560546875,26401.25,78900000,26637.151662808283,-0.008856114414727667,-0.001859069638731392,-0.0023966093282119516,-0.06199755383504513,0.023614645498770792,下降トレンド,downtrend,1.0
2022-10-12,26353.220703125,26495.75,26313.41015625,26396.830078125,68800000,26526.038958583486,-0.0048710205342089585,-0.006716598241241933,-0.006019228108889996,-0.06494727766067199,0.014755528175560473,下降トレンド,downtrend,1.0
2022-10-13,26398.2890625,26408.310546875,26237.419921875,26237.419921875,59200000,26380.678978713782,-0.005430453740571828,-0.012502878524411787,-0.011469552274221528,-0.06870227455285716,0.0034135328748053917,下降トレンド,downtrend,1.0
2022-10-14,26599.3203125,27180.16015625,26595.349609375,27090.759765625,82400000,26297.791266440257,0.030153425858113092,-0.012740115785046635,-0.015263469655009798,-0.07018078092571645,-0.005279397087114335,下降トレンド,downtrend,1.0
2022-10-17,26785.01953125,26814.919921875,26649.130859375,26775.7890625,65300000,26223.45288602946,0.02106267923110905,-0.011407133685751969,-0.018388258277976854,-0.06849443991553672,-0.014841787215912006,下降トレンド,downtrend,1.0
2022-10-18,27167.73046875,27229.880859375,26910.099609375,27156.140625,66100000,26217.895925900597,0.035786422440273524,-0.0061705406803416185,-0.015739510823639002,-0.0646932874178271,-0.01334290149542705,下降トレンド,downtrend,1.0
2022-10-19,27225.169921875,27371.380859375,27192.7890625,27257.380859375,57600000,26232.966316056434,0.039050655994307126,-0.002465034029932034,-0.011048488731568273,-0.05979206814657889,-0.005029260622678278,下降トレンド,downtrend,1.0
2022-10-20,26981.75,27092.55078125,26872.44921875,27006.9609375,60300000,26231.881471862955,0.029547231160998333,0.00032141403613494823,-0.005640397162290256,-0.056247481186556425,0.005829155111931272,下降トレンド,downtrend,1.0
2022-10-21,26903.5,26985.380859375,26869.380859375,26890.580078125,56300000,26231.48937393242,0.025125935275621458,0.0005184797464390378,-0.002521196241771273,-0.05237919153232762,0.012742273413238525,下降トレンド,downtrend,1.0
2022-10-24,27233.0,27308.970703125,26974.900390625,26974.900390625,59100000,26263.032892924686,0.02710530427322011,0.0011461371354657413,0.001509336206305445,-0.047742854490612996,0.0198975944842823,上昇トレンドへの転換期,transition_to_uptrend,3.0
2022-10-25,27113.19921875,27337.80078125,27073.1796875,27250.279296875,62200000,26360.606304658697,0.033750095955079384,0.004907190242294135,0.005443243010859522,-0.03843318554008002,0.021182753834498524,上昇トレンドへの転換期,transition_to_uptrend,3.0
2022-10-26,27410.640625,27578.05078125,27404.900390625,27431.83984375,61000000,26497.27074313486,0.03527039104045371,0.01013214939547269,0.010075277949663342,-0.02772454058152496,0.021123766681231615,上昇トレンドへの転換期,transition_to_uptrend,3.0
2022-10-27,27407.23046875,27450.259765625,27330.7890625,27345.240234375,65400000,26632.201190594464,0.026773567782762075,0.014056575231615076,0.015260808461676767,-0.016897228142791487,0.020901205623967023,上昇トレンドへの転換期,transition_to_uptrend,3.0
2022-10-28,27097.380859375,27265.4609375,26981.080078125,27105.19921875,144600000,26745.738176600156,0.013439937225749654,0.014610129505002956,0.019604254845657865,-0.008488979775670091,0.022125451087429138,上昇トレンドへの転換期,transition_to_uptrend,3.0
2022-10-31,27404.30078125,27602.990234375,27392.990234375,27587.4609375,71100000,26910.881096371042,0.02514149717751879,0.01560954549793947,0.024667684272705825,0.003771443385804485,0.02315834806640038,上昇トレンド,uptrend,4.0
2022-11-01,27614.640625,27682.970703125,27526.1796875,27678.919921875,72600000,27086.301563254437,0.02187889539797916,0.01705080137425319,0.027529535937399485,0.014424763665304985,0.022086292926539963,上昇トレンド,uptrend,4.0
2022-11-02,27562.30078125,27692.55078125,27546.880859375,27663.390625,86600000,27202.71824025391,0.016934792349699634,0.017086089029824114,0.026623402234806637,0.019337222425155787,0.016548124285143295,上昇トレンド,uptrend,4.0
2022-11-04,27371.890625,27389.30078125,27032.01953125,27199.740234375,111100000,27227.674678120184,-0.0010259577461321223,0.011771951301581929,0.022359153990471503,0.020268866537197505,0.007098345528794736,上昇トレンド,uptrend,4.0
2022-11-07,27406.779296875,27578.009765625,27357.529296875,27527.640625,78900000,27267.336508731798,0.009546371211755389,0.006683634716780684,0.0195021101563011,0.021041732110168798,-0.00010214468935676457,上昇トレンド,uptrend,4.0
2022-11-08,27718.83984375,27943.26953125,27704.640625,27872.109375,84400000,27339.249370152196,0.01949065966052288,0.00501902525668374,0.015918032272786542,0.02337889324654796,-0.008749651999919283,上昇トレンド,uptrend,4.0
2022-11-09,27884.55078125,27926.51953125,27688.859375,27716.4296875,79100000,27437.757050436645,0.010156538544717542,0.007715766212135655,0.012975395934415657,0.030055968361894836,-0.014554140002983829,上昇トレンド,uptrend,4.0
2022-11-10,27459.080078125,27485.380859375,27370.619140625,27446.099609375,77100000,27537.52297353484,-0.0033199559832488568,0.009908795628664313,0.012307767566606342,0.03813173977956663,-0.014315634668200294,上昇トレンド,uptrend,4.0
2022-11-11,27868.689453125,28329.5390625,27837.08984375,28263.5703125,103700000,27717.720745589395,0.019693162072045967,0.013843517439450892,0.01799808736010089,0.05068261389157014,-0.004361066630370614,上昇トレンド,uptrend,4.0
2022-11-14,28277.640625,28305.0390625,27963.470703125,27963.470703125,85100000,27824.21476827559,0.005004846893583714,0.01408488737357616,0.020422906335771485,0.05804379106861601,0.0009207961794703845,上昇トレンド,uptrend,4.0
2022-11-15,27940.259765625,28038.630859375,27903.26953125,27990.169921875,71200000,27901.181234951375,0.003189423636736688,0.013205917676983203,0.020554034135723986,0.06397816321952488,0.004636001862937444,上昇トレンド,uptrend,4.0
2022-11-16,28020.490234375,28069.25,27743.150390625,28028.30078125,73200000,27973.065650866127,0.001974582660094093,0.009212334146102785,0.01950992566358356,0.06694548372326103,0.006534529729167904,上昇トレンド,uptrend,4.0
2022-11-17,27952.2109375,28029.619140625,27910.009765625,27930.5703125,58900000,28008.1627889017,-0.0027703522357577226,0.006611076796166904,0.017090855115006853,0.0676704438018021,0.004783087548400511,上昇トレンド,uptrend,4.0
2022-11-18,28009.8203125,28045.439453125,27877.779296875,27899.76953125,64800000,28044.872765602006,-0.005173966577234013,0.005150016031243432,0.011802991415326591,0.06911403955845552,-0.006195095944774298,上昇トレンド,uptrend,4.0
2022-11-21,27982.0,28007.060546875,27846.30078125,27944.7890625,56500000,28099.569906229335,-0.0055082993884195686,0.004522359363186013,0.009896241106782222,0.07121519124084963,-0.010526665228989263,上昇トレンド,uptrend,4.0
2022-11-22,28059.509765625,28203.349609375,28038.16015625,28115.740234375,75900000,28168.867134272925,-0.001886014785212442,0.005737768185027248,0.009594070482801698,0.07256718023079789,-0.010959963652922289,上昇トレンド,uptrend,4.0
2022-11-24,28373.720703125,28502.2890625,28363.66015625,28383.08984375,83900000,28244.02204986252,0.004923795684692811,0.007101094232981442,0.009686331930086611,0.07144811934280004,-0.00982359373349695,上昇トレンド,uptrend,4.0
2022-11-25,28398.76953125,28399.880859375,28263.599609375,28283.029296875,56800000,28286.602940568588,-0.0001263369695221339,0.00665608174656751,0.009941392934820437,0.06752892457414017,-0.007149462180186417,上昇トレンド,uptrend,4.0
2022-11-28,28220.560546875,28238.5,28046.3203125,28162.830078125,64600000,28312.70997535425,-0.005293731944406521,0.005106447497361888,0.009550309320025097,0.0631006341808984,-0.0022526820953014948,上昇トレンド,uptrend,4.0
2022-11-29,27991.5,28055.91015625,27899.98046875,28027.83984375,64800000,28341.77175984047,-0.0110766510559267,0.003460899081773272,0.008619414973943806,0.059674314191734856,-0.0012768261328384156,上昇トレンド,uptrend,4.0
2022-11-30,27886.669921875,27972.890625,27802.7109375,27968.990234375,106600000,28352.926900054834,-0.013541341500058368,0.0023447127824289815,0.006534155772205841,0.05358597507527363,-0.003059914710595857,上昇トレンド,uptrend,4.0
2022-12-01,28273.130859375,28423.4609375,28226.080078125,28226.080078125,71400000,28365.137411831864,-0.004902402963465224,0.001851727952684623,0.004288176866436455,0.047213380002839145,-0.005398155063650156,上昇トレンド,uptrend,4.0
2022-12-02,27983.1796875,27983.1796875,27662.119140625,27777.900390625,79400000,28331.997441805208,-0.019557288621049107,-0.000344873218163233,0.0016048056859989668,0.04151346904296571,-0.00833658724882147,上昇トレンド,uptrend,4.0
2022-12-05,27752.990234375,27854.109375,27700.859375,27820.400390625,63900000,28327.263557989827,-0.01789312145619737,-0.0009051390763101796,0.0005140300115475949,0.04038497201353963,-0.009036279308477502,上昇トレンド,uptrend,4.0
2022-12-06,27704.060546875,27934.0703125,27698.310546875,27885.869140625,60400000,28334.149878648495,-0.01582121715115592,-0.0010924513685043324,-0.00026892747766660285,0.03912422357699197,-0.00888834245161041,下降トレンドへの転換期,transition_to_downtrend,2.0
2022-12-07,27670.2890625,27786.25,27646.779296875,27686.400390625,63000000,28289.60582928614,-0.021322511253822007,-0.001496245106125671,-0.0022333168985304575,0.03476161493195584,-0.008767472670736298,下降トレンドへの転換期,transition_to_downtrend,2.0
2022-12-08,27622.30078125,27643.640625,27415.66015625,27574.4296875,64900000,28227.89641777734,-0.023149678623087255,-0.0035078270094486275,-0.004838368736309162,0.028797520361749873,-0.009126545602745617,下降トレンドへの転換期,transition_to_downtrend,2.0
2022-12-09,27633.9609375,27952.80078125,27633.9609375,27901.009765625,70200000,28221.61985675401,-0.011360442552778571,-0.003971533374971137,-0.003895863158886681,0.024842353608805823,-0.005500668844885648,下降トレンドへの転換期,transition_to_downtrend,2.0
2022-12-12,27741.099609375,27865.720703125,27734.66015625,27842.330078125,49600000,28185.323496984303,-0.012169220583755247,-0.003686241969263593,-0.005010722645869103,0.016870173261606114,-0.005524752657416698,下降トレンドへの転換期,transition_to_downtrend,2.0
2022-12-13,28067.369140625,28116.560546875,27907.490234375,27954.849609375,51900000,28141.385889361514,-0.006628539216934293,-0.0030647175097803236,-0.0068032388517942355,0.01139910411587075,-0.006534311374127633,下降トレンドへの転換期,transition_to_downtrend,2.0
2022-12-14,28005.029296875,28195.689453125,27993.779296875,28156.2109375,54800000,28131.92183003512,0.0008634002188554479,-0.003178344374779818,-0.0055739199832817166,0.008269922091854065,-0.003340603084751259,下降トレンドへの転換期,transition_to_downtrend,2.0
2022-12-15,27991.140625,28163.169921875,27987.5390625,28051.69921875,51100000,28111.79769220244,-0.002137838145765736,-0.0026086556994717736,-0.004112907453556636,0.004959486495611065,0.0007254612827525264,下降トレンドへの転換期,transition_to_downtrend,2.0
2022-12-16,27706.69921875,27713.0390625,27488.830078125,27527.119140625,83800000,28046.23981849114,-0.018509457282893216,-0.0033810016054093284,-0.00621438596200552,0.0013594975820594435,-0.0023185228031188387,下降トレンドへの転換期,transition_to_downtrend,2.0
2022-12-19,27279.919921875,27349.580078125,27165.779296875,27237.640625,58200000,27961.901731603826,-0.025901711319771703,-0.006043671650252214,-0.00792688313137091,-0.0029585099098736745,-0.0029161604855018064,下降トレンド,downtrend,1.0
2022-12-20,27257.349609375,27339.490234375,26416.91015625,26568.029296875,118500000,27817.33558712944,-0.0449110694423398,-0.010474680712243334,-0.011515079730120115,-0.010044079679572882,-0.004711840878325879,下降トレンド,downtrend,1.0
2022-12-21,26547.169921875,26616.279296875,26269.80078125,26387.720703125,119200000,27652.07850271181,-0.045723788881288474,-0.014053980794939025,-0.017056898217703842,-0.018346092127089486,-0.011482978234422125,下降トレンド,downtrend,1.0
2022-12-22,26552.4296875,26585.279296875,26399.310546875,26507.869140625,73400000,27484.9550011745,-0.03554984392398486,-0.017057020477625695,-0.022298207247052337,-0.02687531709711699,-0.0181852997934957,下降トレンド,downtrend,1.0
2022-12-23,26207.76953125,26291.98046875,26106.380859375,26235.25,75700000,27292.13183522667,-0.03872478125224821,-0.018880447778965914,-0.026888024496149354,-0.035156964851217554,-0.020673638534143834,下降トレンド,downtrend,1.0
2022-12-26,26299.5390625,26438.650390625,26294.849609375,26405.869140625,47300000,27132.697282768524,-0.026787905919147925,-0.018782718987737312,-0.029654794469794465,-0.04167784340011638,-0.021727911338423556,下降トレンド,downtrend,1.0
2022-12-27,26570.779296875,26620.490234375,26447.869140625,26447.869140625,50200000,26995.214814594954,-0.020275655434830342,-0.01781848238640449,-0.02955426014685847,-0.047511389078136346,-0.018039180416738354,下降トレンド,downtrend,1.0
2022-12-28,26309.33984375,26354.26953125,26199.669921875,26340.5,61500000,26862.681158451516,-0.019438906912209952,-0.015735329118586883,-0.0285474867353237,-0.05256056092044714,-0.01149058851761986,下降トレンド,downtrend,1.0
2022-12-29,26074.900390625,26126.69921875,25953.919921875,26093.669921875,63100000,26702.787077167184,-0.022810995478933505,-0.01584472789862912,-0.028458039097167598,-0.058605403898775665,-0.0061598318501152605,下降トレンド,downtrend,1.0
2022-12-30,26288.0,26321.369140625,26067.919921875,26094.5,52700000,26558.034681717992,-0.017453651494667266,-0.016194726949925964,-0.02689775785712567,-0.062613402522395,-9.733360976316163e-06,下降トレンド,downtrend,1.0
2023-01-04,25834.9296875,25840.6796875,25661.890625,25716.859375,83300000,26401.91757466992,-0.025947289538058582,-0.017152553799963166,-0.026933544442067303,-0.06796794824104557,0.0027212500277271623,下降トレンド,downtrend,1.0
2023-01-05,25825.5,25947.099609375,25750.4609375,25820.80078125,72300000,26256.1145943254,-0.016579521372499073,-0.0167275603685475,-0.027378934575840397,-0.07334030818722459,0.002175325571018072,下降トレンド,downtrend,1.0
2023-01-06,25740.080078125,26034.060546875,25719.609375,25973.849609375,68200000,26135.58642549439,-0.006188375247690003,-0.0159066083498417,-0.027067094630960464,-0.07614172557900589,0.0014803921043632373,下降トレンド,downtrend,1.0
2023-01-10,26176.609375,26316.66015625,26132.80078125,26175.560546875,71200000,26050.949608679814,0.004783354928208361,-0.013293275573544872,-0.024410840209437845,-0.07712040517927266,0.004047198887729753,下降トレンド,downtrend,1.0
2023-01-11,26362.2109375,26479.990234375,26332.05078125,26446.0,62400000,25983.015832738183,0.0178187232091227,-0.01040133949012556,-0.021651408165968,-0.07932230805242324,0.00524634969115767,下降トレンド,downtrend,1.0
2023-01-12,26524.939453125,26547.609375,26381.9296875,26449.8203125,77000000,25906.756379817238,0.020962251110132835,-0.00875549689039834,-0.018754743607249935,-0.08084232623446241,0.008178800834817368,下降トレンド,downtrend,1.0
2023-01-13,26391.779296875,26409.2109375,26090.83984375,26119.51953125,98300000,25799.99412615638,0.012384708443389902,-0.009633256610339425,-0.01737197126141432,-0.08320101122277235,0.010006963314426076,下降トレンド,downtrend,1.0
2023-01-16,25836.669921875,25938.0390625,25748.099609375,25822.3203125,71700000,25655.212821660527,0.0065135881741111845,-0.012616049391180773,-0.018380058362313045,-0.08803909748285765,0.008687036268647419,下降トレンド,downtrend,1.0
2023-01-17,25915.509765625,26198.689453125,25895.30078125,26138.6796875,68100000,25539.071591033797,0.023478069448566563,-0.014192621546010531,-0.01964911165754457,-0.09151766561987806,0.004761728551893274,下降トレンド,downtrend,1.0
2023-01-18,26251.33984375,26816.6796875,26211.83984375,26791.119140625,93400000,25515.15756564995,0.05000798336016654,-0.011040179277314488,-0.01800631112646811,-0.09024675925264047,0.0036450970394998894,下降トレンド,downtrend,1.0
2023-01-19,26541.080078125,26592.869140625,26368.970703125,26405.23046875,68700000,25496.22745100413,0.03565245170065623,-0.00619700065485973,-0.015846404034313255,-0.08817977776571884,0.00290833957293668,下降トレンド,downtrend,1.0
2023-01-20,26346.689453125,26553.529296875,26320.9609375,26553.529296875,60400000,25537.230158987088,0.03979676462798598,-7.210254453238196e-05,-0.010184652209005662,-0.08196706765824524,0.007187319052408658,下降トレンド,downtrend,1.0
2023-01-23,26880.2109375,26938.279296875,26788.759765625,26906.0390625,60200000,25648.78877079193,0.04901792060995058,0.005237326275495224,-0.00025039943785509777,-0.07244626228453033,0.018129658924457948,下降トレンド,downtrend,1.0
2023-01-24,27150.4296875,27381.0,27150.4296875,27299.189453125,70800000,25795.577129231613,0.058289539961076775,0.011740940058788674,0.010043651637198447,-0.0614655498570289,0.02969276329474302,上昇トレンドへの転換期,transition_to_uptrend,3.0
2023-01-25,27175.880859375,27473.900390625,27175.880859375,27395.009765625,63400000,25954.20185791323,0.05551347391067929,0.0163279923597901,0.017207195022551858,-0.049022552924449014,0.03521350614901997,上昇トレンドへの転換期,transition_to_uptrend,3.0
2023-01-26,27444.640625,27502.150390625,27284.080078125,27362.75,63300000,26108.991348665546,0.048020187168147155,0.017942468238409726,0.024033512363307752,-0.037729604374907244,0.03987991639762101,上昇トレンドへの転換期,transition_to_uptrend,3.0
2023-01-27,27428.41015625,27452.669921875,27326.91015625,27382.560546875,71500000,26250.328042749185,0.04313212780739173,0.01762902652804943,0.027923853891849815,-0.027593289290776313,0.03810850610085548,上昇トレンドへの転換期,transition_to_uptrend,3.0
2023-01-30,27384.76953125,27486.419921875,27337.25,27433.400390625,65800000,26394.85714117063,0.039346424339401054,0.01697818664082895,0.02908785974440642,-0.017415388081382988,0.029338259182261517,上昇トレンドへの転換期,transition_to_uptrend,3.0
2023-01-31,27458.560546875,27494.169921875,27302.220703125,27327.109375,74600000,26541.074256469212,0.02961579892868116,0.016549199547141846,0.028900191823690635,-0.006056027793302832,0.018856540186492188,上昇トレンドへの転換期,transition_to_uptrend,3.0
2023-02-01,27483.41015625,27547.669921875,27322.7890625,27346.880859375,65800000,26693.75629650721,0.024467315712822568,0.016892293804324776,0.028494593771084986,0.005110378701427276,0.011287398748533128,上昇トレンド,uptrend,4.0
2023-02-02,27453.669921875,27472.439453125,27338.4296875,27402.05078125,73200000,26863.581847603364,0.020044569510550003,0.01775818311596833,0.0289015568951263,0.017486012962041997,0.0048680445318185495,上昇トレンド,uptrend,4.0
2023-02-03,27455.029296875,27612.5703125,27445.689453125,27509.4609375,92800000,27048.364783445602,0.017047099066654248,0.01911341349918194,0.03040101972808862,0.030173930962787088,0.002477165836238804,上昇トレンド,uptrend,4.0
2023-02-06,27764.66015625,27821.220703125,27656.470703125,27693.650390625,88400000,27229.54600149869,0.01704414715914715,0.020071723853326118,0.03162316264353304,0.04185708934149557,0.0025353028991266235,上昇トレンド,uptrend,4.0
2023-02-07,27744.900390625,27814.9609375,27662.109375,27685.470703125,74300000,27384.220223557597,0.011000878502585465,0.019380824899218885,0.03176759007344532,0.051179347966400224,0.0028673982497546824,上昇トレンド,uptrend,4.0
2023-02-08,27690.740234375,27719.44921875,27458.529296875,27606.4609375,69000000,27500.757891918707,0.003843641182425639,0.0167253404076384,0.030231848468515787,0.05841285203191049,0.0017372546974308012,上昇トレンド,uptrend,4.0
2023-02-09,27453.400390625,27635.380859375,27424.689453125,27584.349609375,61700000,27594.939633437763,-0.00038376688637253853,0.013419013005907754,0.027224879764112586,0.06516382170234603,-0.0016766771310137152,上昇トレンド,uptrend,4.0
2023-02-10,27711.25,27814.01953125,27609.330078125,27670.98046875,88800000,27706.888355542724,-0.0012959913192684969,0.011782995073474689,0.024346150954757784,0.07391064587309759,-0.006054868773330835,上昇トレンド,uptrend,4.0
2023-02-13,27550.349609375,27570.3203125,27266.939453125,27427.3203125,70400000,27816.030778113163,-0.013974332596691563,0.0114641526402115,0.021538544072023713,0.08422529844025584,-0.01008461857150933,上昇トレンド,uptrend,4.0
2023-02-14,27705.369140625,27721.8203125,27553.1796875,27602.76953125,55800000,27931.222134876192,-0.011759335199875487,0.012186382934896711,0.01997507713760016,0.09366630792805442,-0.011792512935845156,上昇トレンド,uptrend,4.0
2023-02-15,27686.009765625,27720.26953125,27444.130859375,27501.859375,72100000,27980.88021720087,-0.017119577314311796,0.00988894379412808,0.01745851249515007,0.09663756318990657,-0.012773335973365718,上昇トレンド,uptrend,4.0
2023-02-16,27654.720703125,27727.66015625,27597.119140625,27696.439453125,68100000,28033.309507538183,-0.012016777909243936,0.007811277286764451,0.015885879075061782,0.09950813552356075,-0.011339000689050804,上昇トレンド,uptrend,4.0
2023-02-17,27484.599609375,27608.58984375,27466.609375,27513.130859375,68800000,28073.412494498392,-0.01995773172332338,0.005090731760163614,0.013228628716885238,0.09931313301097267,-0.011117522237872546,上昇トレンド,uptrend,4.0
2023-02-20,27497.130859375,27531.939453125,27426.48046875,27531.939453125,62500000,28089.117693919638,-0.019836089081404218,0.0038682656113238068,0.009817609060935872,0.0951440220017985,-0.01172093501108784,上昇トレンド,uptrend,4.0
2023-02-21,27486.08984375,27538.2890625,27359.119140625,27473.099609375,61600000,28063.478607040706,-0.02103727075080386,0.001076187579436949,0.004735076450499198,0.08791822979758424,-0.015240000687100963,上昇トレンド,uptrend,4.0
2023-02-22,27265.990234375,27300.529296875,27046.080078125,27104.3203125,74700000,27980.249693551596,-0.03130527392160709,-0.003318542089069343,-2.2534089148651404e-05,0.07806242113435058,-0.01748104658429872,下降トレンドへの転換期,transition_to_downtrend,2.0
2023-02-24,27144.720703125,27465.900390625,27128.3203125,27453.48046875,76000000,27932.556999990484,-0.01715118781430025,-0.005573713479901987,-0.0035940282941122614,0.06984435465057293,-0.019479907369174043,下降トレンドへの転換期,transition_to_downtrend,2.0
2023-02-27,27322.73046875,27456.220703125,27292.740234375,27423.9609375,59400000,27885.038785159268,-0.016534954504157207,-0.006358435615913649,-0.006710039592658701,0.06227391672012339,-0.01993866830954394,下降トレンドへの転換期,transition_to_downtrend,2.0
2023-02-28,27515.33984375,27585.169921875,27400.359375,27445.560546875,86300000,27838.817964619026,-0.014126225411000726,-0.0050546985992467874,-0.008910914612130894,0.05470614278097807,-0.018728523673066766,下降トレンドへの転換期,transition_to_downtrend,2.0
2023-03-01,27363.5703125,27530.759765625,27305.369140625,27516.529296875,69800000,27804.985680445883,-0.010374268373522066,-0.004567119277502751,-0.009211008022717904,0.04762095956491286,-0.013946084473217102,下降トレンドへの転換期,transition_to_downtrend,2.0
2023-03-02,27564.8203125,27617.80078125,27408.5390625,27498.869140625,69300000,27776.14215332187,-0.009982416246516412,-0.0039051992244441003,-0.007294700457114334,0.040548278211271827,-0.007272166367965682,下降トレンドへの転換期,transition_to_downtrend,2.0
2023-03-03,27683.259765625,27961.2109375,27655.33984375,27927.470703125,78200000,27788.026880639114,0.005018126083037533,-0.0018244698479821242,-0.005174253089375913,0.03441257529543562,-0.0015802247952636517,下降トレンドへの転換期,transition_to_downtrend,2.0
2023-03-06,28182.310546875,28288.619140625,28153.8203125,28237.779296875,65700000,27824.941355990308,0.014836974339060616,0.0007177013422616785,-0.002155185425130046,0.028710666199680768,0.004554854167528655,下降トレンドへの転換期,transition_to_downtrend,2.0
2023-03-07,28202.58984375,28398.26953125,28202.58984375,28309.16015625,69800000,27857.097270518985,0.016227925018211797,0.002914555835372923,0.0006566121421962556,0.023046703348845954,0.00956752675432715,上昇トレンド,uptrend,4.0
2023-03-08,28237.2109375,28469.41015625,28232.6796875,28444.189453125,67200000,27896.460587227913,0.01963434981955592,0.0039021736611442037,0.003289874263318282,0.018705676462156706,0.012500882286036186,上昇トレンド,uptrend,4.0
2023-03-09,28648.109375,28734.7890625,28558.880859375,28623.150390625,72300000,27958.91798700004,0.02375744311470873,0.0048149834098711874,0.006580317477829167,0.01665990795169936,0.013875017934943501,上昇トレンド,uptrend,4.0
2023-03-10,28385.2890625,28424.240234375,28118.740234375,28143.970703125,111300000,27979.831724357366,0.005866331877355302,0.004405859399007506,0.006902427600999905,0.013947922917476374,0.012076680690375818,上昇トレンド,uptrend,4.0
2023-03-13,27886.2109375,27906.970703125,27631.529296875,27832.9609375,96100000,27968.842910180392,-0.004858333722162378,0.0025946776554734985,0.005171675021665489,0.009454492012101579,0.007326860446795536,上昇トレンド,uptrend,4.0
2023-03-14,27455.94921875,27455.94921875,27104.75,27222.0390625,125700000,27909.601971389977,-0.024635353438389962,-0.001763874254110731,0.0018847872181770864,0.003363930462373599,0.0012281750759808308,上昇トレンド,uptrend,4.0
2023-03-15,27421.66015625,27424.939453125,27105.990234375,27229.48046875,86600000,27858.854705190348,-0.022591533036822598,-0.004323722185280432,-0.0013480520914105343,-0.002590915260936022,-0.004637926354728816,下降トレンド,downtrend,1.0
2023-03-16,26796.669921875,27057.5390625,26632.919921875,27010.609375,107100000,27788.150152359714,-0.027981019718712252,-0.006460501723326795,-0.006107812710052896,-0.006887920013419646,-0.012688130187882063,下降トレンド,downtrend,1.0
2023-03-17,27232.23046875,27356.150390625,27071.7109375,27333.7890625,101500000,27747.075075725537,-0.0148947596133151,-0.005823332623340338,-0.00831872939497369,-0.010210511596416283,-0.015221156995973595,下降トレンド,downtrend,1.0
2023-03-20,27253.73046875,27367.1796875,26945.669921875,26945.669921875,79200000,27672.42627241471,-0.026262834468699148,-0.006691891491896307,-0.010598101563143003,-0.014283486988347693,-0.015769776584808493,下降トレンド,downtrend,1.0
2023-03-22,27298.150390625,27520.970703125,27267.259765625,27466.609375,78100000,27659.054280077606,-0.006957754344342204,-0.004645716666071276,-0.008977114455777868,-0.015310677199915301,-0.010861901673954955,下降トレンド,downtrend,1.0
2023-03-23,27232.970703125,27461.970703125,27175.630859375,27419.609375,64100000,27644.756318084965,-0.008144291108750923,-0.0036875511152556495,-0.007685110869453449,-0.014920541206559168,-0.006337058778042914,下降トレンド,downtrend,1.0
2023-03-24,27368.619140625,27397.2890625,27257.439453125,27385.25,59500000,27648.010246121805,-0.009503766954031101,-0.0008823232936839842,-0.005043153483392571,-0.01187407014120967,0.001064659226660325,下降トレンド,downtrend,1.0
2023-03-27,27482.390625,27543.48046875,27359.720703125,27476.869140625,57400000,27659.582596458837,-0.00660579223119695,1.9101028396750763e-05,-0.0031532144929843353,-0.00977262495272957,0.005165514901989354,下降トレンド,downtrend,1.0
2023-03-28,27573.8203125,27603.44921875,27432.759765625,27518.25,66400000,27660.09375277353,-0.0051281009399798405,0.0005548044812582198,-0.0004456609449339233,-0.008066871777329454,0.01015244061820908,下降トレンド,downtrend,1.0
2023-03-29,27549.369140625,27897.720703125,27505.48046875,27883.779296875,83800000,27695.723323676197,0.006790072640494582,0.0017257327789468313,0.0013257518940190671,-0.005140111951760673,0.010302866349796935,上昇トレンドへの転換期,transition_to_uptrend,3.0
2023-03-30,27827.890625,27876.380859375,27630.55078125,27782.9296875,82000000,27716.319714926634,0.00240327623791603,0.0020512644494881105,0.002588678880661943,-0.0031888513282567477,0.010273789750115392,上昇トレンドへの転換期,transition_to_uptrend,3.0
2023-03-31,28009.220703125,28124.619140625,27986.619140625,28041.48046875,91100000,27758.907225913168,0.010179552117709045,0.0035724200367082126,0.004011029321971504,-0.0006204939229346174,0.009054182805364075,上昇トレンドへの転換期,transition_to_uptrend,3.0
2023-04-03,28203.349609375,28258.91015625,28120.7109375,28188.150390625,75000000,27795.08666311248,0.014141482351777146,0.003587678078490253,0.004898991739340053,0.00025405842968595493,0.008052206232324388,上昇トレンド,uptrend,4.0
2023-04-04,28213.9296875,28287.419921875,28139.119140625,28287.419921875,73300000,27806.243478428707,0.017304618792523208,0.0032444337641857057,0.0052837754984298435,-0.0006719826404081308,0.005729436443363767,上昇トレンドへの転換期,transition_to_uptrend,3.0
2023-04-05,28111.0390625,28133.5703125,27788.76953125,27813.259765625,74300000,27755.458812711106,0.0020825075637886936,-0.00012422726780980664,0.0021568488512391237,-0.003648565994542552,0.0008310969572200566,上昇トレンドへの転換期,transition_to_uptrend,3.0
2023-04-06,27589.140625,27609.859375,27427.66015625,27472.630859375,73200000,27665.051082880706,-0.006955353992632807,-0.004678365705704013,-0.0018497633370248012,-0.008295299814957802,-0.004438442217686744,下降トレンド,downtrend,1.0
2023-04-07,27554.369140625,27591.150390625,27456.25,27518.310546875,49100000,27568.218639159568,-0.0018103488273150115,-0.008560122098254408,-0.006869455818332426,-0.013974051071008353,-0.01088048514030393,下降トレンド,downtrend,1.0
2023-04-10,27658.51953125,27737.490234375,27597.1796875,27633.66015625,48000000,27501.640993548383,0.00480041037306056,-0.009144789170139167,-0.010557465537732513,-0.017090550633751755,-0.015456457277072566,下降トレンド,downtrend,1.0
2023-04-11,27895.900390625,28068.390625,27854.8203125,27923.369140625,64800000,27502.562338829946,0.015300639868050858,-0.00587343011093544,-0.010921329227169707,-0.016671428734033378,-0.01620510472559955,下降トレンド,downtrend,1.0
2023-04-12,27985.9296875,28121.4609375,27983.970703125,28082.69921875,62700000,27562.710191121652,0.018865671192082045,-0.00019981153334625024,-0.006944530187379949,-0.012429119577696657,-0.009101379038619073,下降トレンド,downtrend,1.0
2023-04-13,27952.580078125,28163.869140625,27952.009765625,28156.970703125,59900000,27656.369612936323,0.018100752094176498,0.005626159523507646,-0.00031380639487610384,-0.0072682489785302895,0.0015359569421486974,下降トレンド,downtrend,1.0
2023-04-14,28321.5390625,28515.509765625,28282.8203125,28493.470703125,72900000,27789.427977334162,0.025334912484167527,0.010430505891416475,0.008024070799423244,4.598452820503418e-05,0.01489352661775567,上昇トレンド,uptrend,4.0
2023-04-17,28537.990234375,28599.75,28414.98046875,28514.779296875,58000000,27915.20187155557,0.021478527294132688,0.012788716276074474,0.015037680046227297,0.006059261935580373,0.02559514558395981,上昇トレンド,uptrend,4.0
2023-04-18,28567.5390625,28698.220703125,28520.759765625,28658.830078125,62300000,28054.46094862918,0.021542710465992654,0.014394200730765805,0.020067170578503823,0.013805608241706846,0.03098849980567353,上昇トレンド,uptrend,4.0
2023-04-19,28619.83984375,28677.220703125,28531.5390625,28606.759765625,58000000,28177.064148292167,0.01524983635879873,0.013949051821943614,0.022289315996523618,0.018728401302848363,0.029233846183903567,上昇トレンド,uptrend,4.0
2023-04-20,28472.0,28694.25,28442.44921875,28657.5703125,56700000,28279.01684781661,0.013386372896928345,0.013032862091953978,0.022513700951879212,0.02294324907167722,0.022827507346755316,上昇トレンド,uptrend,4.0
2023-04-21,28590.55078125,28778.369140625,28527.80078125,28564.369140625,61400000,28372.65546135612,0.006756987534353165,0.011342029109366436,0.020987387163839966,0.02620966965736571,0.012963316364416722,上昇トレンド,uptrend,4.0
2023-04-24,28631.779296875,28680.650390625,28567.240234375,28593.51953125,50000000,28464.173420207193,0.004544172392899393,0.010189467234911653,0.01966568435283289,0.029089044310139478,0.004628004306605593,上昇トレンド,uptrend,4.0
2023-04-25,28697.73046875,28806.689453125,28609.76953125,28620.0703125,59300000,28549.13921836286,0.002484526541925103,0.00955204249143149,0.017632784698286885,0.03214180955189949,-0.0024343858802169382,上昇トレンド,uptrend,4.0
2023-04-26,28478.51953125,28551.609375,28319.76953125,28416.470703125,68700000,28592.08586479383,-0.00614208989505971,0.007733869102825919,0.014729061704848334,0.032364655388919195,-0.0075602542916752835,上昇トレンド,uptrend,4.0
2023-04-27,28340.58984375,28459.73046875,28241.669921875,28457.6796875,73600000,28626.04058551338,-0.005881389621818056,0.00568669825456003,0.012271421583157416,0.03282257095976626,-0.010242279368721796,上昇トレンド,uptrend,4.0
2023-04-28,28705.91015625,28879.240234375,28499.509765625,28856.439453125,104000000,28690.43242500234,0.005786145906186979,0.004949123178768167,0.011200113576927295,0.03355770425355886,-0.00978727358691267,上昇トレンド,uptrend,4.0
2023-05-01,29058.05078125,29145.890625,29016.830078125,29123.1796875,73400000,28760.78546646405,0.012600289427370237,0.005900220168195025,0.010420539598254619,0.03474350755067701,-0.009245144754578272,上昇トレンド,uptrend,4.0
2023-05-02,29278.80078125,29278.80078125,29083.130859375,29157.94921875,63900000,28821.00281803789,0.01169100196962014,0.006810660103066191,0.009522654872206049,0.03649393850688254,-0.008110129826080836,上昇トレンド,uptrend,4.0
2023-05-08,29095.4609375,29144.119140625,28931.810546875,28949.880859375,74100000,28876.634619455817,0.002536522724494894,0.006490044893544766,0.009952011056750587,0.040394785555886825,-0.004777050648097747,上昇トレンド,uptrend,4.0
2023-05-09,29020.630859375,29262.359375,29020.630859375,29242.8203125,86400000,28995.997257441493,0.008512314747000538,0.008178211657386969,0.012923780738134383,0.048109297560067876,0.000652359154976967,上昇トレンド,uptrend,4.0
2023-05-10,29189.41015625,29195.16015625,29070.109375,29122.1796875,87300000,29110.546770135476,0.0003996117783833242,0.010046283050094695,0.0146430119598695,0.055945875617262164,0.0034428983829422055,上昇トレンド,uptrend,4.0
2023-05-11,29110.7890625,29165.58984375,29028.7109375,29126.720703125,82200000,29210.829750595083,-0.002879378921729181,0.011573202194209209,0.015647843994240018,0.062148609875594785,0.005227304395985399,上昇トレンド,uptrend,4.0
2023-05-12,29199.30078125,29426.060546875,29141.51953125,29388.30078125,106100000,29312.502487137725,0.0025858690893258984,0.01091548005354448,0.01705352420257311,0.06580987349503742,0.007530869330367063,上昇トレンド,uptrend,4.0
2023-05-15,29547.0390625,29629.470703125,29475.970703125,29626.33984375,88600000,29412.75115647235,0.0072617718125511654,0.010381267954984175,0.018565755465677514,0.06712115581241429,0.008613744408926927,上昇トレンド,uptrend,4.0
2023-05-16,29838.009765625,29916.560546875,29779.0703125,29842.990234375,107400000,29521.406390759174,0.010893242664634428,0.010632243000826103,0.01812005735318656,0.06743606640802469,0.0051962766150521755,上昇トレンド,uptrend,4.0
2023-05-17,29912.439453125,30115.3203125,29912.439453125,30093.58984375,93100000,29633.253328970797,0.01553445751193161,0.010942458494419549,0.017955916904026203,0.06634988504047334,0.0033129049441567027,上昇トレンド,uptrend,4.0
2023-05-18,30432.5390625,30667.130859375,30381.900390625,30573.9296875,90500000,29775.297858487746,0.026821959357313352,0.012326174457013117,0.019323932689079504,0.06663380030317945,0.0036760886948394855,上昇トレンド,uptrend,4.0
2023-05-19,30847.359375,30924.5703125,30679.16015625,30808.349609375,80500000,29930.359802414263,0.029334422063643784,0.013852775380752247,0.02107828615273144,0.06686633035723122,0.004024761950158329,上昇トレンド,uptrend,4.0
2023-05-22,30735.7109375,31086.8203125,30689.26953125,31086.8203125,75400000,30107.459026904373,0.03252885886917456,0.016002485203673977,0.023619275420250885,0.06850943975045776,0.005053519954573371,上昇トレンド,uptrend,4.0
2023-05-23,31245.720703125,31352.529296875,30828.73046875,30957.76953125,92200000,30267.8370971365,0.02279424300782873,0.016541874442016713,0.025284388436554117,0.07032847924037533,0.007164331083367559,上昇トレンド,uptrend,4.0
2023-05-24,30728.689453125,30856.919921875,30566.830078125,30682.6796875,81700000,30399.279621489182,0.009322591506756739,0.01566702913598439,0.025850225893674805,0.07142877982969731,0.007894308989648602,上昇トレンド,uptrend,4.0
2023-05-25,30599.26953125,30889.98046875,30558.140625,30801.130859375,84000000,30542.84486910584,0.008456513837400204,0.014461062350442866,0.025777979258712946,0.07302764138666196,0.006454046569633443,上昇トレンド,uptrend,4.0
2023-05-26,30909.609375,31101.599609375,30864.490234375,30916.310546875,78300000,30692.042089268594,0.007307055586399658,0.014015041470281542,0.025448484143945738,0.07506015696359114,0.004370197991214297,上昇トレンド,uptrend,4.0
2023-05-29,31388.009765625,31560.4296875,31164.0,31233.5390625,78300000,30878.20164024147,0.011507711051262914,0.0157543871011252,0.025599723066910274,0.0799562433555292,0.001980447646659389,上昇トレンド,uptrend,4.0
2023-05-30,31196.240234375,31374.830078125,31064.189453125,31328.16015625,71800000,31075.20149553476,0.008140209831031697,0.01742983106879481,0.026674003689369563,0.08555709626363117,0.001389615252815446,上昇トレンド,uptrend,4.0
2023-05-31,31057.08984375,31142.779296875,30785.98046875,30887.880859375,184600000,31199.789714888997,-0.009997146082210584,0.016543298883261226,0.026333192870594768,0.08746320908359251,0.00048296697691996293,上昇トレンド,uptrend,4.0
2023-06-01,30886.009765625,31185.05078125,30853.439453125,31148.009765625,95100000,31315.342651313942,-0.005343479314664945,0.014156945283457789,0.025292266831027366,0.08882084210907881,-0.00048571242768558065,上昇トレンド,uptrend,4.0
2023-06-02,31300.720703125,31555.5390625,31257.009765625,31524.220703125,90700000,31451.482134211692,0.0023127230889441464,0.012108711144833695,0.024743874739069138,0.09126952773924613,-0.0007046094048765994,上昇トレンド,uptrend,4.0
2023-06-05,31864.119140625,32217.4296875,31798.720703125,32217.4296875,98800000,31662.221270769092,0.01753535900033265,0.014821624123300348,0.025390715419963517,0.0964650724720002,-0.00020900764694675722,上昇トレンド,uptrend,4.0
2023-06-06,31988.369140625,32534.470703125,31933.869140625,32506.779296875,82500000,31892.195473737425,0.019270665252370867,0.018420773128576373,0.02629086663589497,0.09988269037901976,-0.0003831370534745915,上昇トレンド,uptrend,4.0
2023-06-07,32618.779296875,32708.529296875,31913.740234375,31913.740234375,111900000,32047.768875916332,-0.004182152026253938,0.018958939332656133,0.027179002447656364,0.10089889856669254,0.0008458095770615959,上昇トレンド,uptrend,4.0
2023-06-08,31877.7890625,32035.94921875,31420.44921875,31641.26953125,86000000,32176.720619810043,-0.016640946567761272,0.016249629002370147,0.02750657970079584,0.10153394800962601,0.0022143128697684755,上昇トレンド,uptrend,4.0
2023-06-09,31927.380859375,32304.0390625,31898.75,32265.169921875,101500000,32353.718810645514,-0.0027368998688762636,0.014471356708199767,0.028686618728610114,0.10375150756378693,0.0039427439895409755,上昇トレンド,uptrend,4.0
2023-06-12,32412.119140625,32517.6796875,32280.5390625,32434.0,68700000,32519.56715185362,-0.0026312512541772914,0.014721719872731631,0.027077881673325255,0.10562820114491767,0.0016871662533617382,上昇トレンド,uptrend,4.0
2023-06-13,32668.94921875,33127.359375,32638.2109375,33018.6484375,89500000,32719.814683972152,0.009133112654034381,0.016878477784580292,0.025950524820915977,0.10834200277850403,-0.00034034181497899496,上昇トレンド,uptrend,4.0
2023-06-14,33331.46875,33665.51953125,33203.94921875,33502.421875,111600000,32942.81713104375,0.016987155097579976,0.018208055891380193,0.027928566840109692,0.11168411936860712,0.000749564392453328,上昇トレンド,uptrend,4.0
2023-06-15,33493.69140625,33767.12890625,33386.01171875,33485.48828125,105800000,33123.25437934083,0.010935939378441395,0.0185638149692533,0.02941672554871988,0.11244073986311842,0.0019101458479240385,上昇トレンド,uptrend,4.0
2023-06-16,33399.1484375,33772.76171875,33186.9296875,33706.078125,132000000,33289.125273090714,0.012525196997180688,0.017399566428395463,0.0289118684599996,0.11221934827544322,0.00022524973138948745,上昇トレンド,uptrend,4.0
2023-06-19,33768.69140625,33772.890625,33231.55859375,33370.421875,82900000,33392.6305852322,-0.000665078187701007,0.013654371221475392,0.02684732638973064,0.10911487267630782,-0.00023055528359461341,上昇トレンド,uptrend,4.0
2023-06-20,33269.5703125,33474.73828125,33089.01953125,33388.91015625,82400000,33490.56537731022,-0.0030353390548936154,0.011089218280389668,0.023556083699814323,0.1064736892111331,-0.0023944411211016536,上昇トレンド,uptrend,4.0
2023-06-21,33200.62890625,33657.87109375,33154.6796875,33575.140625,82000000,33625.69630949224,-0.00150348364616526,0.010110540113037914,0.02072922833927815,0.10613464293154862,-0.0071993385008315425,上昇トレンド,uptrend,4.0
2023-06-22,33438.01171875,33641.4609375,33232.19140625,33264.87890625,94700000,33733.09501067032,-0.013880022105063672,0.010195795283905795,0.018411253445852482,0.10445163688047354,-0.011005472102867397,上昇トレンド,uptrend,4.0
2023-06-23,33458.3515625,33533.46875,32575.560546875,32781.5390625,103600000,33778.164803643,-0.029505029267768546,0.008587475997871019,0.014690669296366199,0.10055123427103152,-0.014221199163633402,上昇トレンド,uptrend,4.0
2023-06-26,32647.080078125,32884.73046875,32392.720703125,32698.810546875,74100000,33795.34034617235,-0.03244618305557445,0.0050450713382617085,0.012059839368218306,0.09447242880003648,-0.014787487021512336,上昇トレンド,uptrend,4.0
2023-06-27,32629.9609375,32689.099609375,32306.990234375,32538.330078125,79600000,33780.24673905061,-0.03676458228737367,0.0013977883845339711,0.008649640830986183,0.08704835731811889,-0.01490644286882814,上昇トレンド,uptrend,4.0
2023-06-28,32807.83984375,33193.98828125,32642.869140625,33193.98828125,91100000,33852.624747315276,-0.01945599406195264,0.002204380969337061,0.0067486613729683675,0.08502733693619446,-0.013980566966309782,上昇トレンド,uptrend,4.0
2023-06-29,33306.83984375,33527.98046875,33185.19921875,33234.140625,117900000,33936.39140548733,-0.020693148310806597,0.00417368364603421,0.0060266155463264415,0.08369854940940313,-0.012384637899526041,上昇トレンド,uptrend,4.0
2023-06-30,33068.359375,33232.890625,32918.76953125,33189.0390625,111300000,33985.086897699046,-0.023423445630587514,0.006063903565619366,0.006125912856986604,0.08055597356829791,-0.008564756439379595,上昇トレンド,uptrend,4.0
2023-07-03,33517.6015625,33762.80859375,33510.55078125,33753.328125,95400000,34042.4336668371,-0.008492505108961712,0.005606918841259967,0.007311461229084548,0.07517515513876627,-0.004748378139133758,上昇トレンド,uptrend,4.0
2023-07-04,33512.26171875,33576.44921875,33338.78125,33422.51953125,99400000,34024.045719058,-0.017679443320024246,0.0025829002419064384,0.007217205424540296,0.066845515451456,-0.0014324354064458866,上昇トレンド,uptrend,4.0
2023-07-05,33165.05859375,33389.21875,33041.140625,33338.69921875,95100000,34017.29817522872,-0.019948643569020374,0.0009478062429746359,0.004864421271396635,0.0614560504020758,-0.0018842401015717325,上昇トレンド,uptrend,4.0
2023-07-06,33058.3984375,33079.44921875,32637.720703125,32773.01953125,100600000,33997.69615794626,-0.03602234166123097,-0.0013141689377639265,0.001806460555173084,0.056592949904755274,-0.004220154991153358,上昇トレンド,uptrend,4.0
2023-07-07,32450.640625,32730.25,32327.900390625,32388.419921875,105100000,33927.189658872536,-0.04535506042408444,-0.0028466943932893285,-0.0017036072027942772,0.04863338454030508,-0.007829520059780881,下降トレンドへの転換期,transition_to_downtrend,2.0
2023-07-10,32393.4609375,32558.98046875,32065.630859375,32189.73046875,101200000,33807.748982734,-0.047859397998084474,-0.00616007748220615,-0.006893886800217852,0.03961251467047777,-0.0142053480293024,下降トレンドへの転換期,transition_to_downtrend,2.0
2023-07-11,32434.669921875,32468.69921875,32084.419921875,32203.5703125,87200000,33663.38946291949,-0.043365186147624635,-0.009833216153048996,-0.010600040310211889,0.02883802332198271,-0.017817245734752185,下降トレンドへの転換期,transition_to_downtrend,2.0
2023-07-12,32280.05078125,32312.029296875,31791.7109375,31943.9296875,88400000,33454.992754726976,-0.045167042130459634,-0.013917949258201334,-0.016529984762611583,0.015547414225256961,-0.021394406034008218,下降トレンドへの転換期,transition_to_downtrend,2.0
2023-07-13,32106.05078125,32484.400390625,31952.98046875,32419.330078125,77800000,33284.57558283077,-0.025995389442552752,-0.015474955169905824,-0.02097555586715294,0.0048703307242221605,-0.022782016422326024,下降トレンドへの転換期,transition_to_downtrend,2.0
2023-07-14,32587.900390625,32780.62890625,32225.369140625,32391.259765625,90300000,33112.334283779,-0.021776613873677797,-0.016369569075849744,-0.024017768146629814,-0.005310773048597506,-0.022314160943835537,下降トレンド,downtrend,1.0
2023-07-18,32457.1796875,32714.58984375,32338.30078125,32493.890625,81100000,32965.9996937667,-0.014321090613125587,-0.014616444981629284,-0.024898116978956275,-0.012776198939360328,-0.018004230178738423,下降トレンド,downtrend,1.0
2023-07-19,32812.359375,32896.03125,32671.029296875,32896.03125,81900000,32880.623332435935,0.00046860174785279263,-0.01213631970128537,-0.02325274260768606,-0.018212354375107598,-0.012652702297474172,下降トレンド,downtrend,1.0
2023-07-20,32803.3515625,32861.01953125,32462.859375,32490.51953125,75600000,32753.903834135377,-0.008041310257828949,-0.010824680814460308,-0.02095618210805139,-0.025926376879540247,-0.0044261973454398085,下降トレンド,downtrend,1.0
2023-07-21,32336.859375,32462.439453125,32080.94921875,32304.25,79400000,32624.670772001744,-0.009821425455631805,-0.010353968480728226,-0.019826144671330037,-0.03285865819065703,0.0011494111958229025,下降トレンド,downtrend,1.0
2023-07-24,32648.140625,32793.76953125,32554.4609375,32700.939453125,83500000,32577.903775566287,0.0037766603525606346,-0.009206624637526972,-0.016139922472168222,-0.03553363644987784,0.007877845674461592,下降トレンド,downtrend,1.0
2023-07-25,32705.390625,32715.560546875,32509.939453125,32682.509765625,101000000,32560.24046357024,0.003755171961692394,-0.005912680563081585,-0.012308415760653668,-0.03654645492398467,0.012589701218302607,下降トレンド,downtrend,1.0
2023-07-26,32704.9609375,32724.25,32488.51953125,32668.33984375,85200000,32555.99726379379,0.0034507491521738043,-0.0021049563591883924,-0.009872868447780014,-0.03624157883493395,0.013379874159906047,下降トレンド,downtrend,1.0
2023-07-27,32523.689453125,32938.58984375,32503.689453125,32891.16015625,90900000,32551.93155515378,0.010421151215603164,-0.0007972342416944223,-0.006166357451752202,-0.03842222580583354,0.014789824656299189,下降トレンド,downtrend,1.0
2023-07-28,32444.419921875,32846.96875,32037.55078125,32759.23046875,170500000,32508.612724314848,0.007709272203046069,-0.0015856068174052718,-0.003557370693423101,-0.04207220102198672,0.016268773977906936,下降トレンド,downtrend,1.0
2023-07-31,33128.828125,33402.078125,33025.9296875,33172.21875,134300000,32510.194065203097,0.020363602981548823,-0.0014069051001436295,-0.0020783937121814366,-0.04339823631864259,0.014061528759986786,下降トレンド,downtrend,1.0
2023-08-01,33292.30859375,33488.76953125,33203.87890625,33476.578125,110800000,32519.598449867208,0.02942778265260837,-0.0009932776256852405,-0.0012482098757380378,-0.04473344155924397,0.01106020588491563,下降トレンド,downtrend,1.0
2023-08-02,33123.12109375,33158.578125,32628.2890625,32707.689453125,124200000,32449.661764644,0.007951629522441994,-0.0018133951199571507,-0.0032662338151763226,-0.04627268513021465,0.006606634632603692,下降トレンド,downtrend,1.0
2023-08-03,32375.849609375,32467.060546875,32142.25,32159.279296875,120300000,32351.612836479162,-0.005945098953066386,-0.004877892405252382,-0.006153819730642107,-0.04896583291739809,1.2537721110095212e-05,下降トレンド,downtrend,1.0
2023-08-04,32019.060546875,32294.69921875,31934.349609375,32192.75,106600000,32293.632575327003,-0.0031239153753200855,-0.0069486059272397815,-0.006613021318718104,-0.05012291346750464,-0.0030556506252950033,下降トレンド,downtrend,1.0
2023-08-07,31921.279296875,32306.869140625,31830.23046875,32254.560546875,94100000,32290.74941444539,-0.0011207193461481024,-0.00489719588916504,-0.006750025863198061,-0.048233887359402594,-0.004671632151016625,下降トレンド,downtrend,1.0
2023-08-08,32430.609375,32539.880859375,32238.58984375,32377.2890625,91800000,32327.943483932948,0.0015264063608493306,-0.0007316282086414772,-0.005893521908941102,-0.043771192798337744,-0.004645312033203064,下降トレンド,downtrend,1.0
2023-08-09,32346.3203125,32407.849609375,32175.640625,32204.330078125,104500000,32356.848543093016,-0.004713637818123395,0.001957536601636889,-0.0028602215401859477,-0.038811924190392144,0.00040601227499037496,下降トレンド,downtrend,1.0
2023-08-10,32015.9609375,32504.849609375,32015.9609375,32473.650390625,108000000,32420.998937338136,0.001623992320181955,0.0040336481888674225,0.0021447493579280774,-0.030907010650682132,0.008298569088570185,上昇トレンドへの転換期,transition_to_uptrend,3.0
2023-08-14,32456.720703125,32613.990234375,32031.5390625,32059.91015625,95600000,32430.82073697572,-0.011436977920908031,0.0031823011907299303,0.004248148960285469,-0.025650164705583345,0.010861170279003574,上昇トレンドへの転換期,transition_to_uptrend,3.0
2023-08-15,32372.529296875,32403.9296875,32217.51953125,32238.890625,75100000,32434.38130325877,-0.006027267066726183,0.002396177738462235,0.004448081615260557,-0.02047433366400686,0.011198107478458619,上昇トレンドへの転換期,transition_to_uptrend,3.0
2023-08-16,31965.580078125,31997.279296875,31766.8203125,31766.8203125,84800000,32386.95220589902,-0.019147584170827514,-0.0010501444296926454,0.001825316293175172,-0.01756499099820019,0.007718838202116274,上昇トレンドへの転換期,transition_to_uptrend,3.0
2023-08-17,31621.98046875,31704.080078125,31309.6796875,31626.0,87700000,32301.79682809706,-0.0209213385773398,-0.0039784348945431924,-0.0017013929809214234,-0.01760387868826918,0.0011588285592645242,下降トレンド,downtrend,1.0
2023-08-18,31321.259765625,31644.890625,31275.25,31450.759765625,74800000,32202.21958845865,-0.023335653021351876,-0.007157889420779329,-0.006748075508170914,-0.016843312738244465,-0.008892824866098992,下降トレンド,downtrend,1.0
2023-08-21,31552.849609375,31758.69921875,31409.859375,31565.640625,69500000,32141.488471355027,-0.017916029211535456,-0.0075790933640024205,-0.008921521535556143,-0.014810334915666967,-0.013169670495841612,下降トレンド,downtrend,1.0
2023-08-22,31792.599609375,31906.099609375,31693.759765625,31856.7109375,70200000,32097.518571453467,-0.007502375406914896,-0.006324052427507887,-0.010385976802075092,-0.014745737092916156,-0.01483405841733565,下降トレンド,downtrend,1.0
2023-08-23,31717.91015625,32039.599609375,31717.91015625,32010.259765625,65100000,32051.74977816062,-0.0012944695008162421,-0.004672653382935099,-0.010349921956452013,-0.015616920457898309,-0.012175238249627185,下降トレンド,downtrend,1.0
2023-08-24,32130.51953125,32297.91015625,32063.140625,32287.2109375,73400000,32034.99261873821,0.007873212950711306,-0.003313345388833655,-0.00825973275662406,-0.016003338519597343,-0.006558339775702637,下降トレンド,downtrend,1.0
2023-08-25,31840.91015625,31885.529296875,31572.060546875,31624.279296875,65700000,31947.349223729736,-0.01011257380361208,-0.004678534491363684,-0.007914683148743551,-0.018572855819621092,-0.0011666076405726367,下降トレンド,downtrend,1.0
2023-08-28,31915.6796875,32205.48046875,31881.9296875,32169.990234375,69900000,31908.65050752431,0.008190246929717704,-0.0044646320911257975,-0.007244156226250187,-0.018455485070324018,0.001677365309305956,下降トレンド,downtrend,1.0
2023-08-29,32280.5703125,32389.119140625,32186.5703125,32226.970703125,77500000,31862.073944728993,0.011452385649125985,-0.005397805957603752,-0.007335290614454926,-0.019935904386612413,0.0030506861876201663,下降トレンド,downtrend,1.0
2023-08-30,32432.94921875,32557.44921875,32300.560546875,32333.4609375,89100000,31793.34248301318,0.01698841368363202,-0.004820642227248206,-0.008062189956428378,-0.02233287006829543,0.0022877320000236345,下降トレンド,downtrend,1.0
2023-08-31,32361.01953125,32692.759765625,32359.150390625,32619.33984375,114600000,31775.445751264284,0.026558056780435324,-0.004174565647287909,-0.008101979936842918,-0.02077728939887802,0.00015775281978114286,下降トレンド,downtrend,1.0
2023-09-01,32521.150390625,32845.4609375,32499.439453125,32710.619140625,88400000,31827.38820937293,0.027750656932382656,-0.0010886213940822786,-0.003754959872154351,-0.016203971955151664,0.0041597232765892,下降トレンド,downtrend,1.0
2023-09-04,32797.3203125,32939.1796875,32714.939453125,32939.1796875,89600000,31921.551769908274,0.03187902408149901,0.004032582826533293,0.00040431864647239024,-0.011521800916971081,0.007648474872722577,上昇トレンドへの転換期,transition_to_uptrend,3.0
2023-09-05,32941.41015625,33036.76171875,32784.3203125,33036.76171875,91300000,32017.702117128734,0.031828005579328966,0.007624011564174804,0.004884433218933282,-0.008455898431223963,0.012219723833388207,上昇トレンドへの転換期,transition_to_uptrend,3.0
2023-09-06,33115.05859375,33282.1484375,33088.21875,33241.01953125,94200000,32122.665113155643,0.03481511929831571,0.009277446890717744,0.010358226107192614,-0.006349874092032137,0.018420416063620992,上昇トレンドへの転換期,transition_to_uptrend,3.0
2023-09-07,33118.55078125,33322.44921875,32986.3515625,32991.078125,100200000,32205.166944408218,0.02440326367344725,0.008884755244489728,0.013523687331021605,-0.0046877741657315175,0.021625667267864523,上昇トレンドへの転換期,transition_to_uptrend,3.0
2023-09-08,32916.25,32920.4296875,32512.80078125,32606.83984375,114100000,32244.898410946935,0.011224765796755909,0.007095958760158894,0.01311795359479273,-0.005431681075945938,0.01687291346694708,上昇トレンドへの転換期,transition_to_uptrend,3.0
2023-09-11,32690.5390625,32746.140625,32391.689453125,32467.759765625,84200000,32279.394473145803,0.0058354654897849745,0.004879089559912453,0.011210066033658705,-0.004669208499471278,0.010805747387186315,上昇トレンドへの転換期,transition_to_uptrend,3.0
2023-09-12,32629.16015625,32799.69140625,32486.48046875,32776.37109375,94000000,32352.88187539392,0.013089690741836746,0.0045866842187367585,0.01046857632190501,-0.0025127480343416497,0.005584143102971728,上昇トレンドへの転換期,transition_to_uptrend,3.0
2023-09-13,32742.2890625,32872.44140625,32616.650390625,32706.51953125,98100000,32432.294332888985,0.008455312952772687,0.005811645599058002,0.009638964221761803,0.0014000121623580775,-0.0007192618854308108,上昇トレンド,uptrend,4.0
2023-09-14,32925.5390625,33244.44921875,32851.23828125,33168.1015625,112100000,32581.712605790493,0.01799748723476524,0.009365669262978216,0.011692088478605367,0.008665641084397935,-0.0018315988524162385,上昇トレンド,uptrend,4.0
2023-09-15,33428.44140625,33634.30859375,33391.4609375,33533.08984375,166600000,32775.10591495828,0.02312681859086796,0.01305058514386892,0.01644314388136947,0.017790274515889326,0.00332519028657674,上昇トレンド,uptrend,4.0
2023-09-19,33296.23046875,33337.23046875,33128.859375,33242.58984375,117200000,32935.98675392421,0.009309060393924762,0.015530582445548502,0.020340910710845206,0.0247187768941457,0.0091308446771865,上昇トレンド,uptrend,4.0
2023-09-20,33261.3515625,33267.140625,32988.6484375,33023.78125,113500000,33050.13531784962,-0.0007973966701245727,0.01437685973498759,0.021551509542214742,0.02967882842019387,0.011082933220309732,上昇トレンド,uptrend,4.0
2023-09-21,32865.55859375,32939.890625,32550.650390625,32571.029296875,107900000,33093.60687533726,-0.015790892193492168,0.009717770591051611,0.02039055688322522,0.0325054670770748,0.010751592661463416,上昇トレンド,uptrend,4.0
2023-09-22,32189.3203125,32535.669921875,32154.529296875,32402.41015625,109800000,33096.78904169673,-0.02098024930974174,0.004882267198305756,0.015808758800932132,0.03314489363538797,0.004116670322326765,上昇トレンド,uptrend,4.0
2023-09-25,32517.259765625,32722.220703125,32388.279296875,32678.619140625,82100000,33144.04680525587,-0.014042572030071643,0.002841485715658454,0.0112567413589717,0.03745843115638703,-0.0051864025223977706,上昇トレンド,uptrend,4.0
2023-09-26,32640.05078125,32643.41015625,32315.05078125,32315.05078125,86500000,33155.71049576953,-0.02535489971257865,0.0018766047673863806,0.006671236039986983,0.039082191456236925,-0.013669674670858223,上昇トレンド,uptrend,4.0
2023-09-27,32023.369140625,32371.900390625,31960.3203125,32371.900390625,105600000,33142.24411057042,-0.023243559409416248,0.0013733981509935766,0.0027869414704349005,0.04017849459712308,-0.01876456807177984,上昇トレンド,uptrend,4.0
2023-09-28,32119.369140625,32164.44921875,31674.419921875,31872.51953125,115900000,33069.99966304206,-0.036210467009176295,-0.002234100822053886,-0.0007133466105441189,0.04015485885798209,-0.021103903493769338,下降トレンドへの転換期,transition_to_downtrend,2.0
2023-09-29,32018.640625,32027.4609375,31717.740234375,31857.619140625,132000000,32976.57301822976,-0.033931781722321364,-0.005402914757704269,-0.0036322563894495286,0.037800485203820955,-0.01944101519038166,下降トレンドへの転換期,transition_to_downtrend,2.0
2023-10-02,32101.970703125,32401.580078125,31759.880859375,31759.880859375,103100000,32858.15816056293,-0.033424798061447936,-0.008571717384607713,-0.008625640869165174,0.03238625627742997,-0.019882382228136875,下降トレンドへの転換期,transition_to_downtrend,2.0
2023-10-03,31607.970703125,31607.970703125,31157.400390625,31237.939453125,109600000,32679.03436346146,-0.04409845451087602,-0.011822355717092115,-0.014376893909991417,0.0237295040984582,-0.0210481299499784,下降トレンドへの転換期,transition_to_downtrend,2.0
2023-10-04,30765.029296875,30830.849609375,30487.669921875,30526.880859375,137200000,32424.10571013534,-0.058512788840535124,-0.016753326908439337,-0.021668369771195906,0.012693090575953248,-0.024455311241630806,下降トレンドへの転換期,transition_to_downtrend,2.0
2023-10-05,30733.650390625,31083.900390625,30565.3203125,31075.359375,114200000,32216.1414498722,-0.035410264033240546,-0.019539035254303894,-0.025819722463562678,0.0029099807375034814,-0.02510637585301856,下降トレンドへの転換期,transition_to_downtrend,2.0
2023-10-06,31003.94921875,31160.44921875,30928.16015625,30994.669921875,94600000,32010.780179228314,-0.031742752024915166,-0.020449018682765052,-0.029287240929115055,-0.006035887518156646,-0.025654984539665526,下降トレンド,downtrend,1.0
2023-10-10,31314.669921875,31818.259765625,31314.669921875,31746.529296875,101000000,31912.34888344395,-0.00519609468969473,-0.015783221016683946,-0.02878461027843504,-0.01031324469578998,-0.020158969409269867,下降トレンド,downtrend,1.0
2023-10-11,31847.099609375,32037.0703125,31804.08984375,31936.509765625,89500000,31858.48665008449,0.002449052787643957,-0.011101726764647268,-0.02510930109655951,-0.013039520410194738,-0.010732407186568094,下降トレンド,downtrend,1.0
2023-10-12,32120.939453125,32494.66015625,32120.939453125,32494.66015625,100600000,31850.849203382233,0.02021330573501312,-0.004996159885845564,-0.017679948118782374,-0.01551740194104656,0.003988421652413532,下降トレンド,downtrend,1.0
2023-10-13,32328.390625,32533.080078125,32249.029296875,32315.990234375,91500000,31817.189903991857,0.01567707053603007,-0.00298188578345171,-0.0123835918246481,-0.01896580064868747,0.013436130638914578,下降トレンド,downtrend,1.0
2023-10-16,31983.0390625,31999.7890625,31564.310546875,31659.029296875,84500000,31706.85725896887,-0.0015084422181369517,-0.004759466222643671,-0.009494392781362437,-0.026851116066444636,0.019792848147752617,下降トレンド,downtrend,1.0
2023-10-17,32063.7890625,32260.76953125,31901.390625,32040.2890625,75600000,31599.83703884504,0.013938427059402958,-0.007880862545747713,-0.009792818627682998,-0.035858583620224316,0.018991791650752043,下降トレンド,downtrend,1.0
2023-10-18,32033.810546875,32101.470703125,31866.94921875,32042.25,83200000,31497.286572226767,0.017301916675380058,-0.010054418153532585,-0.011337640793328996,-0.04368170877789257,0.013771660303230515,下降トレンド,downtrend,1.0
2023-10-19,31579.5390625,31669.419921875,31399.169921875,31430.619140625,80700000,31368.449424370436,0.0019819186920428944,-0.010673017254105521,-0.015145586101376951,-0.050882874678305656,0.0025343620174054227,下降トレンド,downtrend,1.0
2023-10-20,31164.890625,31428.970703125,31093.900390625,31259.359375,84500000,31261.617850417973,-7.224435500363668e-05,-0.010703194070630806,-0.017461380318322228,-0.05535779257366358,-0.005077788493674129,下降トレンド,downtrend,1.0
2023-10-23,31151.98046875,31177.41015625,30974.259765625,30999.55078125,73500000,31164.35143172774,-0.005288114236510655,-0.01057028006954086,-0.017110047293875885,-0.058387464945146794,-0.007615654512513448,下降トレンド,downtrend,1.0
2023-10-24,31157.009765625,31210.259765625,30551.669921875,31062.349609375,97900000,31070.986881787383,-0.00027798513272991876,-0.00948285771345625,-0.016735850770608462,-0.0625469767059269,-0.006943032142925465,下降トレンド,downtrend,1.0
2023-10-25,31302.509765625,31466.919921875,31195.580078125,31269.919921875,78700000,31006.723499038453,0.008488366171443662,-0.008153587974849885,-0.015574772514559299,-0.064814988567513,-0.004237131721230303,下降トレンド,downtrend,1.0
2023-10-26,30902.919921875,30943.330078125,30567.609375,30601.779296875,85600000,30898.36480800406,-0.009598744560496253,-0.008534964197999817,-0.014985905423848034,-0.06770450712632026,0.00015968067752891724,下降トレンド,downtrend,1.0
2023-10-27,30713.7890625,31081.48046875,30687.330078125,30991.689453125,89100000,30850.941235857066,0.004562201723179449,-0.007082029507704424,-0.013136767793846538,-0.06710185817343495,0.0043246125244756906,下降トレンド,downtrend,1.0
2023-10-30,30663.48046875,30762.5,30538.2890625,30696.9609375,187000000,30801.916258435038,-0.0034074282929165145,-0.006605252586903143,-0.011629799968296939,-0.06594550496780105,0.005480247325578946,下降トレンド,downtrend,1.0
2023-10-31,30694.9609375,30973.66015625,30552.650390625,30858.849609375,134300000,30773.9048432709,0.002760285590558631,-0.004028043733269593,-0.009561396927840193,-0.06343183653530526,0.007174453842768269,下降トレンド,downtrend,1.0
2023-11-01,31311.220703125,31601.650390625,31301.509765625,31601.650390625,130100000,30843.75727726654,0.024572010035789793,-0.00023286027274183052,-0.005255834973242668,-0.056160689014940646,0.01031893754131663,下降トレンド,downtrend,1.0
2023-11-02,31987.01953125,32087.130859375,31878.359375,31949.890625,121100000,31000.77093877935,0.030616002682481103,0.006455919127754228,0.0033142896529192445,-0.04389742570173871,0.01830019507676728,上昇トレンドへの転換期,transition_to_uptrend,3.0
2023-11-06,32450.8203125,32766.5390625,32395.5,32708.48046875,139400000,31228.48064401871,0.04739262987534287,0.014771469628665157,0.0122375328932538,-0.030657327706059223,0.025374300687100337,上昇トレンドへの転換期,transition_to_uptrend,3.0
2023-11-07,32551.76953125,32591.109375,32250.9296875,32271.8203125,106700000,31385.167503574758,0.028250695454286046,0.017553316265630947,0.01893555064061947,-0.019543812182981846,0.03056535060891641,上昇トレンドへの転換期,transition_to_uptrend,3.0
2023-11-08,32457.23046875,32512.169921875,32049.33984375,32166.48046875,156200000,31492.548027196583,0.021399743233587065,0.015863382539369697,0.023352356081741243,-0.013154809060926143,0.03291375300958144,上昇トレンドへの転換期,transition_to_uptrend,3.0
2023-11-09,32316.390625,32723.7109375,32193.19921875,32646.4609375,115500000,31597.44604011331,0.03319935719029177,0.011815028732922617,0.024435698805160833,-0.008193754236926032,0.0296915337784035,上昇トレンドへの転換期,transition_to_uptrend,3.0
2023-11-10,32491.240234375,32598.9296875,32248.240234375,32568.109375,111300000,31656.237009564902,0.028805456730677692,0.008636866633235929,0.021143540980963715,-0.0061101100499595384,0.01782925132804447,上昇トレンドへの転換期,transition_to_uptrend,3.0
2023-11-13,32818.1484375,32913.30859375,32499.279296875,32585.109375,90600000,31697.707225644892,0.027995783513236505,0.0065145315733468045,0.01502559752986432,-0.003755286959895021,0.002788064636610521,上昇トレンドへの転換期,transition_to_uptrend,3.0
2023-11-14,32760.509765625,32836.26953125,32667.400390625,32695.9296875,88100000,31788.914290380406,0.02853244338055494,0.00605961159088686,0.012864254643842887,0.0025879900597314265,-0.006071295996776582,上昇トレンド,uptrend,4.0
2023-11-15,33112.30859375,33556.51953125,33096.9296875,33519.69921875,123800000,31966.965635431752,0.04857306761694069,0.009815715802638403,0.015064440255055489,0.011618053477155943,-0.008287915826685754,上昇トレンド,uptrend,4.0
2023-11-16,33399.58984375,33614.12890625,33233.83984375,33424.41015625,94200000,32110.81416144913,0.04090821204956918,0.013032707156497958,0.016247139743006178,0.019478744234538325,-0.008188559062154654,上昇トレンド,uptrend,4.0
2023-11-17,33344.8515625,33599.62890625,33263.671875,33585.19921875,93200000,32294.1517452894,0.03997774840606927,0.015893510872810213,0.02015131285287497,0.02951061776741115,-0.0009922281280887457,上昇トレンド,uptrend,4.0
2023-11-20,33559.62109375,33853.4609375,33352.69140625,33388.03125,94900000,32487.60680538633,0.02771593641869563,0.016286849865334352,0.024919770194052893,0.03921706678248471,0.009894172664188572,上昇トレンド,uptrend,4.0
2023-11-21,33453.1484375,33460.3203125,33254.73046875,33354.140625,91900000,32690.432749888634,0.02030281704097736,0.018050572792245534,0.028359523426096933,0.048968813662113364,0.015495268782254046,上昇トレンド,uptrend,4.0
2023-11-22,33182.98828125,33593.5,33182.98828125,33451.828125,75600000,32903.222587478296,0.01667330718330562,0.018860097239672413,0.029288264726909485,0.0589693437373533,0.014223824471853996,上昇トレンド,uptrend,4.0
2023-11-24,33752.05078125,33817.859375,33622.5703125,33625.53125,80700000,33110.01782090391,0.015569711616724824,0.019158413829804877,0.031117356739412072,0.06783349172416364,0.014870216996405894,上昇トレンド,uptrend,4.0
2023-11-27,33710.03125,33811.41015625,33397.0390625,33447.671875,82700000,33312.41355251646,0.004060297890764009,0.019026386324908717,0.03153084234130987,0.07812868931779371,0.011379529488434903,上昇トレンド,uptrend,4.0
2023-11-28,33520.390625,33545.8515625,33298.0390625,33408.390625,84100000,33512.17773675808,-0.0030969969356613447,0.018507462229901073,0.031537285510420565,0.08626111211828902,0.0066175153163676725,上昇トレンド,uptrend,4.0
2023-11-29,33244.4296875,33516.23046875,33179.0703125,33321.21875,89200000,33689.38536539512,-0.010928267506277956,0.017498255290138598,0.0305579501852844,0.09374316463734167,0.0021984267591874662,上昇トレンド,uptrend,4.0
2023-11-30,33260.140625,33486.890625,33161.0703125,33486.890625,152200000,33879.20933572682,-0.011579925223139775,0.01701455171708921,0.029662345250642597,0.10090706747391964,0.0003740805237331113,上昇トレンド,uptrend,4.0
2023-12-01,33537.44140625,33551.5703125,33397.421875,33431.51171875,87600000,34010.31762867667,-0.017018538793023064,0.014864444078553474,0.027191160471208287,0.10266454644110579,-0.003926196268203785,上昇トレンド,uptrend,4.0
2023-12-04,33318.0703125,33324.37890625,33023.0390625,33231.26953125,87300000,34064.73687313654,-0.024467159250063486,0.011141536233753024,0.02258387310886545,0.09883515285500288,-0.008946969232444424,上昇トレンド,uptrend,4.0
2023-12-05,33022.37890625,33089.8203125,32726.6796875,32775.8203125,86100000,34020.830120475555,-0.03659551526422755,0.0041801679415049975,0.015178135772404788,0.08941675735965315,-0.016359149738015777,上昇トレンド,uptrend,4.0
2023-12-06,32928.921875,33452.12890625,32914.08984375,33445.8984375,91200000,34033.0565666729,-0.017252582882839818,0.0006685894040889817,0.010201171601984527,0.0843675300696276,-0.020356778583299873,上昇トレンド,uptrend,4.0
2023-12-07,33165.71875,33195.87109375,32814.69140625,32858.30859375,105100000,34012.6653875791,-0.03393902773202406,-0.0015286037802483277,0.003939172562434923,0.08002265673156006,-0.025723172688207674,上昇トレンド,uptrend,4.0
2023-12-08,32600.470703125,32604.349609375,32205.380859375,32307.859375,144200000,33919.63377428248,-0.04751744697504712,-0.0029745407691320613,-0.002666363054419807,0.0734928934199659,-0.029857523525628094,下降トレンドへの転換期,transition_to_downtrend,2.0
2023-12-11,32665.08984375,32933.078125,32650.099609375,32791.80078125,105800000,33859.222066155235,-0.03152527494044821,-0.005107813345448853,-0.0060330660338485664,0.06959086943671489,-0.028616939142714015,下降トレンドへの転換期,transition_to_downtrend,2.0
2023-12-12,33107.6484375,33172.12890625,32800.23828125,32843.69921875,98100000,33807.26554223074,-0.028501752745340836,-0.006038922354593468,-0.006277465231992574,0.06655239451764272,-0.021455601004397362,下降トレンドへの転換期,transition_to_downtrend,2.0
2023-12-13,32973.46875,33104.46875,32864.37890625,32926.3515625,100000000,33758.16639868536,-0.024640403343048622,-0.004760292421539858,-0.008077151914022584,0.061947762365098136,-0.01827832351600711,下降トレンドへの転換期,transition_to_downtrend,2.0
2023-12-14,33032.30078125,33120.55078125,32515.0390625,32686.25,133400000,33644.33207634709,-0.02847677505301549,-0.006346571973457782,-0.010829298646101382,0.052471869242921576,-0.014768471208536305,下降トレンドへの転換期,transition_to_downtrend,2.0
2023-12-15,32760.560546875,33122.328125,32732.66015625,32970.55078125,141100000,33530.74739283606,-0.01670695272679046,-0.0081792521506735,-0.011464934557791961,0.04421978291324824,-0.008798571503372155,下降トレンドへの転換期,transition_to_downtrend,2.0
2023-12-18,32769.23046875,32790.578125,32541.23046875,32758.98046875,106900000,33398.81707918865,-0.019157463239539263,-0.010644811547309119,-0.01359762448372348,0.03420635855717702,-0.007564558449874914,下降トレンドへの転換期,transition_to_downtrend,2.0
2023-12-19,32774.2109375,33219.390625,32654.4296875,33219.390625,106300000,33320.68999808482,-0.0030401343156650773,-0.009619512657521367,-0.014392632362949187,0.025643107468302784,-0.008115167130956613,下降トレンドへの転換期,transition_to_downtrend,2.0
2023-12-20,33467.3203125,33824.05859375,33467.3203125,33675.94140625,118000000,33302.75214820736,0.011205958486008472,-0.006799587314818334,-0.013490491311036856,0.018730844066932928,-0.005413339397014272,下降トレンドへの転換期,transition_to_downtrend,2.0
2023-12-21,33276.80859375,33337.83984375,33097.7890625,33140.46875,95600000,33234.95810331683,-0.002843071233100125,-0.004906131120851143,-0.012167695054884575,0.010082158820661435,-0.0013383964087831934,下降トレンドへの転換期,transition_to_downtrend,2.0
2023-12-22,33257.94921875,33375.19140625,33151.69921875,33169.05078125,89400000,33163.518745626476,0.00016681087631131852,-0.004716926704320223,-0.010951997070248631,0.001615853093524855,0.0005129374875433301,下降トレンドへの転換期,transition_to_downtrend,2.0
2023-12-25,33414.51171875,33414.51171875,33221.5703125,33254.03125,58900000,33106.91525461661,0.00444366363498272,-0.005880501789137904,-0.008739885124672053,-0.0061688204481458175,0.004857739359051427,下降トレンド,downtrend,1.0
2023-12-26,33295.6796875,33312.26171875,33181.359375,33305.8515625,68300000,33072.2673894679,0.00706284121017009,-0.004895168314735687,-0.00745550613241186,-0.013126880346175152,0.006937126230537327,下降トレンド,downtrend,1.0
2023-12-27,33532.96875,33755.75,33521.51953125,33681.23828125,93700000,33084.96521800747,0.01802247816533864,-0.0023686728848507643,-0.006539607574493234,-0.017940966890078625,0.006950883736543623,下降トレンド,downtrend,1.0
2023-12-28,33477.46875,33571.73046875,33411.23828125,33539.62109375,73300000,33085.52247190351,0.013724994738472551,-0.0006461726363985454,-0.004496338793290255,-0.023426959465265185,0.00767135626159432,下降トレンド,downtrend,1.0
2023-12-29,33458.640625,33652.7109375,33305.171875,33464.171875,89000000,33079.544905917384,0.011627335568749286,0.00022004891179006059,-0.002532114892668469,-0.027367363425458868,0.008419882177580162,下降トレンド,downtrend,1.0
2024-01-04,33193.05078125,33299.390625,32693.1796875,33288.2890625,117300000,33073.10428052475,0.006506337601395407,-0.00035849931848397354,-0.0010212662167957687,-0.029110237848154252,0.007718618907876285,下降トレンド,downtrend,1.0
2024-01-05,33397.51953125,33568.0390625,33257.4296875,33377.421875,115300000,33109.166041797915,0.008102162188664996,0.0007146198133785031,0.0011156976900157378,-0.02679723203252915,0.008571203822427598,上昇トレンドへの転換期,transition_to_uptrend,3.0
2024-01-09,33704.828125,33990.28125,33600.3203125,33763.1796875,112100000,33170.545452327795,0.017866279468449875,0.002750961256245521,0.0025866804984200353,-0.025343333845298077,0.009126288072913269,上昇トレンドへの転換期,transition_to_uptrend,3.0
2024-01-10,33896.328125,34539.01953125,33885.73828125,34441.71875,106000000,33295.0616126151,0.034439255608718966,0.006711112758201354,0.0063332577229067155,-0.02109813408584138,0.010829596516196971,上昇トレンドへの転換期,transition_to_uptrend,3.0
2024-01-11,34871.328125,35157.55859375,34849.5703125,35049.859375,130100000,33530.983892650715,0.045297671169207465,0.012740213701555758,0.013647073683065614,-0.011457962200241645,0.016179188575734083,上昇トレンドへの転換期,transition_to_uptrend,3.0
2024-01-12,35601.6484375,35839.6484375,35362.23828125,35577.109375,129200000,33815.0149361385,0.05210982287570509,0.01942896853284859,0.022432446900686687,-0.0013056156438079336,0.023453713117482455,上昇トレンドへの転換期,transition_to_uptrend,3.0
2024-01-15,35634.12109375,36008.23046875,35544.3203125,35901.7890625,105700000,34100.066170035454,0.052836345932013584,0.02417789661381331,0.029928272037616388,0.008660878752200674,0.02881257434760065,上昇トレンド,uptrend,4.0
2024-01-16,35909.19921875,35955.6796875,35587.53125,35619.1796875,103400000,34345.03430583307,0.037098387217232576,0.024277558206718064,0.03540758336920424,0.017384472255298933,0.03282090287078421,上昇トレンド,uptrend,4.0
2024-01-17,35850.1796875,36239.21875,35476.51953125,35477.75,139500000,34578.037221675295,0.026019775863990402,0.022564599985474,0.0385335105844673,0.027752227127273654,0.032200252861560585,上昇トレンド,uptrend,4.0
2024-01-18,35371.25,35728.08984375,35371.25,35466.171875,100300000,34798.83309987332,0.019177044621335515,0.02049165905877004,0.0378112736352032,0.037818593548803126,0.02416419995213759,上昇トレンド,uptrend,4.0
2024-01-19,35913.71875,36076.23046875,35790.0703125,35963.26953125,104100000,35058.2229680285,0.02581552875760007,0.020765408351166137,0.03676497065690709,0.049684570711154175,0.014332523756220406,上昇トレンド,uptrend,4.0
2024-01-22,36294.1015625,36571.80078125,36225.91015625,36546.94921875,100000000,35354.06018001025,0.0337412176328824,0.022442654953489072,0.03677394652907484,0.06102425196003769,0.006845674491458453,上昇トレンド,uptrend,4.0
2024-01-23,36605.30078125,36984.51171875,36436.0703125,36517.5703125,111500000,35593.44926003508,0.025963234012909675,0.022834563385536244,0.03634921261353874,0.06878401825871405,0.0009416292443344965,上昇トレンド,uptrend,4.0
2024-01-24,36415.66015625,36471.390625,36104.890625,36226.48046875,108600000,35800.17236337575,0.011907990303710703,0.021163348639315682,0.03534426011128122,0.0771842182585123,-0.0031892504731860782,上昇トレンド,uptrend,4.0
2024-01-25,36213.140625,36312.359375,35912.5390625,36236.46875,94600000,36023.11595457349,0.005922663539033035,0.01892443954546219,0.035181721501593266,0.08622719533716938,-0.002629552133609936,上昇トレンド,uptrend,4.0
2024-01-26,36003.0,36060.3984375,35687.578125,35751.0703125,109600000,36181.086929235236,-0.011885121571286295,0.016509714046173407,0.032028547545913444,0.0928558777214965,-0.004736423110993648,上昇トレンド,uptrend,4.0
2024-01-29,35814.2890625,36186.87109375,35813.76953125,36026.94140625,95500000,36352.81738497013,-0.008964256477542176,0.015436937453400246,0.028250141564351017,0.09919338026841595,-0.008523804964723825,上昇トレンド,uptrend,4.0
2024-01-30,36196.640625,36249.03125,36039.30859375,36065.859375,87900000,36499.83728104082,-0.011889858650582008,0.013233761539909183,0.025465023476200388,0.10321522300330854,-0.010884189137338351,上昇トレンド,uptrend,4.0
2024-01-31,35747.890625,36292.53125,35704.578125,36286.7109375,111100000,36652.136261924716,-0.009970096198849143,0.013019214530806789,0.023797759683988007,0.10779983278335714,-0.011546500427293216,上昇トレンド,uptrend,4.0
2024-02-01,36008.55859375,36146.359375,35924.6015625,36011.4609375,118100000,36778.84338480941,-0.020864779223219276,0.011719201714897043,0.020978957822219257,0.11183039214757384,-0.014202763679374009,上昇トレンド,uptrend,4.0
2024-02-02,36249.98828125,36441.08984375,36083.609375,36158.01953125,114800000,36925.22930344771,-0.020777386807617648,0.011654627913310067,0.020567164708675145,0.1164730407599297,-0.011461382837238299,上昇トレンド,uptrend,4.0
2024-02-05,36419.33984375,36452.62109375,36213.0,36354.16015625,130500000,37087.659367727596,-0.01977744683763627,0.011882611771672158,0.02021416868397341,0.12016289751626852,-0.008035972880377606,上昇トレンド,uptrend,4.0
2024-02-06,36249.078125,36294.48046875,36065.98046875,36160.66015625,134700000,37200.7009879539,-0.027957560048147423,0.011470116086323978,0.01920183099767203,0.12149801821673933,-0.006263192478528357,上昇トレンド,uptrend,4.0
2024-02-07,36002.98828125,36195.5,35854.62890625,36119.921875,126500000,37253.56620924409,-0.0304304916172774,0.008891939521841197,0.01640913760173257,0.11889164353217962,-0.007388622082255436,上昇トレンド,uptrend,4.0
2024-02-08,36258.83984375,36956.96875,36206.19921875,36863.28125,151000000,37321.28894676773,-0.012272022475456223,0.006299388611280987,0.014748847762362516,0.11303888565428499,-0.006230110059856742,上昇トレンド,uptrend,4.0
2024-02-09,36915.44140625,37287.26171875,36807.03125,36897.421875,146800000,37340.93290494373,-0.011877341979450451,0.0037696041543744396,0.011257982938435163,0.10427077957718245,-0.009309181770239983,上昇トレンド,uptrend,4.0
2024-02-13,37248.359375,38010.69140625,37184.1015625,37963.96875,140500000,37432.243797157316,0.014204998122048673,0.004796254589685134,0.00929108051853933,0.09771762935902828,-0.01092308816543408,上昇トレンド,uptrend,4.0
2024-02-14,37712.87109375,37825.8515625,37594.46875,37703.3203125,120300000,37496.75824073036,0.00550879813245464,0.0047015871882911675,0.007958378334653737,0.09176651002389624,-0.011243452663018294,上昇トレンド,uptrend,4.0
2024-02-15,38017.828125,38188.73828125,37935.359375,38157.94140625,130000000,37628.17261461323,0.014079046491644709,0.007692354939302204,0.010055585101975684,0.08821019462105117,-0.006353552499756887,上昇トレンド,uptrend,4.0
2024-02-16,38517.37109375,38865.05859375,38361.55078125,38487.23828125,151700000,37799.4432822153,0.018195902884059256,0.00980971076828352,0.012811838737123438,0.08622732186824122,-0.0019370090252390781,上昇トレンド,uptrend,4.0
2024-02-19,38473.41015625,38555.83984375,38281.69921875,38470.37890625,102000000,37943.68778115027,0.013880862823285822,0.011919151451722954,0.016141934047039896,0.0823049364411077,0.004883951108604734,上昇トレンド,uptrend,4.0
2024-02-20,38510.37109375,38742.328125,38288.0390625,38363.609375,108500000,38026.72395799622,0.008859175388758134,0.010591833610017254,0.0158814994917309,0.07559708176027646,0.00659041897319157,上昇トレンド,uptrend,4.0
2024-02-21,38191.96875,38339.69921875,38095.1484375,38262.16015625,104700000,38076.29354263444,0.004881426113795495,0.007324188834003209,0.01545561080729807,0.06975565263316974,0.007497232472644333,上昇トレンド,uptrend,4.0
2024-02-22,38508.0703125,39156.96875,38508.0703125,39098.6796875,122900000,38227.779451778035,0.022781868269920125,0.007487191868811749,0.015935050668177908,0.06780992738699143,0.005879465566202224,上昇トレンド,uptrend,4.0
2024-02-26,39320.640625,39388.078125,39181.03125,39233.7109375,125700000,38405.65487552097,0.021560784854805615,0.009964858343919358,0.016037579939461644,0.06613916808173825,0.003225741202338206,上昇トレンド,uptrend,4.0
2024-02-27,39260.78125,39426.2890625,39113.03125,39239.51953125,119100000,38605.60590941675,0.01642024796400432,0.013901362699329844,0.017444749495206135,0.06701067286683537,0.001302815448166239,上昇トレンド,uptrend,4.0
2024-02-28,39189.21875,39283.94921875,39075.46875,39208.03125,119900000,38808.667932381344,0.010290570094147355,0.015195454429574262,0.020563011824233035,0.06755598944104335,0.004681512332502136,上昇トレンド,uptrend,4.0
2024-02-29,38935.53125,39250.12109375,38876.80859375,39166.19140625,166000000,38990.15028240905,0.00451501526836573,0.01521899336914112,0.02400067482280943,0.06822805762648643,0.008545064015511361,上昇トレンド,uptrend,4.0
2024-03-01,39254.69140625,39990.23046875,39224.640625,39910.8203125,122800000,39232.32426941142,0.017294311660693173,0.01623386928481807,0.02627787520069158,0.07039666089441776,0.010342824532513673,上昇トレンド,uptrend,4.0
2024-03-04,40201.76171875,40314.640625,40001.55078125,40109.23046875,119400000,39493.75895106312,0.015584019704214747,0.01765304132250689,0.028331871415000487,0.07381731768582589,0.012294291475538843,上昇トレンド,uptrend,4.0
2024-03-05,39881.73046875,40226.98828125,39840.33984375,40097.62890625,115200000,39754.75307920148,0.008624775668092388,0.019610152596344133,0.029766329078762865,0.07662846864134631,0.01232157958355673,上昇トレンド,uptrend,4.0
2024-03-06,39792.37109375,40147.76953125,39769.0390625,40090.78125,112900000,39994.421490604356,0.0024093299966416737,0.0194252376168067,0.030553832981049966,0.07837545351826991,0.009990821156816931,上昇トレンド,uptrend,4.0
2024-03-07,40331.05859375,40472.109375,39518.3984375,39598.7109375,137200000,40179.727753092535,-0.014460446799513638,0.01736904311588572,0.030509691859797128,0.08007985564850739,0.0065090170369876965,上昇トレンド,uptrend,4.0
2024-03-08,39809.55859375,39989.328125,39551.6015625,39688.94140625,143300000,40381.45063438938,-0.017149191454495005,0.015764091250657808,0.029290295346429573,0.08396201339696541,0.003012420145737993,上昇トレンド,uptrend,4.0
2024-03-11,39232.140625,39241.28125,38496.66015625,38820.48828125,132900000,40454.27488624665,-0.04038600641318357,0.01149793842499558,0.024320701819588786,0.08394634879699825,-0.004011169595411701,上昇トレンド,uptrend,4.0
2024-03-12,38470.390625,38841.80078125,38271.37890625,38797.51171875,112900000,40487.13092930143,-0.04173225347831733,0.007650703312324758,0.018422397156910186,0.08425601021717277,-0.011343931921852679,上昇トレンド,uptrend,4.0
2024-03-13,39059.94921875,39147.80078125,38452.5703125,38695.96875,105400000,40456.44634813884,-0.04351537905700975,0.0018571822599555698,0.011552232544306706,0.08079137781238721,-0.01900160043674326,上昇トレンド,uptrend,4.0
2024-03-14,38591.73046875,38840.328125,38400.171875,38807.37890625,111100000,40403.32478336615,-0.039500360073663865,-0.00125944916881493,0.005564921485970098,0.07751514208176458,-0.02494477037382703,上昇トレンド,uptrend,4.0
2024-03-15,38548.16015625,38808.6796875,38519.94140625,38707.640625,167100000,40334.56134114452,-0.04033564918146093,-0.0037683477355636708,-0.0011611592082064748,0.07192453256367393,-0.030451454554636048,下降トレンドへの転換期,transition_to_downtrend,2.0
2024-03-18,38960.98828125,39769.109375,38935.46875,39740.44140625,128700000,40339.30389028353,-0.014845632578646906,-0.002895520205785318,-0.0028419986833628785,0.067193069196954,-0.027162700502951664,下降トレンドへの転換期,transition_to_downtrend,2.0
2024-03-19,39622.578125,40003.6015625,39407.5,40003.6015625,134700000,40360.1816340627,-0.008834947146564742,-0.0010678118579294793,-0.00313554683487971,0.06368632028732057,-0.021557943991789896,下降トレンドへの転換期,transition_to_downtrend,2.0
2024-03-21,40511.55078125,40823.3203125,40452.19140625,40815.66015625,157200000,40470.65929956806,0.008524715501376123,0.0033742268143799325,0.00035131487592643396,0.06426889006456027,-0.011200917668380272,上昇トレンド,uptrend,4.0
2024-03-22,40942.87890625,41087.75,40714.140625,40888.4296875,136100000,40596.02474617658,0.00720279739584484,0.006364037827506719,0.004769408553470411,0.0661758529810883,-0.0007955129324996868,上昇トレンド,uptrend,4.0
2024-03-25,40798.9609375,40837.1796875,40414.12109375,40414.12109375,101500000,40636.51002738793,-0.005472638607204372,0.00684655970656034,0.007486103138436562,0.06300995271379439,0.008647262346643037,上昇トレンド,uptrend,4.0
2024-03-26,40345.0390625,40529.53125,40280.8515625,40398.03125,101400000,40633.44578016374,-0.0057936147339653354,0.004022333300545355,0.007291694737227683,0.05800684591535821,0.010133693420590562,上昇トレンド,uptrend,4.0
2024-03-27,40517.171875,40979.359375,40452.2109375,40762.73046875,121300000,40664.53925674838,0.0024146643192404227,0.0016877147701082063,0.007541036991489003,0.053332496636956384,0.010676583826368713,上昇トレンド,uptrend,4.0
2024-03-28,40324.421875,40482.01953125,40054.05859375,40168.0703125,135600000,40642.008785699436,-0.011661295476275702,0.00013531571258962316,0.004233918821609173,0.04724049937793362,0.003882603945682739,上昇トレンド,uptrend,4.0
2024-03-29,40277.44921875,40521.7109375,40268.109375,40369.44140625,122000000,40648.27929474384,-0.0068597710243025745,0.0003650567726978249,0.0012871838780761369,0.04252686897395419,-0.0034822246753942743,上昇トレンド,uptrend,4.0
2024-04-01,40646.69921875,40697.21875,39706.44921875,39803.08984375,134500000,40570.14053040116,-0.018906779139115093,-0.002321401596393491,-0.0016332479571213865,0.03409984715162029,-0.009119351095557948,下降トレンドへの転換期,transition_to_downtrend,2.0
2024-04-02,39892.58984375,40151.05078125,39707.87109375,39838.91015625,115800000,40460.8181740569,-0.015370623874473743,-0.0044582100406979075,-0.004248411691216036,0.024486380853037115,-0.01154010642844372,下降トレンドへの転換期,transition_to_downtrend,2.0
2024-04-03,39503.71875,39625.8984375,39217.0390625,39451.8515625,123200000,40315.774883787686,-0.021428915202001964,-0.008180036565512139,-0.008576621777481863,0.014112068649213105,-0.016117658768970866,下降トレンドへの転換期,transition_to_downtrend,2.0
2024-04-04,39928.328125,40243.01953125,39773.140625,39773.140625,145100000,40214.35066278626,-0.010971457465171697,-0.00876974698542854,-0.010522563615597114,0.00549899620959815,-0.014756482437206286,下降トレンドへの転換期,transition_to_downtrend,2.0
2024-04-05,39237.390625,39274.76171875,38774.23828125,38992.078125,129600000,40070.56918679669,-0.02691479266913066,-0.009645108647615808,-0.014212412381791939,-0.0027167572405326634,-0.015499596259868076,下降トレンド,downtrend,1.0
2024-04-08,39391.98046875,39617.359375,39197.0,39347.0390625,108300000,39990.00716554407,-0.016078219250684644,-0.00808040324618986,-0.014299515783593786,-0.009693645540112206,-0.0126662678264724,下降トレンド,downtrend,1.0
2024-04-09,39496.94921875,39773.12890625,39476.12890625,39773.12890625,105900000,39996.42436109934,-0.005582885430791662,-0.005419117755109726,-0.011477617950279573,-0.011317729125901566,-0.007229206259063536,下降トレンド,downtrend,1.0
2024-04-10,39582.328125,39708.69921875,39510.48046875,39581.80859375,97400000,40028.72700516006,-0.011164941901660952,-0.0010442123105758316,-0.007119989122249537,-0.011322213098819867,0.001456632655232326,下降トレンド,downtrend,1.0
2024-04-11,39090.6796875,39473.48046875,39065.30859375,39442.62890625,107000000,40056.09240370043,-0.015315110901675366,0.0016525437938230692,-0.0039353677599544,-0.009895924644326204,0.0065871958556427135,下降トレンド,downtrend,1.0
2024-04-12,39722.01953125,39774.8203125,39457.73046875,39523.55078125,107100000,40090.7066167133,-0.014146815641978727,0.0023572671087483954,0.0005025491358192635,-0.007737436667131781,0.014714961517611203,上昇トレンドへの転換期,transition_to_uptrend,3.0
2024-04-15,39056.9296875,39232.80078125,38820.94921875,39232.80078125,107000000,40097.66062884426,-0.021568835538802622,0.001722103819972176,0.0026920091025377513,-0.0058733925552476585,0.016991524886131537,上昇トレンドへの転換期,transition_to_uptrend,3.0
2024-04-16,38750.671875,38764.8203125,38322.3203125,38471.19921875,133000000,39987.79236215445,-0.037926403380042384,-0.001705109945763783,-0.000215819265916517,-0.008713871937035433,0.011261798684363056,下降トレンド,downtrend,1.0
2024-04-17,38587.46875,38587.609375,37961.80078125,37961.80078125,120600000,39775.103100601686,-0.045588877916051374,-0.007872236304761082,-0.006336047222427976,-0.014496429643597653,0.0007839418998215608,下降トレンド,downtrend,1.0
2024-04-18,37745.0390625,38216.75,37644.91015625,38079.69921875,105800000,39532.68199724201,-0.036753964190777144,-0.014090064675639336,-0.013066936264857998,-0.023176724040570806,-0.009131568504903598,下降トレンド,downtrend,1.0
2024-04-19,37724.46875,37749.48046875,36733.05859375,37068.3515625,155400000,39167.004551542,-0.05358216726224918,-0.020525959602342603,-0.023040303928846817,-0.035200988362023566,-0.02354285306466608,下降トレンド,downtrend,1.0
2024-04-22,37240.9296875,37511.80078125,37052.62890625,37438.609375,119400000,38871.35607867006,-0.03685867559573652,-0.022721424999095796,-0.030582945013307272,-0.043437636438960925,-0.033274954115845023,下降トレンド,downtrend,1.0
2024-04-23,37797.05859375,37817.78125,37397.26953125,37552.16015625,95900000,38619.91692901387,-0.02764782676064481,-0.02308887285441008,-0.03420732559457762,-0.04955348512758495,-0.0339915063286611,下降トレンド,downtrend,1.0
2024-04-24,37871.921875,38460.078125,37857.46875,38460.078125,121100000,38445.35388792546,0.0003829913262720641,-0.018424964377014796,-0.033431697444326836,-0.05457298691647261,-0.02709565022189886,下降トレンド,downtrend,1.0
2024-04-25,38065.91015625,38129.53125,37604.23046875,37628.48046875,113900000,38213.66313447395,-0.01531344073622809,-0.016919732433955614,-0.03336527642774356,-0.05974964633342483,-0.020298340162885564,下降トレンド,downtrend,1.0
2024-04-26,37725.609375,38097.5390625,37550.69921875,37934.76171875,124900000,38036.220589022196,-0.0026674277491565146,-0.01511386834582129,-0.028870830829856864,-0.0642600068450968,-0.005830526901010047,下降トレンド,downtrend,1.0
2024-04-30,38312.66015625,38608.171875,38182.109375,38405.66015625,151400000,37926.93488618134,0.012622303160150228,-0.013484568337058356,-0.024296070108214107,-0.06515150328944841,0.006286874905093165,下降トレンド,downtrend,1.0
2024-05-01,38107.37890625,38433.33984375,38036.23828125,38274.05078125,108500000,37833.15592455882,0.011653663193478936,-0.00995736023987348,-0.020371897896651836,-0.06494337900420677,0.013835427697925784,下降トレンド,downtrend,1.0
2024-05-02,38004.01171875,38355.6015625,37958.19140625,38236.0703125,101900000,37755.148258738736,0.012737919884871607,-0.007389596703637258,-0.017952900920064074,-0.06351426042114006,0.015478796524262761,下降トレンド,downtrend,1.0
2024-05-07,38636.23046875,38863.140625,38541.96875,38835.1015625,115200000,37736.0006190374,0.029126058019728784,-0.005034265693152795,-0.012499783487274096,-0.061628498356988026,0.020865492940469466,下降トレンド,downtrend,1.0
2024-05-08,38677.5703125,38749.3515625,38159.8515625,38202.37109375,120100000,37682.14002430426,0.013805772950002293,-0.003991628415977111,-0.00930903647193937,-0.05960557114520404,0.019561794357917495,下降トレンド,downtrend,1.0
2024-05-09,38242.921875,38429.80859375,38072.23828125,38073.98046875,118600000,37636.89539571913,0.011613207424132632,-0.003132099024196866,-0.007647322182312233,-0.05884249432824329,0.016648747925901874,下降トレンド,downtrend,1.0
2024-05-10,38361.7890625,38741.87890625,38126.91015625,38229.109375,167300000,37570.81706408383,0.017521373298678533,-0.0043773466250749404,-0.006934099312204012,-0.06064560359487203,0.013437798584447824,下降トレンド,downtrend,1.0
2024-05-13,38211.609375,38273.3984375,37969.578125,38179.4609375,128700000,37494.541619697746,0.01826717405294076,-0.004978443487697826,-0.006902545773493807,-0.06330916756697336,0.011050355146570268,下降トレンド,downtrend,1.0
2024-05-14,38287.98828125,38477.6796875,38084.7109375,38356.05859375,143300000,37454.896796438974,0.024059919380066352,-0.004835643252893318,-0.0074492213797719975,-0.0649388258107062,0.005050562107502099,下降トレンド,downtrend,1.0
2024-05-15,38533.08984375,38816.6015625,38335.609375,38385.73046875,146300000,37424.89329868163,0.02567374507657494,-0.0038839657160849583,-0.006826754676266034,-0.06649454556932977,0.0024822817956733356,下降トレンド,downtrend,1.0
2024-05-16,38645.9609375,38949.37890625,38513.328125,38920.26171875,157900000,37458.46740545039,0.03902440261309015,-0.0009621190895797715,-0.004740773339371507,-0.06581913213897983,0.002906548842940726,下降トレンド,downtrend,1.0
2024-05-17,38561.0390625,38842.48828125,38539.55859375,38787.37890625,133300000,37533.15404756018,0.03341645248093261,0.002089373027684971,-0.0010024540179525143,-0.06138469191706131,0.0059316452942514974,下降トレンド,downtrend,1.0
2024-05-20,38761.7109375,39437.16015625,38703.69921875,39069.6796875,127400000,37692.70597906018,0.036531569508561956,0.007156003845921077,0.0052851522062167255,-0.05235428595306413,0.012187697979710532,上昇トレンドへの転換期,transition_to_uptrend,3.0
2024-05-21,39232.16015625,39346.1484375,38942.28125,38946.9296875,106700000,37853.82450431191,0.028877007739695593,0.010554545507219348,0.010650882581282772,-0.042467583986515955,0.01810010396105477,上昇トレンドへの転換期,transition_to_uptrend,3.0
2024-05-22,38823.91015625,38854.98828125,38592.94140625,38617.1015625,105500000,38019.6287584836,0.015714851078946435,0.012961199858316785,0.015891440359107945,-0.029294448380613347,0.022718195035373978,上昇トレンドへの転換期,transition_to_uptrend,3.0
2024-05-23,38803.12890625,39129.46875,38617.4296875,39103.21875,107800000,38250.26451359531,0.02229930295257221,0.014792212977356556,0.021138000644140398,-0.015978129597993607,0.025878773983511905,上昇トレンドへの転換期,transition_to_uptrend,3.0
2024-05-24,38506.03125,38740.8203125,38367.69921875,38646.109375,96300000,38403.670752018304,0.006312902340694926,0.014525513733592899,0.02319327342847477,-0.005599343400790824,0.024195727446427284,上昇トレンドへの転換期,transition_to_uptrend,3.0
2024-05-27,38766.2109375,38900.01953125,38667.9296875,38900.01953125,94200000,38522.48688359011,0.009800318676225217,0.013226276571527418,0.02201436280512481,0.002006302137041116,0.016729210598908084,上昇トレンド,uptrend,4.0
2024-05-28,38879.1484375,38981.96875,38756.12890625,38855.37109375,101200000,38626.65752623706,0.005921132765825954,0.00984027215048311,0.020416246760934786,0.010807505951726748,0.009765364179652014,上昇トレンド,uptrend,4.0
2024-05-29,38880.5,39141.98828125,38524.23828125,38556.87109375,123900000,38718.483931468625,-0.004174048705126943,0.008197476264265147,0.018381430745272098,0.01793720122244058,0.0024899903861641537,上昇トレンド,uptrend,4.0
2024-05-30,38112.76953125,38138.03125,37617.0,38054.12890625,117300000,38716.883692473886,-0.017117978592701588,0.0050463203341784,0.012199109857468304,0.02082817418974625,-0.008938890786672093,上昇トレンド,uptrend,4.0
2024-05-31,38173.21875,38526.9296875,38087.609375,38487.8984375,211000000,38737.88047306964,-0.006453167610536381,0.0028794349279908094,0.008702546254221621,0.023913536325515183,-0.014490727174253148,上昇トレンド,uptrend,4.0
2024-06-03,38734.94921875,39032.5,38734.94921875,38923.03125,115900000,38804.46721488394,0.003055422316701417,0.0022207296021068412,0.007319889085716014,0.02779273832946294,-0.014694473719408796,上昇トレンド,uptrend,4.0
2024-06-04,38702.5390625,38895.05859375,38591.7890625,38837.4609375,117900000,38831.194347971286,0.00016138029318790714,0.0029524756280843167,0.005295224459825221,0.02902251725057936,-0.015121022301109566,上昇トレンド,uptrend,4.0
2024-06-05,38654.08984375,38656.41015625,38343.98046875,38490.171875,119400000,38823.7657435674,-0.008592517036363767,0.002217087498048942,0.0027191615323864937,0.030296201822051838,-0.015662269212885604,上昇トレンド,uptrend,4.0
2024-06-06,38841.66015625,39011.9296875,38693.5,38703.51171875,118900000,38870.74093455884,-0.004302187501143306,0.001707888921858025,0.003973905630087149,0.03278287238803568,-0.008225204227381155,上昇トレンド,uptrend,4.0
2024-06-07,38597.55078125,38747.26953125,38560.8515625,38683.9296875,96200000,38909.85515478068,-0.005806381606458411,0.0020257117539188574,0.0044394447917870394,0.03564037716861135,-0.004263101462434582,上昇トレンド,uptrend,4.0
2024-06-10,38689.78125,39081.5390625,38689.78125,39038.16015625,89200000,38973.15875301368,0.0016678505236964458,0.00384797833453443,0.004347219540358438,0.03943553033167757,-0.0029726695453575758,上昇トレンド,uptrend,4.0
2024-06-11,39175.58984375,39336.66015625,39074.87890625,39134.7890625,93300000,39034.20932996253,0.00257670731043258,0.0042054355402922905,0.005228141585653878,0.0421657157969717,-6.708287417134251e-05,上昇トレンド,uptrend,4.0
2024-06-12,38865.1484375,38945.98828125,38809.359375,38876.7109375,108200000,39055.9348291654,-0.004588902876076162,0.0037543104132264915,0.005980076408133472,0.043581728275527976,0.0032609148757469786,上昇トレンド,uptrend,4.0
2024-06-13,39182.05859375,39252.44140625,38689.7890625,38720.46875,115900000,39031.87940639012,-0.007978366943282245,0.001506694742106296,0.004145495248021325,0.04200417448768312,0.00017158961793417582,上昇トレンド,uptrend,4.0
2024-06-14,38587.5703125,39025.69921875,38554.75,38814.55859375,157100000,38997.73903585138,-0.004697206726086867,-0.0009343161994869176,0.0022586535139004216,0.03902110082289778,-0.002180791277886618,上昇トレンド,uptrend,4.0
2024-06-17,38440.98046875,38442.69921875,37950.19921875,38102.44140625,107500000,38888.950899118405,-0.020224497567668642,-0.004275507186741301,-0.002160662789201462,0.03173677476811543,-0.0065078823295599,下降トレンドへの転換期,transition_to_downtrend,2.0
2024-06-18,38433.48046875,38519.01953125,38332.890625,38482.109375,97100000,38814.29313455528,-0.008558284403214933,-0.005574578399604846,-0.005633934929954898,0.02537309354657058,-0.010862076515608776,下降トレンドへの転換期,transition_to_downtrend,2.0
2024-06-19,38653.91015625,38797.96875,38453.41015625,38570.76171875,93600000,38772.82859062919,-0.005211558692626017,-0.005767268841289086,-0.007248737990129928,0.01981081501164117,-0.0132288143982634,下降トレンドへの転換期,transition_to_downtrend,2.0
2024-06-20,38410.3203125,38637.62109375,38263.078125,38633.01953125,88000000,38733.66938871764,-0.0025985107803123686,-0.003992946757642835,-0.007640165480314098,0.012637948554591105,-0.011785660728335423,下降トレンドへの転換期,transition_to_downtrend,2.0
2024-06-21,38608.66015625,38795.6796875,38532.12890625,38596.46875,140800000,38694.71366506456,-0.0025389751146618345,-0.003080810181862015,-0.007770331775086792,0.007578518077753449,-0.010028985288987213,下降トレンドへの転換期,transition_to_downtrend,2.0
2024-06-24,38497.421875,38905.46875,38416.0703125,38804.6484375,93500000,38687.91404167644,0.0030173349666204885,-0.002190052983992885,-0.005169510948327516,0.004294301107460541,-0.003008848159126054,下降トレンドへの転換期,transition_to_downtrend,2.0
2024-06-25,38833.8984375,39215.0703125,38758.0703125,39173.1484375,108300000,38707.58677367347,0.012027659242843214,-0.0006733835305509084,-0.002749151208599754,0.0020951656865841883,0.002884783721355144,下降トレンドへの転換期,transition_to_downtrend,2.0
2024-06-26,39364.73046875,39788.62890625,39233.55859375,39667.0703125,108900000,38792.86706677811,0.022535154316308592,0.002536610105533965,0.0005168174950682669,0.0019211272693719916,0.0077655554851981945,上昇トレンド,uptrend,4.0
2024-06-27,39434.46875,39439.23828125,39193.51171875,39341.5390625,115000000,38884.051991725566,0.011765416599889944,0.0050697473592873354,0.0038824775803898426,0.0043177106034537616,0.011522643060703941,上昇トレンド,uptrend,4.0
2024-06-28,39593.01171875,39783.69921875,39485.73046875,39583.078125,124300000,38997.87490008707,0.01500602856981903,0.007499514968756227,0.007834693845950591,0.006711632744031304,0.015605025621037383,上昇トレンド,uptrend,4.0
2024-07-01,39839.8203125,39942.69140625,39537.1015625,39631.05859375,118800000,39072.87643522546,0.014285668459804501,0.007218063258004115,0.00995045618469681,0.006916967029985788,0.015119967133024326,上昇トレンド,uptrend,4.0
2024-07-02,39543.609375,40113.48046875,39457.62109375,40074.69140625,135100000,39173.90734176449,0.022994491119479266,0.007454350439110691,0.012047265328568146,0.008825713438585181,0.0147964165371679,上昇トレンド,uptrend,4.0
2024-07-03,40225.828125,40694.2109375,40172.8515625,40580.76171875,125600000,39341.67951042085,0.03149540700215758,0.008815983209716327,0.014147251418618056,0.013340121879837685,0.01363043392354979,上昇トレンド,uptrend,4.0
2024-07-04,40747.58984375,40971.23046875,40604.1484375,40913.6484375,118000000,39544.16538645463,0.034631734863077135,0.012061793096048934,0.016976455922585787,0.01732471354301013,0.013093978342195944,上昇トレンド,uptrend,4.0
2024-07-05,41009.359375,41100.12890625,40746.890625,40912.37109375,114200000,39733.77768740843,0.029662254004986455,0.014291919893501204,0.018870330478436337,0.021175163190668478,0.011035636632485746,上昇トレンド,uptrend,4.0
2024-07-08,40863.140625,41112.23828125,40780.69921875,40780.69921875,113000000,39890.34048099596,0.0223201588910531,0.013946048501304542,0.020921522046775554,0.023533676954305305,0.010971065862078744,上昇トレンド,uptrend,4.0
2024-07-09,40953.41015625,41769.3515625,40942.44140625,41580.171875,118200000,40101.60332992131,0.03687055933685013,0.014096591444502149,0.023681477062355016,0.02734509083906178,0.01163421173378687,上昇トレンド,uptrend,4.0
2024-07-10,41444.328125,41889.16015625,41430.37890625,41831.98828125,134400000,40341.679069275284,0.03694217113312348,0.015299360323835831,0.0254183240598449,0.0329205854560608,0.011271072641226842,上昇トレンド,uptrend,4.0
2024-07-11,42343.71875,42426.76953125,42102.4609375,42224.01953125,123000000,40634.88912958842,0.03910753629950103,0.018664885774719364,0.02758241911226178,0.041069242567291164,0.010605963189675993,上昇トレンド,uptrend,4.0
2024-07-12,41668.859375,41754.76171875,41188.2890625,41190.6796875,130400000,40819.16203061892,0.009101550311160223,0.01789351649594062,0.027316414556636692,0.04670586141142885,0.008446084078200355,上昇トレンド,uptrend,4.0
2024-07-16,41366.7890625,41520.0703125,41220.6484375,41275.078125,100800000,41035.33714892977,0.005842305503672041,0.017194576320517685,0.028703607292579925,0.05519270127341036,0.007782085245804371,上昇トレンド,uptrend,4.0
2024-07-17,41416.1796875,41466.44921875,41054.71875,41097.69140625,109900000,41238.892253337355,-0.0034239728414607873,0.014864150898079576,0.028360185852406294,0.062466656558110234,0.004678708790051278,上昇トレンド,uptrend,4.0
2024-07-18,40521.7109375,40587.62890625,40104.21875,40126.3515625,117600000,41314.09831247248,-0.028749187286846944,0.01212509657798222,0.024104580315741142,0.06554254136768023,-0.001313743744103757,上昇トレンド,uptrend,4.0
2024-07-19,39965.91015625,40212.8984375,39824.578125,40063.7890625,99800000,41371.39416716885,-0.03160650326129277,0.008189454299337928,0.018124942711954972,0.06809901618098513,-0.009457476400306808,上昇トレンド,uptrend,4.0
2024-07-22,39947.94921875,39973.19921875,39519.390625,39599.0,82700000,41376.037272307614,-0.042948464605549797,0.003325623252141474,0.013642495680606492,0.06929431318324708,-0.0136739188760302,上昇トレンド,uptrend,4.0
2024-07-23,39864.08984375,39927.890625,39519.91015625,39594.390625,88300000,41369.59153443312,-0.042910767150204254,0.0013432030281994578,0.008145525508666873,0.06931563924247386,-0.02055808178391305,上昇トレンド,uptrend,4.0
2024-07-24,39336.73828125,39643.26953125,39096.5,39154.8515625,110300000,41290.36866876348,-0.05171949718819102,-0.001958490885706432,0.001248249228177567,0.06672546935544577,-0.027111936624228727,上昇トレンド,uptrend,4.0
2024-07-25,38524.19921875,38557.7890625,37825.578125,37869.51171875,143000000,41045.96343479043,-0.07738767591816542,-0.007977415414262001,-0.0064901544178468384,0.058080171391659,-0.03059473473358798,下降トレンドへの転換期,transition_to_downtrend,2.0
2024-07-26,37792.87109375,38105.9609375,37611.19140625,37667.41015625,124000000,40784.2066800922,-0.07642165381050758,-0.014150124103925243,-0.014193079515377516,0.048867198530929246,-0.03231802222733249,下降トレンドへの転換期,transition_to_downtrend,2.0
2024-07-29,38139.12109375,38719.69921875,38010.01171875,38468.62890625,107300000,40614.18154595242,-0.05282767146925915,-0.016376388601310854,-0.018412969839068927,0.04144601853322394,-0.03205546551967542,下降トレンドへの転換期,transition_to_downtrend,2.0
2024-07-30,38241.3515625,38531.16015625,38076.69921875,38525.94921875,109700000,40443.10028803094,-0.0474036623213161,-0.014687513614274339,-0.02239546517231228,0.03506841517227488,-0.030540990680979152,下降トレンドへの転換期,transition_to_downtrend,2.0
2024-07-31,38140.76953125,39188.37109375,37954.37890625,39101.8203125,146400000,40310.22233192243,-0.029977557788498532,-0.011621762117077883,-0.023737892599213883,0.029006935158252034,-0.02498614182739145,下降トレンドへの転換期,transition_to_downtrend,2.0
2024-08-01,38781.55859375,38781.55859375,37737.87890625,38126.328125,178800000,40046.261986632075,-0.04794289819791353,-0.013983282136998954,-0.024355658011209202,0.017909313607838984,-0.017865503593362364,下降トレンドへの転換期,transition_to_downtrend,2.0
2024-08-02,37444.171875,37471.51953125,35880.1484375,35909.69921875,204300000,39547.3580032752,-0.09198234643699688,-0.022148210161346937,-0.030326657730987194,8.073547107056989e-05,-0.01613357821560968,下降トレンドへの転換期,transition_to_downtrend,2.0
2024-08-05,35249.359375,35301.1796875,31156.119140625,31458.419921875,285600000,38645.88100393373,-0.18598259103802361,-0.0412883192328779,-0.04846338069848044,-0.027379643889723804,-0.030050410859411514,下降トレンド,downtrend,1.0
2024-08-06,32077.330078125,34911.80078125,32077.330078125,34675.4609375,251200000,38081.73997927684,-0.08944651803280146,-0.049056314120179634,-0.05838722283743758,-0.04533930971536204,-0.0359917576651253,下降トレンド,downtrend,1.0
2024-08-07,34122.3515625,35849.76953125,33739.4609375,35089.62109375,242800000,37545.71530708894,-0.0654160985681157,-0.05061381587160607,-0.06858079328042366,-0.0637353075837076,-0.044842900681209774,下降トレンド,downtrend,1.0
2024-08-08,34645.7890625,35379.6484375,34207.16015625,34831.1484375,165300000,36960.98547090265,-0.05762392442375086,-0.043598321199084134,-0.07704280905816696,-0.08380150941578968,-0.05268715104695776,下降トレンド,downtrend,1.0
2024-08-09,35272.33984375,35671.30859375,34445.5703125,35025.0,176900000,36386.63953079037,-0.037421414792595864,-0.04451215856756807,-0.07992236731017699,-0.10454684852836638,-0.049595709579189795,下降トレンド,downtrend,1.0
2024-08-13,35490.578125,36232.51171875,35476.7890625,36232.51171875,140700000,35968.500288975774,0.007340073332308128,-0.04200785642817073,-0.06927984678846966,-0.11883295737439714,-0.020816466089989216,下降トレンド,downtrend,1.0
2024-08-14,36535.6015625,36683.890625,36074.7109375,36442.4296875,135600000,35624.74855215249,0.02295261492584233,-0.03615263234261179,-0.06451888565126984,-0.13185193476394763,-0.0061316628138322615,下降トレンド,downtrend,1.0
2024-08-15,36381.3984375,36885.16015625,36381.3984375,36726.640625,119700000,35323.58367338322,0.039720119130324916,-0.029215554695772195,-0.05918469299441376,-0.1434400454700726,0.0093961002860099,下降トレンド,downtrend,1.0
2024-08-16,37304.9296875,38143.55078125,37304.9296875,38062.671875,129500000,35201.66457333932,0.08127477312045972,-0.02131964662067054,-0.0475994044841781,-0.14795031209207943,0.029443404573988863,下降トレンド,downtrend,1.0
2024-08-19,37863.76171875,38125.26953125,37318.0390625,37388.62109375,107800000,35076.048337241285,0.0659302534388797,-0.015402220007474265,-0.036018473001335205,-0.15216663486103577,0.043903894308841784,下降トレンド,downtrend,1.0
2024-08-20,37847.8515625,38236.390625,37738.30078125,38062.921875,110600000,35040.601988858885,0.0862519395957313,-0.008011126140000435,-0.025797525408677857,-0.15311846423941966,0.0434823213797918,下降トレンド,downtrend,1.0
2024-08-21,37653.33984375,38026.01953125,37605.828125,37951.80078125,94800000,35023.17982593843,0.08361950484983116,-0.005070349642956162,-0.01688625886954387,-0.1534076473346948,0.04763262678172597,下降トレンド,downtrend,1.0
2024-08-22,38033.78125,38408.19140625,37883.859375,38211.01171875,92800000,35055.28181712367,0.0900215242338982,-0.0005920427500256675,-0.007595544629343864,-0.15100584113594284,0.05158914836506989,下降トレンド,downtrend,1.0
2024-08-23,38278.1796875,38424.26953125,38053.46875,38364.26953125,89800000,35187.255545006505,0.09028876896011151,0.004185246480475691,-0.00040932803909876636,-0.14273529963772524,0.04719007644507933,下降トレンド,downtrend,1.0
2024-08-26,38156.41015625,38204.80859375,37825.30859375,38110.21875,91700000,35366.99855819737,0.077564404773806,0.009816890812532675,0.00829484034685768,-0.13282612469054367,0.044313313348192884,上昇トレンドへの転換期,transition_to_uptrend,3.0
2024-08-27,38066.30859375,38365.640625,37911.3203125,38288.62109375,84300000,35533.007714982225,0.07755080574296258,0.013627786544428755,0.014052433410815857,-0.12510836455539953,0.039849958819493714,上昇トレンドへの転換期,transition_to_uptrend,3.0
2024-08-28,38221.37890625,38399.91015625,38141.48828125,38371.76171875,88700000,35666.35943477654,0.07585305388179187,0.01361583568679392,0.018364397865489268,-0.11811015523624602,0.03525065673503314,上昇トレンドへの転換期,transition_to_uptrend,3.0
2024-08-29,38119.94921875,38401.1484375,37970.19921875,38362.53125,106500000,35768.754017085506,0.07251516873289843,0.011359614195901813,0.020352773190752682,-0.11266294384192588,0.027948317820096547,上昇トレンドへの転換期,transition_to_uptrend,3.0
2024-08-30,38388.0390625,38669.7890625,38316.87109375,38647.75,136600000,35919.27906357146,0.07596118317407141,0.010870775468477145,0.02080365482407842,-0.10305538440612128,0.021212982863177188,上昇トレンドへの転換期,transition_to_uptrend,3.0
2024-09-02,39025.30859375,39080.640625,38476.51171875,38700.87109375,87100000,36230.120574650915,0.0681960335740035,0.015806523256328697,0.024404729031027417,-0.08388012742468309,0.016109888684169738,上昇トレンドへの転換期,transition_to_uptrend,3.0
2024-09-03,38745.76171875,38967.55859375,38581.55078125,38686.30859375,91200000,36857.59777466624,0.049615572622606186,0.03044119895986963,0.037277735403342005,-0.04627357904159224,0.02322530199252615,上昇トレンドへの転換期,transition_to_uptrend,3.0
2024-09-04,38039.91015625,38080.01953125,36879.328125,37047.609375,144400000,37358.300071613645,-0.008316510548340483,0.040062636154120534,0.047437996578573616,-0.018997028708690133,0.029073598713084348,上昇トレンドへの転換期,transition_to_uptrend,3.0
2024-09-05,36536.25,37099.9609375,36359.23046875,36657.08984375,111300000,37619.47490388749,-0.025582097107847646,0.038348045968377376,0.05174127356848812,0.0019645276750026586,0.03138850037773544,上昇トレンド,uptrend,4.0
2024-09-06,36815.0,36898.28125,36235.609375,36391.46875,111700000,37824.896765184836,-0.037896415794165694,0.02624422232920076,0.05305278255281043,0.023373600115784265,0.03224912772873201,上昇トレンド,uptrend,4.0
2024-09-09,35805.8203125,36248.12109375,35247.87109375,36215.75,118200000,37992.094181057,-0.04675562690994517,0.01696528236639283,0.04863283860111922,0.04412209181636828,0.024228109570091805,上昇トレンド,uptrend,4.0
2024-09-10,36386.12109375,36537.03125,36001.578125,36159.16015625,112300000,38061.00024610736,-0.049968210965550486,0.011736616296423863,0.03265005166094337,0.05817590225670122,-0.004627683742398636,上昇トレンド,uptrend,4.0
2024-09-11,36029.8984375,36056.87109375,35253.4296875,35619.76953125,127600000,37994.19162862851,-0.06249434441419699,0.004475752161192892,0.017021426451307997,0.06651115229648008,-0.03041657012726562,上昇トレンド,uptrend,4.0
2024-09-12,36185.62109375,36902.2109375,36172.26171875,36833.26953125,126300000,38010.52614834375,-0.030971857966376692,0.00048515270568949553,0.010394915012911454,0.07606653106902006,-0.04134635855557667,上昇トレンド,uptrend,4.0
2024-09-13,36882.41015625,36887.3984375,36441.33984375,36581.76171875,115900000,37912.8254785861,-0.03510853498871802,-0.0038930865338048237,0.0023246253373041537,0.07701797452215153,-0.050728157215506275,上昇トレンド,uptrend,4.0
2024-09-17,36601.9296875,36663.1796875,35828.5390625,36203.21875,127300000,37745.893484720844,-0.040870001801528555,-0.0065351605933517964,-0.006480313908542423,0.07611590455715334,-0.055113152509661645,下降トレンドへの転換期,transition_to_downtrend,2.0
2024-09-18,36546.0390625,36675.0703125,36127.44921875,36380.171875,99900000,37593.429368459714,-0.03227312628407397,-0.010973191432716023,-0.012284776401678132,0.07285341103479026,-0.0449348280626215,下降トレンドへの転換期,transition_to_downtrend,2.0
2024-09-19,36958.9296875,37394.51953125,36958.9296875,37155.328125,114100000,37489.850521961955,-0.00892301229011272,-0.011156513693843517,-0.013274163366764125,0.07042966139232987,-0.03029558981807212,下降トレンドへの転換期,transition_to_downtrend,2.0
2024-09-20,37714.0703125,37974.71875,37654.109375,37723.91015625,162600000,37432.26779388324,0.007791202071235848,-0.008308869174458833,-0.01521311102623879,0.06780678555545006,-0.025608026039150245,下降トレンドへの転換期,transition_to_downtrend,2.0
2024-09-24,38171.359375,38427.1484375,37902.98828125,37940.58984375,113500000,37375.21557429134,0.015126983504211822,-0.005804572709491973,-0.014180159286688143,0.0621804683370748,-0.016504784623992297,下降トレンドへの転換期,transition_to_downtrend,2.0
2024-09-25,37947.3515625,38109.23828125,37868.83984375,37870.26171875,108200000,37318.49212931013,0.014785420255672976,-0.004570794235400966,-0.01132312195984242,0.05517837675429327,-0.004842808051299996,下降トレンドへの転換期,transition_to_downtrend,2.0
2024-09-26,38266.7890625,38925.62890625,38240.6484375,38925.62890625,141000000,37367.638115693066,0.041693584853644605,-0.0017265766142210426,-0.006006136087070679,0.05163172269082317,0.006278640314607453,下降トレンドへの転換期,transition_to_downtrend,2.0
2024-09-27,39108.26953125,39829.55859375,38917.98046875,39829.55859375,161900000,37489.23685704221,0.062426497120550595,0.0030507190660675754,-1.636882812816598e-05,0.05110915302693542,0.013257794538635959,下降トレンドへの転換期,transition_to_downtrend,2.0
2024-09-30,39117.828125,39126.359375,37797.91015625,37919.55078125,190500000,37421.01150950425,0.013322442436360493,0.0027471469061206566,-0.0003007107247943175,0.04619276063207334,0.014912400301444473,下降トレンドへの転換期,transition_to_downtrend,2.0
2024-10-01,38232.46875,38718.12890625,38232.46875,38651.96875,132100000,37409.31725320119,0.033217700509957204,0.0011153805701895614,0.0009124142399143942,0.04148296481654312,0.015092573526602537,上昇トレンド,uptrend,4.0
2024-10-02,38136.19921875,38213.5390625,37651.0703125,37808.76171875,139600000,37302.701130380694,0.013566325575204763,-0.004975714159582201,-0.000423141397962179,0.029604664260494573,0.01089998056188024,下降トレンドへの転換期,transition_to_downtrend,2.0
2024-10-03,38459.12890625,38856.75,38457.62109375,38552.05859375,126800000,37273.01901342002,0.03431542746428651,-0.003954796787004167,-0.0025321135357846414,0.011270979766329514,0.003474022551286038,下降トレンドへの転換期,transition_to_downtrend,2.0
2024-10-04,38594.73046875,38735.2890625,38501.8203125,38635.62109375,121200000,37345.64554618912,0.034541524954105896,-0.0017020280424022705,-0.0038302009560944317,-0.0003387339734481909,-0.0038138321279662657,下降トレンド,downtrend,1.0
2024-10-07,39239.921875,39560.78125,39195.9296875,39332.73828125,128000000,37583.55500201576,0.04654118747256408,0.007529049187441572,0.00434364240716012,-0.0009548219895013643,0.004644353131954437,上昇トレンドへの転換期,transition_to_uptrend,3.0
2024-10-08,39021.12890625,39117.08984375,38817.5390625,38937.5390625,120400000,37813.46906605516,0.029726709138514718,0.014499765968529532,0.010803506787320005,-0.00030212109237526263,0.009891092547405611,上昇トレンドへの転換期,transition_to_uptrend,3.0
2024-10-09,39385.48828125,39456.28125,39115.62890625,39277.9609375,106800000,38096.282788302735,0.031018200798322848,0.02009972598238341,0.021274107071986847,0.002742375999312152,0.021697248469949026,上昇トレンド,uptrend,4.0
2024-10-10,39575.80078125,39616.58984375,39282.19140625,39380.890625,103500000,38397.144686158594,0.02562028887517842,0.02164749141211364,0.030159233206568103,0.008831729010737588,0.032691346742352745,上昇トレンド,uptrend,4.0
2024-10-11,39636.87109375,39668.9296875,39415.26171875,39605.80078125,110900000,38741.665114612326,0.022305072951336546,0.024546704427878208,0.037381053346543736,0.019673362004643646,0.04121125430263817,上昇トレンド,uptrend,4.0
2024-10-15,40047.1484375,40257.33984375,39910.55078125,39910.55078125,129000000,39072.68398215023,0.021443799445222123,0.025629828486764872,0.03962182342927911,0.027943781405739943,0.03527818102211899,上昇トレンド,uptrend,4.0
2024-10-16,39362.62890625,39362.62890625,39062.8515625,39180.30078125,108100000,39277.03304244189,-0.0024628199662476424,0.0229154632063171,0.03870483223398735,0.03598274585539207,0.027901325446667347,上昇トレンド,uptrend,4.0
2024-10-17,39263.8203125,39299.73828125,38911.19140625,38911.19140625,107200000,39474.10748523803,-0.014260387754138404,0.018905805118568653,0.03616690648249676,0.04578548395514215,0.014892799410509916,上昇トレンド,uptrend,4.0
2024-10-18,39092.46875,39186.640625,38893.51953125,38981.75,95700000,39677.36354244533,-0.017531748088584376,0.015475762058509757,0.033341511894977804,0.05543346826810125,0.003182278688409701,上昇トレンド,uptrend,4.0
2024-10-21,38960.19921875,39119.671875,38775.58984375,38954.6015625,99000000,39820.11135785606,-0.02173549409688691,0.013826867086099037,0.027836858329483016,0.06215711195031348,-0.00954419501706072,上昇トレンド,uptrend,4.0
2024-10-22,38933.6015625,38995.03125,38200.8203125,38411.9609375,110400000,39836.538731545406,-0.03576058160186801,0.009181493120342443,0.019549584813373322,0.06422990321882249,-0.02007223861590579,上昇トレンド,uptrend,4.0
2024-10-23,38397.28125,38514.328125,37987.62109375,38104.859375,95400000,39781.77903666705,-0.042152958019334164,0.002631613718739656,0.012850919611971268,0.064389286466914,-0.025853912622016084,上昇トレンド,uptrend,4.0
2024-10-24,37804.51953125,38320.390625,37712.19140625,38143.2890625,108700000,39723.05246833604,-0.039769436326558716,-0.002437433904887154,0.006306538613725543,0.06443348061047094,-0.02986036786877122,上昇トレンド,uptrend,4.0
2024-10-25,37954.78125,38028.140625,37713.0,37913.921875,90700000,39594.34524420707,-0.04244099400666124,-0.006079681996733033,-0.002092334036999488,0.059589185744626016,-0.03543384593197729,下降トレンドへの転換期,transition_to_downtrend,2.0
2024-10-28,37757.94921875,38740.171875,37757.94921875,38605.53125,116600000,39446.19477591091,-0.02131165073555552,-0.008435627286724201,-0.00939014405521954,0.052200526949406134,-0.03722700238470256,下降トレンドへの転換期,transition_to_downtrend,2.0
2024-10-29,38524.30078125,38903.6796875,38416.8515625,38903.6796875,97400000,39382.677131390476,-0.012162643039537957,-0.008568710504231358,-0.011393098261208379,0.052421501791526826,-0.0309426830745817,下降トレンドへの転換期,transition_to_downtrend,2.0
2024-10-30,39102.890625,39417.87890625,39094.30078125,39277.390625,221800000,39408.48638975611,-0.0033265871583990636,-0.00469407571471725,-0.00938350812734845,0.053440406918515704,-0.022234427739319718,下降トレンドへの転換期,transition_to_downtrend,2.0
2024-10-31,39179.71875,39249.2109375,38832.2109375,39081.25,144300000,39418.89720041618,-0.008565617619881394,-0.0006920205015923386,-0.007656895656805607,0.05673037088223021,-0.01396343427053115,下降トレンドへの転換期,transition_to_downtrend,2.0
2024-11-01,38504.3515625,38512.828125,37946.66015625,38053.671875,130300000,39328.89173325882,-0.03242450529518526,-0.0013657120858547867,-0.006704328845723029,0.05515712905087167,-0.004611994808723541,下降トレンドへの転換期,transition_to_downtrend,2.0
2024-11-05,38274.21875,38620.19140625,38159.73046875,38474.8984375,120000000,39243.08667622644,-0.01957512274873663,-0.004197058265416165,-0.005148990944203846,0.05080756008596965,0.004241153111015694,下降トレンドへの転換期,transition_to_downtrend,2.0
2024-11-06,38677.94921875,39664.53125,38662.171875,39480.671875,170600000,39222.899727294636,0.0065719808963022874,-0.0049721703812523055,-0.004057047812234371,0.043618671123339725,0.0073360504489740075,下降トレンドへの転換期,transition_to_downtrend,2.0
2024-11-07,39745.23046875,39884.01171875,39020.21875,39381.41015625,190000000,39184.88563930876,0.00501531429108204,-0.0036615853537584897,-0.0056739238405632,0.036267938571251435,0.00370958428678525,下降トレンドへの転換期,transition_to_downtrend,2.0
2024-11-08,39783.44921875,39818.41015625,39377.87109375,39500.37109375,159300000,39165.66876182889,0.008545809187032516,-0.0019727784166491125,-0.006424036606092809,0.028070612019252206,0.0012328590507127979,下降トレンドへの転換期,transition_to_downtrend,2.0
2024-11-11,39417.2109375,39598.73828125,39315.609375,39533.3203125,122700000,39135.258765042825,0.010171430061240327,-0.002234433528911728,-0.0049234280368049,0.019223150182578808,0.0017809008089181289,下降トレンドへの転換期,transition_to_downtrend,2.0
2024-11-12,39642.78125,39866.71875,39137.890625,39376.08984375,163000000,39081.21767967517,0.007545111989388786,-0.0026456108762915598,-0.004124777387843337,0.008764532036976691,0.0010242135563605093,下降トレンドへの転換期,transition_to_downtrend,2.0
2024-11-13,39317.1484375,39377.23828125,38600.26171875,38721.66015625,150400000,38949.09397729055,-0.005839258319414453,-0.005529709855214282,-0.006980762562375009,-0.0031630794781372096,-0.002923714750140638,下降トレンド,downtrend,1.0
2024-11-14,38911.0390625,39084.44140625,38535.69921875,38535.69921875,133800000,38829.4309141547,-0.007564666503974471,-0.007814637248835687,-0.00907122017468609,-0.011396026981048357,-0.00339729633412289,下降トレンド,downtrend,1.0
2024-11-15,38749.55859375,39101.640625,38642.91015625,38642.91015625,143900000,38774.66359775198,-0.003397926101146642,-0.00784402585497257,-0.009983364932555028,-0.017719055148938234,-0.003559328326462219,下降トレンド,downtrend,1.0
2024-11-18,38259.58984375,38548.30078125,38150.390625,38220.8515625,106000000,38696.11971384734,-0.012282062254869164,-0.006494997382755607,-0.011221059092312413,-0.024730570304861366,-0.006297631055507513,下降トレンド,downtrend,1.0
2024-11-19,38396.71875,38560.1015625,38246.359375,38414.4296875,109200000,38641.79113218395,-0.005883822618527268,-0.004832411332156505,-0.01124393183172867,-0.029591083135925067,-0.007119154443885334,下降トレンド,downtrend,1.0
2024-11-20,38475.69921875,38520.44921875,38180.1484375,38352.33984375,103500000,38614.10683996351,-0.0067790509126213205,-0.004140764687324827,-0.008600640043702978,-0.030686197408357874,-0.0016198774813279693,下降トレンド,downtrend,1.0
2024-11-21,38352.87109375,38374.69140625,37945.2109375,38026.171875,101900000,38597.6585320674,-0.014806251954185279,-0.002544471706932172,-0.00596898735394058,-0.029765398463156845,0.0031022328207455097,下降トレンド,downtrend,1.0
2024-11-22,38146.98046875,38420.62890625,38085.12890625,38283.8515625,103300000,38618.95698341642,-0.008677226085114675,-0.0005909184874328677,-0.004015679309325781,-0.027794829861066517,0.005967685623229246,下降トレンド,downtrend,1.0
2024-11-25,38679.9296875,39053.640625,38672.171875,38780.140625,192400000,38696.72997543561,0.0021554960746641427,0.0021397137531766752,1.5770614541832373e-05,-0.022670289487936035,0.011236829706854246,上昇トレンドへの転換期,transition_to_uptrend,3.0
2024-11-26,38596.76171875,38596.76171875,38020.078125,38442.0,122800000,38716.00043883092,-0.007077188648755728,0.0030660384920810912,0.0019204416894940124,-0.018511147684285856,0.013164373521222683,上昇トレンドへの転換期,transition_to_uptrend,3.0
2024-11-27,38327.859375,38332.44921875,37988.98828125,38134.96875,120500000,38656.59103827905,-0.013493747748282492,0.000974496925921553,0.0011002248088145539,-0.018436687041081923,0.009700864852517532,上昇トレンドへの転換期,transition_to_uptrend,3.0
2024-11-28,37935.94140625,38478.3203125,37801.62109375,38349.05859375,103400000,38589.74604062682,-0.006237082944869021,-0.002764676366109109,-0.00020499926009764913,-0.02077573700831381,0.005763988093842931,下降トレンド,downtrend,1.0
2024-11-29,38205.078125,38270.05859375,37986.96875,38208.03125,102300000,38504.84185036125,-0.007708396817073582,-0.005454039313882331,-0.002954899406117484,-0.02318825271563607,0.0010607799032082976,下降トレンド,downtrend,1.0
2024-12-02,38216.94921875,38552.41015625,37958.55078125,38513.01953125,110500000,38511.952056415386,2.77180142167488e-05,-0.0037416383074347914,-0.004775026704776475,-0.02077199841745292,-0.004790797319318307,下降トレンド,downtrend,1.0
2024-12-03,38748.6484375,39427.37109375,38746.05078125,39248.859375,142200000,38615.41943560626,0.01640380834008659,0.000665290591765233,-0.002597918227208673,-0.01599433922715421,-0.0045183599167026856,下降トレンド,downtrend,1.0
2024-12-04,39354.0,39417.078125,39062.03125,39276.390625,119100000,38651.441678294206,0.01616883923521928,0.0038073089224124335,-0.00013320781389514202,-0.014569500291248483,-0.001233432622709696,下降トレンド,downtrend,1.0
2024-12-05,39610.4296875,39632.30078125,39323.0390625,39395.6015625,116400000,38656.4495442064,0.019121052942234762,0.0037520167136515514,0.0017285292188591317,-0.013485712322004462,0.0019335284789567808,上昇トレンドへの転換期,transition_to_uptrend,3.0
2024-12-06,39371.55859375,39468.46875,38940.44140625,39091.171875,101500000,38632.571037653826,0.011870833988739449,0.0004441645927522053,0.003317224046496925,-0.013611352519393938,0.006272123452614409,上昇トレンドへの転換期,transition_to_uptrend,3.0
2024-12-09,39332.55078125,39332.55078125,38972.78125,39160.5,113100000,38609.47672625388,0.014271710483230393,-0.0010857279888706328,0.0025323221657429507,-0.013434995842127706,0.007307348870519426,上昇トレンドへの転換期,transition_to_uptrend,3.0
2024-12-10,39375.48828125,39465.140625,39171.69140625,39367.578125,110300000,38613.214833385784,0.019536402106617112,-0.0011184346035497672,-5.709124108177477e-05,-0.011975134708578361,0.0025408269861268984,下降トレンド,downtrend,1.0
2024-12-11,39357.76953125,39401.9296875,39112.80078125,39372.23046875,105800000,38655.73257665136,0.018535359294455933,0.0005995339780766606,0.00011101522144674192,-0.007531918478263733,0.00024422303534188394,上昇トレンドへの転換期,transition_to_uptrend,3.0
2024-12-12,39849.96875,40091.55078125,39827.58984375,39849.140625,121100000,38779.65033331318,0.027578647112454613,0.004407560565139246,0.0031870694427300617,-0.0012820322026242392,0.00145854022387093,上昇トレンドへの転換期,transition_to_uptrend,3.0
2024-12-13,39624.05078125,39734.98828125,39247.41015625,39470.44140625,123900000,38866.76094146039,0.015532049755801802,0.006566304027485037,0.006061980797972266,0.0023751938808243,0.0027447567514753413,上昇トレンド,uptrend,4.0
2024-12-16,39551.21875,39632.171875,39371.421875,39457.48828125,87500000,38965.19036986324,0.012634300171866286,0.008005482565832889,0.009213117446045915,0.00695342732050741,0.006680795280302965,上昇トレンド,uptrend,4.0
2024-12-17,39589.6484375,39796.21875,39364.6796875,39364.6796875,115700000,39060.95761590971,0.0077755920522180055,0.007253992240226159,0.011595584166092188,0.01084749105681726,0.011652675407173962,上昇トレンド,uptrend,4.0
2024-12-18,39176.87890625,39382.69140625,39081.7109375,39081.7109375,132200000,39119.65268697457,-0.0009698897323596745,0.006506632901442044,0.01200132760136663,0.013092257943613683,0.011890312379919887,上昇トレンド,uptrend,4.0
2024-12-19,38522.26953125,38913.0703125,38355.51953125,38813.578125,147700000,39169.16065314386,-0.009078124785278474,0.005234679500972783,0.010044193706823634,0.01480665260048486,0.0068571242640935726,上昇トレンド,uptrend,4.0
2024-12-20,38950.28125,39039.6796875,38701.8984375,38701.8984375,184500000,39209.08796805478,-0.012935509516773469,0.0037922867534803117,0.00880770659304475,0.01528086283872887,0.0027457257950724845,上昇トレンド,uptrend,4.0
2024-12-23,39040.71875,39210.171875,38847.12890625,39161.33984375,103200000,39256.52771374227,-0.002424765396633499,0.0034988814410734648,0.007476861812135693,0.014466280191168801,-0.001736255633910222,上昇トレンド,uptrend,4.0
2024-12-24,39210.23046875,39245.75,38995.76171875,39036.8515625,116200000,39285.54194174946,-0.006330328333467028,0.002971247957958445,0.00574958576407969,0.01471075256904153,-0.005845998402012498,上昇トレンド,uptrend,4.0
2024-12-25,39168.51953125,39180.58984375,38927.16015625,39130.4296875,116100000,39352.561286948556,-0.005644654177115238,0.0036591853146563658,0.005953749176600853,0.01800392196974454,-0.006047578424765776,上昇トレンド,uptrend,4.0
2024-12-26,39129.30859375,39592.28125,39110.921875,39568.05859375,131400000,39461.98130323261,0.0026880883071296324,0.005233615947607628,0.007475795886508152,0.022602772811396887,-0.0025683978203154822,上昇トレンド,uptrend,4.0
2024-12-27,39672.1484375,40398.23046875,39669.390625,40281.16015625,159500000,39631.763094030815,0.01638577271161057,0.00881294071988914,0.010780029525818247,0.029267000967022394,0.001972322932773496,上昇トレンド,uptrend,4.0
2024-12-30,40325.78125,40325.78125,39864.4609375,39894.5390625,110600000,39748.930298648054,0.0036632121357211833,0.01007225447942961,0.012543202712587798,0.03211933376995901,0.005066340900452104,上昇トレンド,uptrend,4.0
2025-01-06,39945.421875,39993.5,39232.78125,39307.05078125,137900000,39756.84503866556,-0.011313630570486954,0.0074720965773908965,0.011996858732785665,0.02955880370437791,0.006247272968705975,上昇トレンド,uptrend,4.0
2025-01-07,39584.359375,40288.80078125,39584.359375,40083.30078125,127000000,39805.47030179348,0.00697970598890274,0.004383030029487367,0.01150900983400871,0.02985732416152942,0.005555260657407857,上昇トレンド,uptrend,4.0
2025-01-08,39879.359375,40105.71875,39705.80859375,39981.05859375,118800000,39834.645386310294,0.0036755243085462297,0.002156412437221089,0.009443623223427844,0.030478635673887755,0.001967827336919692,上昇トレンド,uptrend,4.0
2025-01-09,39888.91015625,39930.0703125,39385.05078125,39605.08984375,117000000,39834.71105536576,-0.0057643498730696185,0.0019585562341395413,0.005120841100443307,0.031117266736926608,-0.005659188425374939,上昇トレンド,uptrend,4.0
2025-01-10,39550.25,39591.4609375,39166.05078125,39190.3984375,113200000,39803.57835912923,-0.015405145640343898,-4.752971513488635e-05,0.0013748309720684748,0.03092768237553911,-0.011168371740519323,上昇トレンド,uptrend,4.0
2025-01-14,39010.9609375,39054.3515625,38305.91015625,38474.30078125,126900000,39689.36277166361,-0.030614298279465157,-0.0036471421607435772,-0.001697374802661522,0.02786993890359435,-0.013694233535447187,下降トレンドへの転換期,transition_to_downtrend,2.0
2025-01-15,38721.609375,38774.98828125,38316.01171875,38444.578125,100700000,39565.09540550567,-0.028320853748017183,-0.006768359621972753,-0.00603874026522877,0.0235246564542817,-0.01754775009923748,下降トレンドへの転換期,transition_to_downtrend,2.0
2025-01-16,38732.6484375,38932.5390625,38426.19921875,38572.6015625,114200000,39434.743229323074,-0.021862489678441732,-0.00926638119011125,-0.010039054022171645,0.0168926973394381,-0.01948267724559949,下降トレンドへの転換期,transition_to_downtrend,2.0
2025-01-17,38454.1015625,38503.94140625,38055.6796875,38451.4609375,115300000,39294.886188628225,-0.021463995265936342,-0.009939100945128398,-0.013551619992605013,0.011015202625520137,-0.01867246109304832,下降トレンドへの転換期,transition_to_downtrend,2.0
2025-01-20,38671.76953125,39032.9296875,38671.76953125,38902.5,87500000,39221.29005226013,-0.00812798487340316,-0.008689612642705846,-0.014629044193348206,0.006572524860419149,-0.01600387516541668,下降トレンドへの転換期,transition_to_downtrend,2.0
2025-01-21,39163.53125,39238.2109375,38643.83984375,39027.98046875,93300000,39168.944941704984,-0.0035988835840429223,-0.00674020586548274,-0.013112274766229892,0.0027645847000763446,-0.01141489996356837,下降トレンドへの転換期,transition_to_downtrend,2.0
2025-01-22,39355.21875,39694.5703125,39332.62890625,39646.25,108500000,39196.21890937707,0.011481492428221607,-0.002510944522844949,-0.00932328084509737,0.001957231650678626,-0.0032845405798686,下降トレンドへの転換期,transition_to_downtrend,2.0
2025-01-23,39810.05859375,40036.0703125,39677.21875,39958.87109375,119100000,39279.71645975894,0.01729021223172089,0.0014896605241940808,-0.003931222999541517,0.0028225217178916573,0.006107831022630128,下降トレンドへの転換期,transition_to_downtrend,2.0
2025-01-24,40060.48828125,40279.7890625,39806.69140625,39931.98046875,122600000,39377.841226170734,0.014072362154047724,0.005333211930437454,0.0021110899047855902,0.0043039322478870545,0.015662709897390603,上昇トレンド,uptrend,4.0
2025-01-27,40127.73828125,40255.6796875,39520.7890625,39565.80078125,117200000,39422.59173641055,0.003632664381808981,0.005775374087915397,0.00513245953619057,0.004230226979808682,0.019761503729538776,上昇トレンド,uptrend,4.0
2025-01-28,39400.01953125,39448.55078125,38886.05078125,39016.87109375,132000000,39398.94214991429,-0.009697495295952319,0.0030352991543991514,0.005871927583232406,0.002886563416459209,0.018984202349462298,上昇トレンド,uptrend,4.0
2025-01-29,39273.80078125,39448.23828125,39129.140625,39414.78125,108600000,39416.23000294686,-3.6755238812857804e-05,0.0009748827152722406,0.005613069313610719,0.0016179052624820667,0.01493635015870809,上昇トレンド,uptrend,4.0
2025-01-30,39302.8515625,39600.9296875,39221.359375,39513.96875,107900000,39419.45799801772,0.002397565993602191,-7.949092778525291e-05,0.0035576004832402752,-0.0010775765384949398,0.007488823482781792,上昇トレンドへの転換期,transition_to_uptrend,3.0
2025-01-31,39574.37890625,39681.8203125,39458.94921875,39572.48828125,123300000,39376.56159317993,0.004975718552937325,-0.0005680496864408635,-3.249627076939987e-05,-0.006439317378976739,-0.00214358617555499,下降トレンド,downtrend,1.0
2025-02-03,38932.66015625,38948.609375,38401.8203125,38520.08984375,169200000,39224.59351016948,-0.017960763984382067,-0.004861867630746364,-0.005022455843718632,-0.013191217588474635,-0.010154915379909202,下降トレンド,downtrend,1.0
2025-02-04,39078.66015625,39192.51171875,38590.9609375,38798.37109375,144300000,39152.02755412462,-0.009032902826953682,-0.0067842242759031945,-0.00626703617701585,-0.015212914504476482,-0.012138963760248256,下降トレンド,downtrend,1.0
2025-02-05,38979.2109375,39118.94921875,38682.1796875,38831.48046875,151200000,39074.968727763684,-0.006231310400017787,-0.007659197583886668,-0.00865788724993899,-0.018351788547939396,-0.014270956563549708,下降トレンド,downtrend,1.0
2025-02-06,38977.578125,39190.12890625,38851.51171875,39066.53125,154700000,38992.97586958875,0.001886375142468033,-0.005904908626285121,-0.010819076417804108,-0.021129082700728552,-0.014376676901044383,下降トレンド,downtrend,1.0
2025-02-07,38907.76171875,39007.94140625,38753.19921875,38787.01953125,148700000,38910.8569947014,-0.0031825940885409354,-0.0061598485312114315,-0.011826949323051061,-0.023192186818684624,-0.011794453052281662,下降トレンド,downtrend,1.0
2025-02-10,38736.37109375,38895.73828125,38606.3203125,38801.171875,134600000,38870.79857185856,-0.0017912340218544376,-0.005225088146009305,-0.009019722236743855,-0.023434571104502866,-0.003997266393025223,下降トレンド,downtrend,1.0
2025-02-12,39049.12109375,39102.6484375,38794.23828125,38963.69921875,175500000,38900.84844140465,0.0016156659780832694,-0.002362667278645869,-0.006415481608781026,-0.019867145128919184,-0.00014844543176517622,下降トレンド,downtrend,1.0
2025-02-13,39225.5,39581.46875,39112.171875,39461.46875,130400000,39010.29845039985,0.011565415224233488,0.0025556223475622364,-0.0016550308156199067,-0.014022383856772347,0.0070028564343190824,下降トレンド,downtrend,1.0
2025-02-14,39419.25,39543.9296875,39133.94140625,39149.4296875,132900000,39081.04106666872,0.0017499180923716828,0.0054087516216443365,0.00225848874357526,-0.008969303048266042,0.013077565161379368,上昇トレンドへの転換期,transition_to_uptrend,3.0
2025-02-17,39094.08984375,39238.75,39021.23046875,39174.25,111300000,39149.385776672796,0.0006351114540861236,0.006388995233420625,0.006130134373649954,-0.003702782373690594,0.017957083696701015,上昇トレンドへの転換期,transition_to_uptrend,3.0
2025-02-18,39187.98828125,39508.55078125,39151.7109375,39270.3984375,116000000,39207.05492069101,0.0016156152747797137,0.0050437058445302885,0.008650615917005666,-0.00036294399164715774,0.01767033815374952,上昇トレンドへの転換期,transition_to_uptrend,3.0
2025-02-19,39230.62109375,39298.05078125,38994.69921875,39164.609375,124300000,39225.010831462925,-0.0015398709951273126,0.0036838774214997816,0.008333041644234429,0.0014313862638215546,0.014748523253015455,上昇トレンド,uptrend,4.0
2025-02-20,38942.91015625,38967.01171875,38468.71875,38678.0390625,125200000,39160.16868762887,-0.012311735145338676,0.0002754298884173334,0.003841812115833454,-0.0009197372285206784,0.005496842931453361,上昇トレンドへの転換期,transition_to_uptrend,3.0
2025-02-21,38523.0703125,38808.80859375,38456.53125,38776.94140625,130100000,39064.164115441716,-0.007352588125088766,-0.0036445176904599252,-0.0004318449756292031,-0.005487624752537501,-0.002690333719204463,下降トレンド,downtrend,1.0
2025-02-25,38359.671875,38485.94921875,38131.7890625,38237.7890625,132900000,38909.14152044357,-0.017254363157584107,-0.008052752678043729,-0.006136603460388801,-0.011902625718742121,-0.012266737834038755,下降トレンド,downtrend,1.0
2025-02-26,38143.6796875,38175.23828125,37742.76171875,38142.37109375,120800000,38770.883777820185,-0.01621094550415536,-0.009940838429832066,-0.011124812709169762,-0.016531332159687717,-0.01977542862617543,下降トレンド,downtrend,1.0
2025-02-27,38251.109375,38369.9609375,38061.94140625,38256.171875,121600000,38691.22100726418,-0.011244130346325987,-0.009546936856895671,-0.013608404762264104,-0.01796294783644714,-0.021941446406498533,下降トレンド,downtrend,1.0
2025-02-28,37853.48046875,37925.28125,36840.12109375,37155.5,191600000,38517.26386223345,-0.03535463648467174,-0.010071608956065514,-0.01641731501525745,-0.02280700464367602,-0.020259127131090904,下降トレンド,downtrend,1.0
2025-03-03,37617.5,37827.62109375,37372.26171875,37785.46875,115800000,38384.78709581482,-0.015613434153453065,-0.009958418389890866,-0.01739131080903744,-0.026247720155232246,-0.016959465833408238,下降トレンド,downtrend,1.0
2025-03-04,37532.01171875,37587.48828125,36816.16015625,37331.1796875,138200000,38206.42824676954,-0.022908410951592795,-0.012529787064709752,-0.018060364382617156,-0.029716493748226713,-0.011923760922228355,下降トレンド,downtrend,1.0
2025-03-05,37345.73828125,37606.33984375,37178.71875,37418.23828125,130900000,38086.92972333379,-0.017556979439960485,-0.011172500218054271,-0.017640919882194295,-0.02900383879161761,-0.006516107173024532,下降トレンド,downtrend,1.0
2025-03-06,37654.94921875,37874.37890625,37580.87890625,37704.9296875,137700000,38029.9637218673,-0.008546787915561627,-0.009243854161853804,-0.017090628524562,-0.02865915004545183,-0.003482223762297898,下降トレンド,downtrend,1.0
2025-03-07,37198.30078125,37221.6484375,36813.62109375,36887.171875,136800000,37883.77041249602,-0.026306741030383107,-0.008445119030481396,-0.01644700028546353,-0.03048494609341268,-2.968527020608125e-05,下降トレンド,downtrend,1.0
2025-03-10,36972.58984375,37113.48046875,36705.01953125,37028.26953125,109800000,37739.54952932105,-0.018847071757399525,-0.009120719273938316,-0.016809721124234733,-0.03214492642110112,0.000581589684802708,下降トレンド,downtrend,1.0
2025-03-11,36584.37109375,36793.109375,35987.12890625,36793.109375,153600000,37578.340986913885,-0.020895856264312784,-0.011875444800746204,-0.016439308479686554,-0.03424535234392201,0.0016210559029306015,下降トレンド,downtrend,1.0
2025-03-12,36763.1015625,36956.328125,36658.859375,36819.08984375,128700000,37434.647940100636,-0.01644353908004137,-0.011855273841677616,-0.017126131929545818,-0.03694677455887574,0.0005147879526484767,下降トレンド,downtrend,1.0
2025-03-13,37081.640625,37326.26953125,36776.94140625,36790.03125,119300000,37283.47941141878,-0.013235035173987941,-0.01208467307083061,-0.019628846241031006,-0.04157670320281226,-0.0025382177164690045,下降トレンド,downtrend,1.0
2025-03-14,36606.78125,37154.390625,36594.0390625,37053.1015625,134800000,37131.03544730432,-0.0020988880020574863,-0.01190328066279811,-0.01986958945732109,-0.04817351001518089,-0.0034225891718575596,下降トレンド,downtrend,1.0
2025-03-17,37453.828125,37563.26953125,37377.55078125,37396.51953125,120300000,37008.60068060128,0.010481856744506857,-0.011381094332210018,-0.01936824519200664,-0.053029303455147,-0.0025585240677719057,下降トレンド,downtrend,1.0
2025-03-18,37868.5703125,38004.19921875,37822.87109375,37845.421875,133500000,36945.53920055192,0.024357004767564527,-0.009064073852596666,-0.016839534948664525,-0.05629326060676143,-0.0004002264689779711,下降トレンド,downtrend,1.0
2025-03-19,37839.390625,38128.578125,37751.87890625,37751.87890625,116800000,36872.561382267675,0.023847476036888304,-0.006961132699987993,-0.015015142087949074,-0.059542690547545685,0.0021109898415967443,下降トレンド,downtrend,1.0
2025-03-21,37619.37109375,37968.01953125,37619.37109375,37677.05859375,181800000,36797.20527120226,0.02391087355855026,-0.005712061669757351,-0.013042616941689955,-0.061894324789154354,0.006586229299341051,下降トレンド,downtrend,1.0
2025-03-24,37841.6796875,37841.6796875,37608.48828125,37608.48828125,101600000,36747.29011949973,0.02343569169181481,-0.005365981532331365,-0.010334894332510336,-0.061615632643875595,0.009534695124810755,下降トレンド,downtrend,1.0
2025-03-25,37953.1484375,38115.6484375,37686.26171875,37780.5390625,107300000,36731.68957563138,0.02855434909164778,-0.0038205050410204944,-0.007482344640905247,-0.0597088045431472,0.011885900551101392,下降トレンド,downtrend,1.0
2025-03-26,38106.66015625,38220.69140625,37873.28125,38027.2890625,117100000,36759.48243168476,0.034489240515596986,-0.0010251550148844268,-0.005035973838605656,-0.05524817574372187,0.011803561110058869,下降トレンド,downtrend,1.0
2025-03-27,37750.66015625,37859.05859375,37556.75,37799.96875,140000000,36793.67624287173,0.027349604874648215,0.001262300518518611,-0.002139399500298511,-0.05099722632785497,0.012875742587650563,下降トレンド,downtrend,1.0
2025-03-28,37357.51953125,37359.94921875,36864.9296875,37120.328125,133200000,36762.13679508823,0.009743485040282884,0.0008289087653905458,-0.000953020096378876,-0.049858447522598826,0.01208959684531108,下降トレンド,downtrend,1.0
2025-03-31,36440.1796875,36440.1796875,35541.71875,35617.55859375,168400000,36640.43466300737,-0.027916592111012273,-0.003238559435613131,-0.0029078458886322434,-0.048726960615349646,0.007427048443878093,下降トレンド,downtrend,1.0
2025-04-01,35961.19140625,36052.5390625,35537.859375,35624.48046875,123600000,36539.814351575085,-0.025050315637020426,-0.0068996065960064135,-0.005223697201873101,-0.048065207177895086,0.0022586474390321465,下降トレンド,downtrend,1.0
2025-04-02,35751.01953125,35778.8984375,35426.328125,35725.87109375,128700000,36440.70358638885,-0.019616319727313147,-0.008743594271764965,-0.00867201669360651,-0.04621538158385641,-0.003636042855000854,下降トレンド,downtrend,1.0
2025-04-03,35041.671875,35044.73046875,34102.0,34735.9296875,195800000,36266.60891912489,-0.04220629601842096,-0.010202546648822919,-0.014324943239368393,-0.047793844697691434,-0.012185543739069882,下降トレンド,downtrend,1.0
2025-04-04,34304.66015625,34320.109375,33259.76171875,33780.578125,227600000,35991.1399883332,-0.06141961227262516,-0.015015795043803681,-0.02097257869020397,-0.05361098286722199,-0.020019558593825093,下降トレンド,downtrend,1.0
2025-04-07,33154.96875,33158.87109375,30792.740234375,31136.580078125,266700000,35509.31542471358,-0.12314332997659738,-0.025559006001825813,-0.030870792027906213,-0.0626773671661578,-0.02796294613927397,下降トレンド,downtrend,1.0
2025-04-08,31729.109375,33257.16015625,31703.689453125,33012.578125,191900000,35237.15317603061,-0.06313152029954094,-0.028385773409087767,-0.03565045960580593,-0.06630700113010746,-0.030426762403932828,下降トレンド,downtrend,1.0
2025-04-09,32529.23046875,32565.83984375,31258.1796875,31714.029296875,199300000,34858.156395921884,-0.09019774492189492,-0.03147951392422077,-0.04342800864739815,-0.07238703251799394,-0.03475599195379164,下降トレンド,downtrend,1.0
2025-04-10,32321.2109375,34639.390625,32320.66015625,34609.0,201600000,34752.304927415156,-0.00412360928906641,-0.02131864521306892,-0.04175477214003265,-0.07165402001315757,-0.027429828900664255,下降トレンド,downtrend,1.0
2025-04-11,33951.25,33953.2890625,32626.580078125,33585.578125,182600000,34555.67327070601,-0.028073397329184457,-0.019339811644834226,-0.03988389137139048,-0.07316393705136148,-0.01891131268118651,下降トレンド,downtrend,1.0
2025-04-14,34006.37109375,34325.58984375,33887.69921875,33982.359375,118800000,34384.58481001598,-0.01169784184507039,-0.013585675057712132,-0.03167424100535654,-0.07396644354790627,-0.0008034489774503273,下降トレンド,downtrend,1.0
2025-04-15,34349.01171875,34459.0,34266.30859375,34267.5390625,113800000,34210.70520811647,0.0016612885948357192,-0.015584569726522779,-0.029129707578430586,-0.07560122298683325,0.006520752027375343,下降トレンド,downtrend,1.0
2025-04-16,34249.8203125,34329.26953125,33658.46875,33920.3984375,115600000,33970.93554101194,-0.0014876571017871099,-0.016921612989950652,-0.025452317237687927,-0.08051320196987521,0.017975691409710226,下降トレンド,downtrend,1.0
2025-04-17,33987.01171875,34379.12890625,33931.53125,34377.6015625,111200000,33759.1521066399,0.018319460568989143,-0.01818933416912727,-0.028578041739953375,-0.08443702197279523,0.013176730400079273,下降トレンド,downtrend,1.0
2025-04-18,34353.87890625,34758.96875,34224.5703125,34730.28125,102000000,33589.02321345155,0.03397711297812922,-0.018172147895899715,-0.027973700575352867,-0.08718548145452376,0.011910190796037612,下降トレンド,downtrend,1.0
2025-04-21,34556.23046875,34610.6015625,34216.98046875,34279.921875,96400000,33388.174672034846,0.026708474234503843,-0.017154690022402996,-0.0289783966706757,-0.09141124247641852,0.0026958443346808414,下降トレンド,downtrend,1.0
2025-04-22,34111.140625,34340.5703125,34109.8515625,34220.6015625,99400000,33180.65668603297,0.031341901587643495,-0.017135958236733972,-0.030108953200974176,-0.09667491287834051,-0.0009792456225435897,下降トレンド,downtrend,1.0
2025-04-23,34787.9296875,35142.12109375,34682.28125,34868.62890625,133400000,33013.77882098089,0.05618411922267774,-0.01712596370591357,-0.028175753913974533,-0.10189761560612354,-0.002723436676286606,下降トレンド,downtrend,1.0
2025-04-24,35194.7109375,35287.94921875,34960.6484375,35039.1484375,137100000,32865.801285573616,0.06612792224482811,-0.015645461052974485,-0.026462478033936643,-0.10675407728682951,0.002115563706016732,下降トレンド,downtrend,1.0
2025-04-25,35387.671875,35835.28125,35337.98046875,35705.73828125,134700000,32823.5477340765,0.08780862356878294,-0.010762564325822788,-0.02278945340299454,-0.10713710911216567,0.005184247172358325,下降トレンド,downtrend,1.0
2025-04-28,35962.80078125,36075.26171875,35773.48828125,35839.98828125,132400000,32898.83234945345,0.08940000971935436,-0.0034817726304748886,-0.014656156779701335,-0.10211675565441614,0.014322239890974364,下降トレンド,downtrend,1.0
2025-04-30,35946.87890625,36056.51953125,35793.328125,36045.37890625,167100000,33062.76913092831,0.09021052542545904,0.0059930942697312695,-0.003552899998940706,-0.09515771446432908,0.02655605320203347,下降トレンド,downtrend,1.0
2025-05-01,36197.0390625,36544.1484375,36040.05078125,36452.30078125,131600000,33255.70121800767,0.09612185117634509,0.01316595900700035,0.0073279220273030354,-0.0874023291243704,0.03550367594127757,上昇トレンドへの転換期,transition_to_uptrend,3.0
2025-05-02,36636.55078125,36976.51171875,36606.578125,36830.69140625,141000000,33525.43501544004,0.09858951537206706,0.019046349710250432,0.020070520238798073,-0.07558395960862274,0.046532998272734716,上昇トレンドへの転換期,transition_to_uptrend,3.0
2025-05-07,36903.66015625,36942.37890625,36731.390625,36779.66015625,156300000,33880.51229582279,0.08556977636919183,0.024733051295740438,0.03220141132547272,-0.05864297972208121,0.05499086472846726,上昇トレンドへの転換期,transition_to_uptrend,3.0
2025-05-08,36863.37890625,36977.3515625,36606.7109375,36928.62890625,137300000,34416.15094270293,0.07300287495048252,0.03489476036267991,0.04612074304438618,-0.030785287436148057,0.060776899824087516,上昇トレンドへの転換期,transition_to_uptrend,3.0
2025-05-09,37332.5703125,37557.41015625,37219.03125,37503.328125,201400000,35025.382052255285,0.07074715328009273,0.044740568947858605,0.05936021007662862,-0.006009881749453494,0.06291311007556932,上昇トレンドへの転換期,transition_to_uptrend,3.0
2025-05-12,37697.28125,37726.44140625,37417.390625,37644.26171875,142900000,35605.211653601706,0.057268303443493984,0.05090535062516044,0.07064985399621637,0.021431289973993684,0.06332193196891334,上昇トレンド,uptrend,4.0
2025-05-13,38149.53125,38494.05859375,38124.19921875,38183.26171875,177400000,36137.0379396358,0.05662400395218525,0.05000230850329124,0.07789915098769007,0.03984578908112257,0.057828630748891996,上昇トレンド,uptrend,4.0
2025-05-14,38199.03125,38325.87890625,37851.80078125,38128.12890625,152100000,36558.473928587766,0.042935462260496715,0.04377088232885562,0.07904135596837336,0.05795866404315153,0.046839944642900644,上昇トレンド,uptrend,4.0
2025-05-15,37832.359375,37876.83984375,37633.359375,37755.51171875,134800000,36955.72390912176,0.02164178441193587,0.03793018473416221,0.07379015075354567,0.07477592395871624,0.027669407709159488,上昇トレンド,uptrend,4.0
2025-05-16,37748.578125,37786.4296875,37479.2109375,37753.71875,128100000,37301.0441832767,0.012135707635933857,0.03221089248059816,0.06497180038254258,0.09033251306456691,0.0056115903059139605,上昇トレンド,uptrend,4.0
2025-05-19,37572.359375,37656.23046875,37445.9296875,37498.62890625,107600000,37605.05149548463,-0.00283000780486653,0.028627496020244614,0.056167053894780716,0.10697721144845573,-0.014482800101435656,上昇トレンド,uptrend,4.0
2025-05-20,37723.6015625,37921.80859375,37455.69921875,37529.48828125,125800000,37885.34385353622,-0.00939296139588841,0.025154965079306812,0.0483798898188843,0.12222438922228629,-0.029519261168805766,上昇トレンド,uptrend,4.0
2025-05-21,37590.1484375,37659.94140625,37298.98046875,37298.98046875,121300000,38082.725885711356,-0.020580076628795574,0.020956027359285256,0.04169353349105931,0.13378485714524113,-0.03734782247731405,上昇トレンド,uptrend,4.0
2025-05-22,36931.890625,37100.44921875,36855.828125,36985.87109375,110900000,38236.13433071322,-0.03269847380881663,0.01678186334366183,0.03464714761751453,0.14519990105176106,-0.03914300313603114,上昇トレンド,uptrend,4.0
2025-05-23,37161.73828125,37373.91015625,37111.62890625,37160.46875,105300000,38414.81635214467,-0.032652703338373223,0.013975655088558137,0.029859007790653536,0.15774731994122826,-0.03511279259188904,上昇トレンド,uptrend,4.0
2025-05-26,37209.26171875,37531.53125,37167.01171875,37531.53125,89900000,38584.63661552201,-0.0272933856035944,0.01317948540020275,0.02604929606744455,0.16874341543115712,-0.030117757827336167,上昇トレンド,uptrend,4.0
2025-05-27,37523.37109375,37769.05078125,37411.6796875,37724.109375,86200000,38718.472919867,-0.02568188954468764,0.012614732048536137,0.021990801233100488,0.17807786225685018,-0.026389088585783815,上昇トレンド,uptrend,4.0
2025-05-28,38094.7890625,38178.73046875,37709.7109375,37722.3984375,122600000,38797.60160011884,-0.027713134788608818,0.00996452109689172,0.01877165296814276,0.18200512371306665,-0.02292188052291655,上昇トレンド,uptrend,4.0
2025-05-29,38046.96875,38454.0703125,38035.3203125,38432.98046875,133200000,38903.26832165901,-0.012088646357950816,0.008257994219616815,0.017447736352623755,0.18251213017003365,-0.017199411264890774,上昇トレンド,uptrend,4.0
2025-05-30,37912.48828125,38114.46875,37748.171875,37965.1015625,204300000,38938.540850613346,-0.024999377656392374,0.0056837967551510715,0.01363339846968814,0.17771565643570342,-0.016225609320965395,上昇トレンド,uptrend,4.0
2025-06-02,37651.1796875,37651.1796875,37320.71875,37470.671875,109600000,38891.413699725505,-0.036530989479961584,0.0024179870852216734,0.00795075737683848,0.16946605470060416,-0.01809853869060607,上昇トレンド,uptrend,4.0
2025-06-03,37598.30859375,37729.44921875,37446.80859375,37446.80859375,109300000,38806.30008339208,-0.035032752071715856,-0.0024925473475693183,0.002268352982485844,0.15751816689388098,-0.019722448250614644,上昇トレンド,uptrend,4.0
2025-06-04,37686.66015625,37868.421875,37672.46875,37747.44921875,106700000,38741.761877891106,-0.025665137849823383,-0.005053578496358568,-0.0014392570655079595,0.14348217463841806,-0.02021091003365072,下降トレンドへの転換期,transition_to_downtrend,2.0
2025-06-05,37590.390625,37732.87890625,37527.87890625,37554.48828125,113800000,38659.28232493541,-0.02857771736162873,-0.005968704984147477,-0.006271606660558149,0.12328895782961258,-0.023719343013181904,下降トレンドへの転換期,transition_to_downtrend,2.0
2025-06-06,37590.44140625,37756.1484375,37590.421875,37741.609375,98100000,38574.74649212029,-0.021597993321627595,-0.005966907197393123,-0.009342783539032506,0.10133692287980223,-0.022976182008720647,下降トレンドへの転換期,transition_to_downtrend,2.0
2025-06-09,38028.7109375,38178.01171875,38018.21875,38088.5703125,85700000,38502.25683968383,-0.010744474769527002,-0.0061820894713606744,-0.010006241044521857,0.08136576224478276,-0.017956998421360337,下降トレンドへの転換期,transition_to_downtrend,2.0
2025-06-10,38278.171875,38495.69921875,38139.1015625,38211.51171875,106000000,38423.02637230384,-0.005504893120712118,-0.006111234829602297,-0.0098765847366179,0.06325887684780951,-0.012144937719103743,下降トレンドへの転換期,transition_to_downtrend,2.0
2025-06-11,38431.1015625,38529.640625,38288.28125,38421.19140625,109300000,38350.715080555885,0.0018376795724950323,-0.005807722200071197,-0.010093676136045393,0.04902395968357509,-0.008654419070537434,下降トレンドへの転換期,transition_to_downtrend,2.0
2025-06-12,38324.9296875,38407.5703125,38102.05078125,38173.08984375,104500000,38283.85751200361,-0.0028933256848237,-0.005672377299585141,-0.009711116977710876,0.03593850863665593,-0.0034395103171527275,下降トレンドへの転換期,transition_to_downtrend,2.0
2025-06-13,38130.25,38141.58984375,37540.19921875,37834.25,143500000,38209.25190168949,-0.009814426690539446,-0.005563707255721084,-0.009474970639287705,0.02434805079317237,-0.00013218710025519886,下降トレンドへの転換期,transition_to_downtrend,2.0
2025-06-16,38056.859375,38342.51953125,38055.51953125,38311.328125,104700000,38201.28449886379,0.0028806263344229865,-0.0038964223060304892,-0.007817005171235514,0.01585513061857524,0.0021892358732863437,下降トレンドへの転換期,transition_to_downtrend,2.0
2025-06-17,38366.6796875,38581.25,38333.3515625,38536.73828125,103600000,38231.92729951247,0.00797268155878239,-0.001356451932119418,-0.004973555985405498,0.009148219620656706,0.0049030287512124016,下降トレンドへの転換期,transition_to_downtrend,2.0
2025-06-18,38364.16015625,38885.1484375,38364.16015625,38885.1484375,110000000,38310.55119816612,0.014998407001812764,0.0026511719396462574,-0.0010472785789105155,0.005982379337510668,0.009046397557134878,下降トレンドへの転換期,transition_to_downtrend,2.0
2025-06-19,38858.51953125,38870.55078125,38488.33984375,38488.33984375,89300000,38378.00286218347,0.002875005819420906,0.004625979613982256,0.0024591396034305824,0.003710326212456483,0.012170256581141459,上昇トレンド,uptrend,4.0
2025-06-20,38472.25,38646.16015625,38362.5390625,38403.23046875,183900000,38446.2517247877,-0.0011189974082690402,0.005605901674696989,0.00620268158371684,0.0008183137556838638,0.015677652223004546,上昇トレンド,uptrend,4.0
2025-06-23,38260.69140625,38368.21875,38026.3203125,38354.08984375,95800000,38487.77737258128,-0.0034735060831680986,0.004626040839204704,0.007499561270669197,-0.002510305951715641,0.015316566441904711,上昇トレンドへの転換期,transition_to_uptrend,3.0
2025-06-24,38779.1796875,38990.109375,38665.609375,38790.55859375,100800000,38549.35199433079,0.006257085708073262,0.004464774593994303,0.008302607721854649,-0.004367964766746613,0.013276163707260147,上昇トレンドへの転換期,transition_to_uptrend,3.0
2025-06-25,38904.1796875,38944.76953125,38711.109375,38942.0703125,102900000,38620.276203437425,0.008332258095915313,0.004526435500018522,0.008084587550547528,-0.0045705247068899,0.009131866129458044,上昇トレンドへの転換期,transition_to_uptrend,3.0
2025-06-26,39072.140625,39615.58984375,39056.140625,39584.578125,123600000,38721.87798890436,0.022279398131021644,0.006082466494670813,0.008960214213223905,-0.004662598814446195,0.0065010746097933225,上昇トレンドへの転換期,transition_to_uptrend,3.0
2025-06-27,39866.359375,40267.83984375,39847.30859375,40150.7890625,156100000,38870.56856949787,0.03293547123482865,0.008332606348721905,0.011036624525781802,-0.0017456298985689678,0.0048339429420649616,上昇トレンドへの転換期,transition_to_uptrend,3.0
2025-06-30,40550.7890625,40852.5390625,40322.5390625,40487.390625,143900000,39097.63817279715,0.03554568810680214,0.012360397601642203,0.01584557077204307,0.005302570759290859,0.008346009501373874,上昇トレンド,uptrend,4.0
2025-07-01,40340.640625,40345.87109375,39885.37890625,39986.328125,124000000,39295.36096459877,0.017583937224135093,0.014810308938495664,0.019352049559164808,0.01260261555870379,0.011049441837310159,上昇トレンド,uptrend,4.0
2025-07-02,39631.171875,39943.62109375,39444.69921875,39762.48046875,127600000,39452.80016068112,0.00784938728829454,0.014978725874366106,0.02155665466653489,0.01835327688583477,0.013472067115987363,上昇トレンド,uptrend,4.0
2025-07-03,39796.75,39865.890625,39667.8203125,39785.8984375,135400000,39604.48430569857,0.004580646231904684,0.012963599761738553,0.022793479103650816,0.024449548049511938,0.01383326489042691,上昇トレンド,uptrend,4.0
2025-07-04,39994.640625,40012.66015625,39693.3984375,39810.87890625,96600000,39754.630192235934,0.0014148971765570728,0.011687619514449077,0.022743727588070195,0.0305869463162034,0.011707103062288393,上昇トレンド,uptrend,4.0
2025-07-07,39729.55859375,39829.37890625,39524.25,39587.6796875,93400000,39852.06688530787,-0.006634215449069725,0.010120111196179504,0.01929601755421695,0.03505794611584445,0.003450446782173877,上昇トレンド,uptrend,4.0
2025-07-08,39542.0703125,39816.26953125,39510.48046875,39688.80859375,136600000,39934.09797491618,-0.006142354368946834,0.008322635049945015,0.016254768874444325,0.0393272405971008,-0.0030972806847204826,上昇トレンド,uptrend,4.0
2025-07-09,39942.80078125,39971.05859375,39573.33984375,39821.28125,129000000,40009.53956726962,-0.004705335760065266,0.0064120675705208185,0.014111530850054788,0.04325406927170361,-0.007445123816480104,上昇トレンド,uptrend,4.0
2025-07-10,39795.75,39795.75,39530.94921875,39646.359375,129300000,40066.45843547632,-0.010485056001464543,0.005379684591654055,0.011664692467950655,0.04656273007268896,-0.01112878663570016,上昇トレンド,uptrend,4.0
2025-07-11,39886.5390625,39957.80078125,39497.69921875,39569.6796875,115900000,40140.90248336318,-0.01423044228016368,0.005178644790647224,0.00971641012026514,0.05055452503084146,-0.013027317467805055,上昇トレンド,uptrend,4.0
2025-07-14,39416.1015625,39608.01953125,39288.8984375,39459.62109375,91500000,40193.567101952,-0.01826028544170588,0.0045995914142669125,0.00856919711659998,0.05215224119355111,-0.010726820437616968,上昇トレンド,uptrend,4.0
2025-07-15,39525.828125,39678.01953125,39379.3203125,39678.01953125,98800000,40233.5302021275,-0.013807157067418419,0.004169866096855879,0.007498159277302463,0.052354224440067654,-0.008756609597141862,上昇トレンド,uptrend,4.0
2025-07-16,39734.73828125,39923.609375,39520.9609375,39663.3984375,96400000,40244.4345266029,-0.014437675567756214,0.002579215633794707,0.0058709738195896755,0.050479130890952906,-0.008240557030465112,上昇トレンド,uptrend,4.0
2025-07-17,39492.01953125,39910.9609375,39370.4296875,39901.19140625,101500000,40283.080264615644,-0.009480130512787288,0.0022270519667138,0.005406562935633019,0.04963982647229881,-0.006258129532317636,上昇トレンド,uptrend,4.0
2025-07-18,40072.390625,40087.58984375,39745.421875,39819.109375,92000000,40336.50651454411,-0.012827019101358084,0.0025594650009401754,0.004872935561476277,0.04916616587977285,-0.004843474558788863,上昇トレンド,uptrend,4.0
2025-07-22,39864.62890625,40275.890625,39586.53125,39774.921875,112100000,40391.30279474435,-0.01526023864287318,0.0036494056847629075,0.00491958557176031,0.04945792020505557,-0.0036496115448396704,上昇トレンド,uptrend,4.0
2025-07-23,40189.1796875,41342.58984375,40087.859375,41171.3203125,221100000,40564.05492920648,0.014970529557593037,0.006975004462050682,0.008215156000939361,0.052262952050970535,0.0007169967236368979,上昇トレンド,uptrend,4.0
2025-07-24,41657.98046875,42065.828125,41554.1796875,41826.33984375,149400000,40770.226144811546,0.02590404319042161,0.010752533318943991,0.013064952319334466,0.05566894265719324,0.007193978499744791,上昇トレンド,uptrend,4.0
2025-07-25,41760.578125,41773.69921875,41389.7890625,41456.23046875,117500000,40897.3878572747,0.013664506237551777,0.01252955531298694,0.015249767113729273,0.05618296377551024,0.009843204178096254,上昇トレンド,uptrend,4.0
2025-07-28,41515.91015625,41534.2109375,40997.87109375,40998.26953125,106500000,40919.672796163395,0.001920756685375391,0.00876682243867255,0.014457530708788857,0.05271608577070008,0.00958459514731258,上昇トレンド,uptrend,4.0
2025-07-29,40767.76953125,40792.8515625,40563.53125,40674.55078125,101000000,40870.35302815033,-0.004790813692396312,0.0024558824614597796,0.011860232284171879,0.04534071463648104,0.006940646712411569,上昇トレンド,uptrend,4.0
2025-07-30,40744.53125,40744.53125,40556.609375,40654.69921875,123700000,40833.83481371509,-0.004386940285728946,-0.0015539633920239604,0.006650712927478208,0.039151538791114104,-0.0015644430734611525,上昇トレンド,uptrend,4.0
2025-07-31,40693.0,41151.25,40639.3203125,41069.8203125,134800000,40876.994850767594,0.004717212271507787,-0.0010429688821901317,0.0026187911143003006,0.036098697286025105,-0.010446161205034166,上昇トレンド,uptrend,4.0
2025-08-01,41029.83984375,41064.73046875,40588.171875,40799.6015625,148400000,40904.538427006955,-0.0025654088407380815,0.0008364351253113966,0.00017484172234216722,0.03282593231800579,-0.015074925391387106,上昇トレンド,uptrend,4.0
2025-08-04,40118.80859375,40332.25,39850.51953125,40290.69921875,130800000,40882.642054677446,-0.014479074887962629,0.0011952646912791742,-0.0009049618180090313,0.02837435179215464,-0.015362492526797888,下降トレンドへの転換期,transition_to_downtrend,2.0
2025-08-05,40521.0,40649.37890625,40421.87890625,40549.5390625,145300000,40899.4082002626,-0.00855438142404108,0.0005483120659146579,0.0007109107203515652,0.026280727621202926,-0.011149321563820314,上昇トレンド,uptrend,4.0
2025-08-06,40430.4609375,40850.890625,40423.12890625,40794.859375,145500000,40947.21026019809,-0.0037206658092205913,0.0010432053466946645,0.0027765074478118823,0.02536960484041173,-0.003874205479666326,上昇トレンド,uptrend,4.0
2025-08-07,40668.19140625,41164.109375,40668.19140625,41059.1484375,154000000,41010.55564340093,0.0011848850457332194,0.00312879946830269,0.003267382867085278,0.02501943503869275,0.0006485917527849772,上昇トレンド,uptrend,4.0
2025-08-08,41283.69921875,42033.921875,41248.05078125,41820.48046875,183300000,41150.72745191338,0.0162756057622373,0.006144813891198586,0.00601862371202988,0.02706176334959043,0.005843781989687713,上昇トレンド,uptrend,4.0
2025-08-12,42098.3203125,42999.7109375,42083.578125,42718.171875,176100000,41389.230406384326,0.032108387992898946,0.010794878170635513,0.012391282124803782,0.031098651146135303,0.013296243942812813,上昇トレンド,uptrend,4.0
2025-08-13,43090.91015625,43451.4609375,43008.19921875,43274.671875,154100000,41688.12641271893,0.03805749019694549,0.01652186269334366,0.019284342907711416,0.037184042585121535,0.01857343218735985,上昇トレンド,uptrend,4.0
2025-08-14,43129.1796875,43199.828125,42606.73046875,42649.26171875,127800000,41913.01207964243,0.017566135254334814,0.018524207831315254,0.023586510858912613,0.04174333867988844,0.02081000341110073,上昇トレンド,uptrend,4.0
2025-08-15,42866.37890625,43405.4296875,42736.859375,43378.30859375,134500000,42195.89729803469,0.028021949322793116,0.019489777503230332,0.028903330765392754,0.048490251991037736,0.025635947898307476,上昇トレンド,uptrend,4.0
2025-08-18,43452.8984375,43835.12109375,43390.21875,43714.30859375,124200000,42494.09741052912,0.028714839414815785,0.019333346618434,0.032645108405082945,0.054886993035029086,0.026626484693053065,上昇トレンド,uptrend,4.0
2025-08-19,43846.55078125,43876.421875,43411.96875,43546.2890625,117100000,42761.34926698828,0.01835629158029617,0.020240425234384407,0.03315159154039993,0.060115338733408796,0.020760309415596145,上昇トレンド,uptrend,4.0
2025-08-20,43400.66015625,43425.78125,42724.1484375,42888.55078125,116700000,42961.69691222254,-0.0017025894280198184,0.01814867471069337,0.030549957724054666,0.06363731644260429,0.01126561481634325,上昇トレンド,uptrend,4.0
2025-08-21,42783.26171875,42926.109375,42564.30078125,42610.171875,103100000,43064.296239356525,-0.010545263803510174,0.01341830662547805,0.027468418579090548,0.06163686826954384,0.003881907720177935,上昇トレンド,uptrend,4.0
2025-08-22,42629.80859375,42720.5703125,42331.390625,42633.2890625,97800000,43072.951544481,-0.01020739155817929,0.0072870076093056735,0.020785296737537706,0.05648056479967556,-0.008118034027855048,上昇トレンド,uptrend,4.0
2025-08-25,42977.26953125,43201.421875,42681.37109375,42807.8203125,102200000,43090.61107326408,-0.006562700173438518,0.0030006766563464016,0.01403756519339927,0.05362746451297529,-0.018607543211683675,上昇トレンド,uptrend,4.0
2025-08-26,42619.66015625,42703.26953125,42137.62109375,42394.3984375,162600000,43107.65894630373,-0.016546027463291146,0.0010069294226053849,0.008098661180057753,0.05347027482452105,-0.025052930360342174,上昇トレンド,uptrend,4.0
2025-08-27,42476.08984375,42628.0390625,42270.1796875,42520.26953125,108400000,43173.24417777853,-0.01512452119279506,0.0023284365176126087,0.0049240900793143805,0.05634625049707864,-0.025625867644740286,上昇トレンド,uptrend,4.0
2025-08-28,42308.140625,42828.7890625,42299.7890625,42828.7890625,112700000,43281.695332936244,-0.010464152731364806,0.004434475513639846,0.005048244429013415,0.05994686833574048,-0.022420174150077132,上昇トレンド,uptrend,4.0
2025-08-29,42774.2890625,42807.03125,42611.30859375,42718.46875,114900000,43356.16859915534,-0.014708399514060444,0.005764860791006132,0.006575287843505695,0.06064960884327797,-0.014210008894032011,上昇トレンド,uptrend,4.0
2025-09-01,42362.7109375,42454.98828125,41835.171875,42188.7890625,96600000,43369.73593495181,-0.027229745512471037,0.004551239104575222,0.006477625977806323,0.06026709022383736,-0.007559939215592948,上昇トレンド,uptrend,4.0
2025-09-02,42299.62890625,42473.671875,42084.78125,42310.48828125,99800000,43431.37445623499,-0.025808213279422842,0.003458254630447577,0.007509466249013608,0.06234265383701976,-0.0005891949310441458,上昇トレンド,uptrend,4.0
2025-09-03,42085.66015625,42293.5390625,41863.19921875,41938.890625,130200000,43463.90167043416,-0.035086841880823005,0.002484838369249287,0.006732352367562866,0.06270245910685568,0.0018082622882484856,上昇トレンド,uptrend,4.0
2025-09-04,42093.69921875,42608.80078125,42066.58984375,42580.26953125,110300000,43535.33670346865,-0.021937746312240103,0.003818348554513351,0.005860245736247549,0.06320641691642415,0.0008120013072341337,上昇トレンド,uptrend,4.0
2025-09-05,42983.46875,43220.94140625,42783.5390625,43018.75,118300000,43624.4137821034,-0.013883597041064899,0.004444697601337255,0.00618701309675429,0.06373622833669357,-0.0003882747467514047,上昇トレンド,uptrend,4.0
2025-09-08,43451.0703125,43838.6015625,43343.578125,43643.80859375,115500000,43725.26638907291,-0.0018629456616247042,0.0060133745152597395,0.00819766241266362,0.06256363123028641,0.0017200364348572972,上昇トレンド,uptrend,4.0
2025-09-09,43907.55078125,44185.73046875,43452.73828125,43459.2890625,117500000,43730.22655277219,-0.006195657137637589,0.0044765899166230305,0.006881018624873336,0.05656051401300677,-0.0006284476241402714,上昇トレンド,uptrend,4.0
2025-09-10,43513.16015625,43848.76953125,43509.01953125,43837.671875,115700000,43709.96272958676,0.002921739975010107,0.0019610337438724645,0.00566127406182626,0.04849909292759613,-0.0010710783057366058,上昇トレンド,uptrend,4.0
2025-09-11,43876.21875,44396.94921875,43870.5390625,44372.5,107300000,43753.36700569188,0.014150522272436294,0.0006426631314015996,0.005008122567382145,0.04390891598419211,-0.0008521231688654041,上昇トレンド,uptrend,4.0
2025-09-12,44803.30078125,44888.01953125,44548.5703125,44768.12109375,124900000,43833.36637188715,0.021325186706681265,0.0023585475595579997,0.004789808542240204,0.0388063574590396,-0.0013972045545140865,上昇トレンド,uptrend,4.0
2025-09-16,44948.8515625,45055.37890625,44616.3203125,44902.26953125,111700000,43881.17462465381,0.023269543610223042,0.003916999337799876,0.003565632606868707,0.032641644337667586,-0.004632029805794913,上昇トレンド,uptrend,4.0
2025-09-17,44751.83984375,45033.33984375,44612.0703125,44790.37890625,104600000,43915.66631441766,0.01991800797396004,0.003709413008252893,0.004240539696762857,0.026994401889009145,-0.002640478928110479,上昇トレンド,uptrend,4.0
2025-09-18,44910.5,45508.671875,44815.3984375,45303.4296875,113700000,44045.32667174086,0.028563825286970213,0.004835592549644163,0.007672482912622014,0.025223160103110986,0.0020112088507957537,上昇トレンド,uptrend,4.0
2025-09-19,45634.2890625,45852.75,44495.4609375,45045.80859375,208600000,44195.164530943934,0.019247446453343864,0.007155458097370948,0.010097452047395095,0.026259997035639637,0.00508932948001295,上昇トレンド,uptrend,4.0
2025-09-22,45193.76953125,45757.73828125,45193.76953125,45493.66015625,116600000,44398.66898089291,0.024662702745172904,0.010998413709976562,0.012896627747220446,0.03077842100146877,0.008106819204980242,上昇トレンド,uptrend,4.0
2025-09-24,45484.41015625,45693.28125,45205.46875,45630.30859375,131700000,44600.916812385185,0.02308005877311836,0.012614054262441998,0.016402072047702276,0.03504953170780589,0.01283643944083357,上昇トレンド,uptrend,4.0
2025-09-25,45600.0703125,45824.69140625,45503.30859375,45754.9296875,127200000,44822.83077450938,0.020795181760824955,0.0142021474572398,0.02065696677802409,0.03978809961223173,0.01641642708126123,上昇トレンド,uptrend,4.0
2025-09-26,45634.19921875,45766.76953125,45354.98828125,45354.98828125,147500000,45013.15911754953,0.007593982968576052,0.013840282845440033,0.02197355585580474,0.04261701835967213,0.014301072943182724,上昇トレンド,uptrend,4.0
2025-09-29,45113.2890625,45152.69921875,44890.19921875,45043.75,130500000,45148.6366131684,-0.002323140210568564,0.012280460580826436,0.021574126770291135,0.043134661566998744,0.01147667472289604,上昇トレンド,uptrend,4.0
2025-09-30,45054.9609375,45126.23046875,44733.6015625,44932.62890625,160600000,45262.88374300795,-0.007296371981799887,0.009817607698905828,0.019464879960409576,0.043977943749618165,0.00656825221318913,上昇トレンド,uptrend,4.0
2025-10-01,44831.94921875,44874.421875,44357.6484375,44550.8515625,136700000,45367.55450877753,-0.0180019169011969,0.007873150833571207,0.01718883267842286,0.04606480834520532,0.0007867606307205843,上昇トレンド,uptrend,4.0
2025-10-02,44736.03125,45125.9609375,44659.21875,44936.73046875,131100000,45527.27580943757,-0.01297124262737348,0.008386503440033666,0.015716210305235956,0.04825777170175871,-0.004940756472788133,上昇トレンド,uptrend,4.0
2025-10-03,45042.5390625,45778.66015625,45042.5390625,45769.5,117600000,45779.92087128334,-0.00022762973559176114,0.01142298248629059,0.017034168868962363,0.05328603995127823,-0.004939386986842376,上昇トレンド,uptrend,4.0
2025-10-06,46636.0703125,48150.0390625,46592.98828125,47944.76171875,178300000,46231.97575994751,0.03704764788110859,0.019053732574515037,0.02399494709134009,0.06194138510622804,0.0024208203210489554,上昇トレンド,uptrend,4.0
2025-10-07,48281.12109375,48527.328125,47904.37890625,47950.87890625,154200000,46623.354046335546,0.028473388220742857,0.024075199260456648,0.03005708410122576,0.06874454013780773,0.010592204140816186,上昇トレンド,uptrend,4.0
2025-10-08,47925.21875,48181.12109375,47728.26953125,47734.98828125,142200000,46933.18684647085,0.01708389071046934,0.025191523996515475,0.03450995661206302,0.07336537252520015,0.01732112393364016,上昇トレンド,uptrend,4.0
2025-10-09,48035.421875,48597.078125,47995.21875,48580.44140625,138500000,47301.30058121173,0.027042402837150536,0.023129550569426893,0.03896619642255028,0.08166145730185259,0.023249986117314325,上昇トレンド,uptrend,4.0
2025-10-10,48510.71875,48510.71875,47962.609375,48088.80078125,150700000,47597.15214594589,0.01032937083707397,0.02088648745953714,0.03969494136462015,0.08893142829719092,0.02266077249565779,上昇トレンド,uptrend,4.0
2025-10-14,47446.73046875,47865.6484375,46544.05078125,46847.3203125,170300000,47710.98812054242,-0.018102073381090933,0.01657252205387061,0.031991112996650806,0.09045294992578956,0.007996165905310715,上昇トレンド,uptrend,4.0
2025-10-15,47002.30078125,47774.828125,46910.828125,47672.671875,118400000,47862.33421021418,-0.003962663717594239,0.011860849957797903,0.02657423922455915,0.09191554680388503,-0.003482844876666613,上昇トレンド,uptrend,4.0
2025-10-16,48107.44140625,48317.33984375,47937.71875,48277.73828125,121100000,48045.71003162452,0.00482932294002425,0.009424048823409192,0.023704403214573677,0.0949048297497248,-0.010805553397489343,上昇トレンド,uptrend,4.0
2025-10-17,47820.96875,48140.8984375,47494.30859375,47582.1484375,124800000,48150.23505017675,-0.011798210581625557,0.009206410240856222,0.017947381119203687,0.09642501392194225,-0.021018815303346594,上昇トレンド,uptrend,4.0
2025-10-20,48332.7109375,49185.5,48254.828125,49185.5,121000000,48395.48515691169,0.01632414347179001,0.01113925920026948,0.016772705403001575,0.0987654948637684,-0.022922235961618576,上昇トレンド,uptrend,4.0
2025-10-21,49675.4296875,49945.94921875,49127.19921875,49316.05859375,124500000,48636.77272287387,0.013966507908462766,0.012302090880961236,0.01940401234182043,0.10049986778123832,-0.012587100654830374,上昇トレンド,uptrend,4.0
2025-10-22,49252.03125,49458.28125,48613.69921875,49307.7890625,141100000,48862.01362266778,0.009123149186496482,0.01478245270764078,0.020886557852839882,0.10052879386307012,-0.0056876813717192665,上昇トレンド,uptrend,4.0
2025-10-23,48866.578125,48866.578125,48399.05078125,48641.609375,107600000,48987.17170142732,-0.007054139163891637,0.012226069076427759,0.019595124500878747,0.09834450057367716,-0.0041092787136949305,上昇トレンド,uptrend,4.0
2025-10-24,49095.26953125,49435.30859375,48965.78125,49299.6484375,109100000,49166.03804132364,0.002717534328555482,0.010881999129865205,0.021096532344823116,0.09689721045651223,0.0031491512256194287,上昇トレンド,uptrend,4.0
2025-10-27,49905.80078125,50549.6015625,49838.98046875,50512.3203125,122100000,49480.636727694284,0.020850248764650248,0.012660614231000844,0.02242257861997321,0.09924825757015121,0.005649873216971635,上昇トレンド,uptrend,4.0
2025-10-28,50357.1484375,50485.80078125,50107.76953125,50219.1796875,119500000,49790.8525811479,0.008602526049418913,0.016405945716134518,0.023728545165811576,0.10282073427274918,0.004324532823991145,上昇トレンド,uptrend,4.0
2025-10-29,50453.640625,51412.96875,50365.62109375,51307.6484375,129700000,50224.006907527815,0.021576166393242557,0.021518285962252248,0.02787427663906561,0.1096068733200466,0.006987718786225727,上昇トレンド,uptrend,4.0
2025-10-30,51146.26953125,51657.28125,50972.55859375,51325.609375,230900000,50669.04303152095,0.012957938500448796,0.024017603297362466,0.03433289311627319,0.11685638734875403,0.014737768615394442,上昇トレンド,uptrend,4.0
2025-10-31,51629.80078125,52411.33984375,51613.03125,52411.33984375,180300000,51213.01688058136,0.023398796559142232,0.028562762549921183,0.04163400023278774,0.12488647673413333,0.020537467887964622,上昇トレンド,uptrend,4.0
2025-11-04,52294.30859375,52636.87109375,51497.19921875,51497.19921875,190100000,51587.33042346102,-0.0017471577608526578,0.027144857606509643,0.042576123410869915,0.1268549495423119,0.020153544790896705,上昇トレンド,uptrend,4.0
2025-11-05,51291.390625,51422.421875,49073.578125,50212.26953125,219700000,51676.77718973049,-0.028339763780229066,0.019888557152789144,0.03787692941206333,0.11777133337442214,0.014148384246251755,上昇トレンド,uptrend,4.0
2025-11-06,50792.55078125,51248.28125,50594.19140625,50883.6796875,171300000,51739.98287363494,-0.016550125040170505,0.01028968854309742,0.030184289535049036,0.10974390264188938,0.0023100128959834265,上昇トレンド,uptrend,4.0
2025-11-07,50524.30859375,50642.7890625,49640.55859375,50276.37109375,146700000,51754.652439737925,-0.02856325521090508,0.0032434711178777054,0.021425496580656178,0.10273041140460348,-0.01290739653561701,上昇トレンド,uptrend,4.0
2025-11-10,50645.26953125,50969.5,50392.44140625,50911.76171875,129700000,51809.37602386686,-0.017325325529945812,0.0025659269278641705,0.011644679021274973,0.09530552833140815,-0.029989321211512765,上昇トレンド,uptrend,4.0
2025-11-11,51314.0390625,51513.16015625,50581.171875,50842.9296875,125900000,51846.8168666163,-0.01936256147988691,0.002064824668424725,0.0050300420864046735,0.08928401236359207,-0.03754608132446524,上昇トレンド,uptrend,4.0
2025-11-12,50988.53125,51072.26171875,50537.5,51063.30859375,150400000,51992.038208554375,-0.017862919916295406,0.0045867522556133355,0.006100632353027935,0.08972880790470805,-0.0317762970590354,上昇トレンド,uptrend,4.0
2025-11-13,51013.1484375,51338.890625,50954.26953125,51281.828125,135700000,52174.01978749765,-0.017100305211894873,0.007038180955177165,0.008388810543729086,0.09008515043053045,-0.02179547899131995,上昇トレンド,uptrend,4.0
2025-11-14,50767.73828125,50767.73828125,50246.6015625,50376.53125,149300000,52192.92657977412,-0.03480156122301081,0.006675621264237597,0.008468304188623543,0.0863181446464174,-0.012957192392032635,上昇トレンド,uptrend,4.0
2025-11-17,50282.390625,50398.16015625,49845.859375,50323.91015625,126000000,52214.158008275095,-0.036201825790727504,0.004272188730700233,0.007812909852876082,0.08440089552757901,-0.003831769168398891,上昇トレンド,uptrend,4.0
2025-11-18,49812.94921875,49971.55078125,48661.51953125,48702.98046875,137400000,52029.538909212526,-0.06393595849978817,-0.0027692111681941745,0.0035242673251534296,0.07509075982022329,-0.001505774761251244,上昇トレンド,uptrend,4.0
2025-11-19,48822.87890625,49087.109375,48235.30078125,48537.69921875,136500000,51761.964105126746,-0.062290234578973425,-0.008257104992736242,-0.004425179534311319,0.0642557309478533,-0.010525811887339254,下降トレンドへの転換期,transition_to_downtrend,2.0
2025-11-20,49129.2890625,50574.8203125,49113.390625,49823.94140625,139400000,51633.28883998895,-0.035042265840281805,-0.011124744522244101,-0.01036398862328558,0.056716353090195515,-0.018752799167014667,下降トレンドへの転換期,transition_to_downtrend,2.0
2025-11-21,49251.26171875,49459.58984375,48490.03125,48625.87890625,212200000,51426.80924672756,-0.05446440060163349,-0.011584374474982062,-0.01467856629720865,0.0498015594811152,-0.023146870485832194,下降トレンドへの転換期,transition_to_downtrend,2.0
2025-11-25,49113.8203125,49182.3203125,48511.94921875,48659.51953125,144500000,51234.29083099641,-0.05025484412850878,-0.010194228199274846,-0.018766311947870373,0.042066696281982674,-0.026579221800746455,下降トレンドへの転換期,transition_to_downtrend,2.0
2025-11-26,49012.25,49749.58984375,48964.19140625,49559.0703125,134100000,51055.89918949448,-0.02931745206247338,-0.011182507709005307,-0.018713210613243603,0.031835937570272144,-0.022237477938397032,下降トレンドへの転換期,transition_to_downtrend,2.0
2025-11-27,49868.7890625,50322.140625,49865.171875,50167.1015625,99300000,50910.12364621593,-0.014594780576046684,-0.010047008711599359,-0.016456880522940698,0.0224794516873128,-0.012031700988629379,下降トレンドへの転換期,transition_to_downtrend,2.0
2025-11-28,50218.9609375,50258.25,49989.5390625,50253.91015625,98200000,50748.59590985919,-0.00974777222384371,-0.009479879847256067,-0.017134158021028134,0.010444985070531043,-0.006770169397742554,下降トレンドへの転換期,transition_to_downtrend,2.0
2025-12-01,50318.58984375,50366.73828125,49215.9609375,49303.28125,118200000,50461.87052477524,-0.022959697346264685,-0.01163486833352001,-0.018763340290526065,-0.004088739284395682,-0.004084773993317414,下降トレンド,downtrend,1.0
2025-12-02,49494.578125,49636.7890625,49243.55078125,49303.44921875,127100000,50145.00268491786,-0.016782399463725173,-0.015028856865778595,-0.021260919755320185,-0.02085435033350791,-0.0024946078074498113,下降トレンド,downtrend,1.0
2025-12-03,49540.640625,50138.6015625,49521.23046875,49864.6796875,119500000,49898.431068213526,-0.000676401642115465,-0.016752480071680176,-0.02267060495761708,-0.032738646124619186,-0.003957394344373477,下降トレンド,downtrend,1.0
2025-12-04,49942.94140625,51028.421875,49910.05859375,51028.421875,127300000,49881.43936880402,0.022994174200059447,-0.011502370996854805,-0.020205888411515716,-0.034741675440303044,-0.0037490078885750178,下降トレンド,downtrend,1.0
2025-12-05,50530.33984375,50634.8515625,50215.41015625,50491.87109375,119300000,49845.172242475914,0.012974152203309997,-0.005979268648680924,-0.01780194409689595,-0.03662178698023033,-0.0006677860758678156,下降トレンド,downtrend,1.0
2025-12-08,50643.08984375,50678.05078125,50224.6484375,50581.94140625,104400000,49821.952320530625,0.015254100859596331,-0.0015326884241780858,-0.012681222427742389,-0.03734350494301353,0.006082117862783676,下降トレンド,downtrend,1.0
2025-12-09,50677.359375,50793.69140625,50417.109375,50655.1015625,107100000,49809.16798652824,0.016983491396615147,-0.0014488632082453323,-0.006697271520749726,-0.03860706672894865,0.014563648234570459,下降トレンド,downtrend,1.0
2025-12-10,50878.66015625,51107.76953125,50329.26953125,50602.80078125,125100000,49770.625171514985,0.016720216128836007,-0.001495572542076662,-0.002561320946620982,-0.04004472830882999,0.020109284010996098,下降トレンド,downtrend,1.0
2025-12-11,50818.390625,50875.98046875,49926.26953125,50148.8203125,109900000,49688.69514825137,0.009260157926783918,-0.0026746678135362023,-0.003864046887812833,-0.044301841967873345,0.016341841523702882,下降トレンド,downtrend,1.0
2025-12-12,50480.23046875,51127.69140625,50457.421875,50836.55078125,152200000,49662.35626807072,0.023643552207654794,-0.0029474838547238758,-0.0036676766511282155,-0.04814011896451187,0.014134267445767734,下降トレンド,downtrend,1.0
2025-12-15,50352.08984375,50432.1015625,49965.6796875,50168.109375,121900000,49614.72093468953,0.011153714661398917,-0.0031324548624452886,-0.004159439287081068,-0.04939760641978819,0.008521783140661321,下降トレンド,downtrend,1.0
2025-12-16,50051.23828125,50051.23828125,49355.87109375,49383.2890625,124600000,49543.91016879417,-0.003241994944422899,-0.0029138414487484,-0.005325481802984755,-0.051140302579574914,0.0013717897177649707,下降トレンド,downtrend,1.0
2025-12-17,49413.19140625,49571.5,49077.80859375,49512.28125,113200000,49573.52689165178,-0.0012354505618621392,-0.0017886661667732007,-0.0039601326924060265,-0.04720418571931406,-0.0013988117457850446,下降トレンド,downtrend,1.0
2025-12-18,49058.30859375,49169.7890625,48643.78125,49001.5,116200000,49637.179151330274,-0.012806512420705074,0.0004526522817756007,-0.0010367750001764042,-0.04104915627778549,0.002827271887636429,下降トレンド,downtrend,1.0
2025-12-19,49387.7109375,49766.9609375,49257.1484375,49507.2109375,163300000,49692.33783253782,-0.003725461572399613,0.002995881092912489,0.0006037080541501094,-0.037591078373219955,0.004271384705278325,上昇トレンドへの転換期,transition_to_uptrend,3.0
2025-12-22,50084.55078125,50590.87890625,49982.19921875,50402.390625,112900000,49830.14207229488,0.011483983968475941,0.005176455998459728,0.0043418794572869235,-0.031047369996696328,0.008501318744367992,上昇トレンドへの転換期,transition_to_uptrend,3.0
2025-12-23,50374.48046875,50544.55859375,50264.421875,50412.87109375,92700000,50021.04617551405,0.007833201186179028,0.007733457677227662,0.009630568219066493,-0.023680324950420828,0.014956050022051248,上昇トレンドへの転換期,transition_to_uptrend,3.0
2025-12-24,50475.48046875,50636.94921875,50323.921875,50344.1015625,83200000,50155.42348430347,0.0037618679115645204,0.00931905545128986,0.011738051115941062,-0.01763705506094171,0.015698183808347088,上昇トレンドへの転換期,transition_to_uptrend,3.0
2025-12-25,50450.1796875,50510.109375,50283.76171875,50407.7890625,58300000,50219.440801868455,0.003750504936417709,0.007812514943440707,0.011730353345886568,-0.013566709229526852,0.012767128346062973,上昇トレンドへの転換期,transition_to_uptrend,3.0
2025-12-26,50527.12890625,50941.890625,50527.12890625,50750.390625,81100000,50282.245068534765,0.009310355093078204,0.005221779890492995,0.011871191047298169,-0.009189433381620482,0.011267482993148059,上昇トレンドへの転換期,transition_to_uptrend,3.0
2025-12-29,50691.21875,50707.23046875,50347.6484375,50526.921875,98000000,50361.38892045809,0.0032869020908727897,0.00410654365662122,0.010661154595795974,-0.0019912382016796792,0.006319275138509051,上昇トレンドへの転換期,transition_to_uptrend,3.0
2025-12-30,50312.8515625,50534.640625,50198.96875,50339.48046875,93700000,50460.26785820756,-0.0023937128078069803,0.004795494583248017,0.00878073763496201,0.006287070623380853,-0.0008498305841044829,上昇トレンド,uptrend,4.0
