date,open,high,low,close,volume,ssa_40,price_to_ssa_gap,ssa_slope_3,ssa_slope_5,ssa_slope_20,ssa_curvature,trend_label_ja,trend_label_en,trend_score
2013-01-04,10604.5,10734.23046875,10602.240234375,10688.1103515625,219000000,10299.297662023226,0.037751379006449204,0.02119041772771757,0.02958164965261534,0.1192684015122758,0.002086362617159887,上昇トレンド,uptrend,4.0
2013-01-07,10743.6904296875,10743.6904296875,10589.7001953125,10599.009765625,187700000,10373.127102300761,0.021775753935776798,0.022493289093930002,0.03333339366248622,0.1231693347829641,0.008741909639514711,上昇トレンド,uptrend,4.0
2013-01-08,10544.2099609375,10602.1201171875,10463.4296875,10508.0595703125,211400000,10435.738115047707,0.006930171538179097,0.02200291366010232,0.034718688080829896,0.12655031334930267,0.010932264231102273,上昇トレンド,uptrend,4.0
2013-01-09,10405.669921875,10620.7001953125,10398.6103515625,10578.5703125,215000000,10503.064640945486,0.007188918104927167,0.019784550909098808,0.03530140953392191,0.12962773972550723,0.012807049547876925,上昇トレンド,uptrend,4.0
2013-01-10,10635.1103515625,10686.1201171875,10619.650390625,10652.6396484375,268500000,10570.683812104295,0.007753125321879217,0.0190450486006013,0.035218547672502654,0.13168870327835425,0.011437760585536472,上昇トレンド,uptrend,4.0
2013-01-11,10786.1396484375,10830.4296875,10748.0595703125,10801.5703125,236600000,10649.200706207532,0.014308079122187012,0.02045495860537394,0.03397348592754135,0.13437079328459123,0.004391836274926009,上昇トレンド,uptrend,4.0
2013-01-15,10914.650390625,10952.3095703125,10851.66015625,10879.080078125,215100000,10734.252232742332,0.013492122435962983,0.022011441393550824,0.034813526035121445,0.1365240685149549,0.0014801323726352233,上昇トレンド,uptrend,4.0
2013-01-16,10806.41015625,10806.41015625,10591.2998046875,10600.4404296875,226100000,10787.872274704843,-0.017374310730099096,0.020546302061542177,0.03374310046640394,0.13469945981794496,-0.0009755876144259545,上昇トレンド,uptrend,4.0
2013-01-17,10660.9404296875,10694.849609375,10432.9697265625,10609.6396484375,268500000,10839.090173509203,-0.02116879935480942,0.017831335190347408,0.031993093830323005,0.13167318324314414,-0.0033083157035989075,上昇トレンド,uptrend,4.0
2013-01-18,10791.9697265625,10913.2998046875,10787.1201171875,10913.2998046875,286600000,10911.156966248182,0.00019638966297952365,0.016480396553962384,0.03220918913060444,0.12918958488323518,-0.0030093585418982105,上昇トレンド,uptrend,4.0
2013-01-21,10941.4501953125,10941.4501953125,10747.740234375,10747.740234375,207300000,10957.45200926266,-0.01913873542045952,0.015719479267050973,0.028945956749171442,0.1254924843437757,-0.005027529178369905,上昇トレンド,uptrend,4.0
2013-01-22,10765.099609375,10859.419921875,10615.2001953125,10709.9296875,248100000,10994.991468169017,-0.025926512220976528,0.014383245472100459,0.024290395807111897,0.12221586388796246,-0.010523130228009547,上昇トレンド,uptrend,4.0
2013-01-23,10575.599609375,10663.08984375,10486.990234375,10486.990234375,198800000,10999.964234418601,-0.046634151631013365,0.008139124791727514,0.01966022161859171,0.11660549382499297,-0.01408287884781223,上昇トレンド,uptrend,4.0
2013-01-24,10441.1103515625,10634.740234375,10441.1103515625,10620.8701171875,211200000,11003.927692135747,-0.03481098619195844,0.00424146807431125,0.01520768957429719,0.10907116986599963,-0.016785404256025815,上昇トレンド,uptrend,4.0
2013-01-25,10797.2998046875,10926.650390625,10790.9501953125,10926.650390625,220600000,11035.581774039814,-0.009870923495040818,0.0036917087192207543,0.011403447698215663,0.10644841322730159,-0.02080574143238878,上昇トレンド,uptrend,4.0
2013-01-28,11002.8603515625,11002.8603515625,10824.3095703125,10824.3095703125,198300000,11066.50128240707,-0.02188512032069201,0.006048842211711536,0.009952064864370724,0.1062760801871232,-0.018993891884800718,上昇トレンド,uptrend,4.0
2013-01-29,10751.009765625,10937.6298828125,10751.009765625,10866.7197265625,238500000,11098.902751520209,-0.020919457549612885,0.008631014492428868,0.009450783445536848,0.10563253810073214,-0.01483961236157505,上昇トレンド,uptrend,4.0
2013-01-30,10913.9697265625,11113.9501953125,10905.6396484375,11113.9501953125,202800000,11142.779086494116,-0.0025872263066364365,0.009713788964572201,0.012983210584326388,0.10482283388528613,-0.006677011034265323,上昇トレンド,uptrend,4.0
2013-01-31,11057.5,11145.3798828125,11007.76953125,11138.66015625,275700000,11177.270451535273,-0.003454358150559833,0.0100094118548828,0.015752807929064305,0.1017587960093358,0.0005451183547671157,上昇トレンド,uptrend,4.0
2013-02-01,11193.7197265625,11237.83984375,11142.259765625,11191.33984375,278200000,11209.633403540915,-0.0016319498713611713,0.00997672062722943,0.015771858073721168,0.09779278410227255,0.004368410375505505,上昇トレンド,uptrend,4.0
2013-02-04,11254.16015625,11285.490234375,11194.740234375,11260.349609375,354100000,11232.183254715686,0.0025076473576486347,0.00802350719937861,0.014971486297300496,0.09057759308504165,0.0050194214329297715,上昇トレンド,uptrend,4.0
2013-02-05,11105.240234375,11170.849609375,11046.919921875,11046.919921875,385200000,11224.72754046004,-0.015840706862961684,0.004245856725981767,0.011336687216454644,0.08209679007696669,0.0018859037709177962,上昇トレンド,uptrend,4.0
2013-02-06,11236.7001953125,11498.419921875,11232.0498046875,11463.75,353400000,11269.997385860204,0.017191895215777464,0.005385009495513238,0.011417106843685465,0.0799425265003102,-0.0015661037406409228,上昇トレンド,uptrend,4.0
2013-02-07,11406.3203125,11446.8095703125,11295.6201171875,11357.0703125,404300000,11305.156711153937,0.004592028458556774,0.006496818542166549,0.011441635967670338,0.07636743156673997,-0.004311171961393967,上昇トレンド,uptrend,4.0
2013-02-08,11179.9697265625,11299.7099609375,11135.8896484375,11153.16015625,328100000,11313.223749206856,-0.014148362704138884,0.007884040697453631,0.009241189424911811,0.07024521311027132,-0.006530668648809357,上昇トレンド,uptrend,4.0
2013-02-12,11346.7197265625,11460.6396484375,11343.4404296875,11369.1201171875,301200000,11334.182793036018,0.0030824740335888556,0.00569524596841009,0.009081007316855239,0.06432239430225062,-0.005890478980445257,上昇トレンド,uptrend,4.0
2013-02-13,11333.7197265625,11365.26953125,11196.66015625,11251.41015625,275300000,11334.050112555222,-0.007291299710566634,0.002555771860533129,0.009739441042210029,0.0558770063165972,-0.0015972461742446153,上昇トレンド,uptrend,4.0
2013-02-14,11273.400390625,11356.5400390625,11243.490234375,11307.2802734375,280100000,11351.262060936795,-0.003874616519571883,0.00336228758249435,0.0072107093102389275,0.052224365647429494,-0.0042063975334465376,上昇トレンド,uptrend,4.0
2013-02-15,11239.2099609375,11261.580078125,11065.0595703125,11173.830078125,346200000,11368.36647412787,-0.017112079949709202,0.003015981100362719,0.005591232796584578,0.048830325437482,-0.005850403171085761,上昇トレンド,uptrend,4.0
2013-02-18,11318.2197265625,11445.4599609375,11308.830078125,11407.8701171875,238300000,11395.337170847091,0.001099831110962901,0.005407339625574714,0.007258180644221124,0.044374781345061676,-0.001983008780690687,上昇トレンド,uptrend,4.0
2013-02-19,11336.4501953125,11412.8603515625,11336.4501953125,11372.33984375,189900000,11413.638269254798,-0.003618340141026244,0.005495090147963344,0.007010251878732721,0.04163251270518997,-0.002070755438122518,上昇トレンド,uptrend,4.0
2013-02-20,11485.650390625,11510.51953125,11440.099609375,11468.2802734375,202000000,11451.9368469124,0.0014271320863514791,0.0073511328980042645,0.010401112857846728,0.0415594118527749,0.0006616718156366996,上昇トレンド,uptrend,4.0
2013-02-21,11404.73046875,11442.1103515625,11301.76953125,11309.1298828125,196300000,11486.53502394878,-0.015444617612395684,0.008003085098262863,0.0119169976242115,0.044233851961782866,0.004706288313972573,上昇トレンド,uptrend,4.0
2013-02-22,11238.75,11390.650390625,11175.669921875,11385.9404296875,247900000,11532.235437591196,-0.012685745855207209,0.010390829421663694,0.014414468766138055,0.048010833970948186,0.008823235969553478,上昇トレンド,uptrend,4.0
2013-02-25,11564.5498046875,11662.51953125,11562.099609375,11662.51953125,240900000,11584.068828628653,0.006772292514998224,0.011537959341076709,0.016562182843031348,0.04970168911974393,0.009304002198810224,上昇トレンド,uptrend,4.0
2013-02-26,11449.66015625,11520.240234375,11374.830078125,11398.8095703125,268000000,11599.775660192516,-0.01732499797989029,0.009858554908650508,0.016308331011253507,0.048188163917101345,0.009298079132520787,上昇トレンド,uptrend,4.0
2013-02-27,11418.5595703125,11419.6201171875,11253.9697265625,11253.9697265625,193200000,11604.436129411477,-0.030201071292100035,0.006260771574688073,0.013316462056826017,0.04554805003783158,0.002915349198979289,上昇トレンド,uptrend,4.0
2013-02-28,11396.73046875,11563.75,11392.5595703125,11559.3603515625,217300000,11627.029521537886,-0.005819987800842585,0.0037086013165823495,0.012231233987985313,0.043458676806284124,0.00031423636377381214,上昇トレンド,uptrend,4.0
2013-03-01,11464.7099609375,11648.6298828125,11464.7099609375,11606.3798828125,190100000,11642.409824373613,-0.0030947151066340606,0.003675430062618057,0.00955360193421706,0.04161475512784518,-0.004860866831920996,上昇トレンド,uptrend,4.0
2013-03-04,11695.4501953125,11767.6796875,11613.58984375,11652.2900390625,205200000,11659.461065774602,-0.0006150392948394146,0.0047417156464555354,0.006508269094501973,0.04012866844437535,-0.010053913748529375,上昇トレンド,uptrend,4.0
2013-03-05,11732.5703125,11779.419921875,11666.3798828125,11683.4501953125,198900000,11674.567894078686,0.0007608248386066219,0.004088608569604135,0.006447731066285822,0.03938545421944295,-0.009860599944967685,上昇トレンド,uptrend,4.0
2013-03-06,11811.0595703125,11933.8203125,11803.08984375,11932.26953125,200900000,11721.6530911233,0.017968151632656415,0.006806431653332501,0.010101047599782698,0.04427061136870081,-0.0032154144570433196,上昇トレンド,uptrend,4.0
2013-03-07,12037.25,12069.599609375,11946.009765625,11968.080078125,216000000,11761.413479001363,0.017571578407018507,0.008744178881992637,0.011557892513693657,0.04360392254906009,-0.0006733414742916555,上昇トレンド,uptrend,4.0
2013-03-08,12066.5,12283.6201171875,12065.08984375,12283.6201171875,364600000,11819.008333870675,0.03931055552142637,0.012372230056176159,0.015168552916540401,0.04545285269772159,0.005614950982323341,上昇トレンド,uptrend,4.0
2013-03-11,12363.08984375,12403.9501953125,12300.830078125,12349.0498046875,332300000,11897.354367222892,0.03796604047610996,0.014989462214390903,0.020403456052236146,0.05163255239754161,0.013895186957734174,上昇トレンド,uptrend,4.0
2013-03-12,12433.599609375,12461.9697265625,12314.8095703125,12314.8095703125,306500000,11969.715978961074,0.028830558048160038,0.01771066890315609,0.025281285573925727,0.05607225483565892,0.018833554507639905,上昇トレンド,uptrend,4.0
2013-03-13,12252.2900390625,12339.4501953125,12234.48046875,12239.66015625,195900000,12028.556701736607,0.017550189914548486,0.017729775793914326,0.02618262187316578,0.06127611774118136,0.01608157427338308,上昇トレンド,uptrend,4.0
2013-03-14,12332.16015625,12395.73046875,12248.650390625,12381.1904296875,171500000,12102.910320681316,0.02299282582724449,0.017277450693133023,0.02903535721192485,0.06621715327418753,0.017477464698231193,上昇トレンド,uptrend,4.0
2013-03-15,12437.6796875,12560.9501953125,12434.4697265625,12560.9501953125,251000000,12198.017192469619,0.029753442474809377,0.019073235648182862,0.03206773765551785,0.07297888577306755,0.016899184738977446,上昇トレンド,uptrend,4.0
2013-03-18,12365.4404296875,12373.169921875,12220.6298828125,12220.6298828125,195900000,12251.117783275044,-0.0024885811239334643,0.01850272539400377,0.029734628820233144,0.07509919185342873,0.009331172767996998,上昇トレンド,uptrend,4.0
2013-03-19,12405.6103515625,12491.16015625,12401.1201171875,12468.23046875,165200000,12318.923301296138,0.012120147500078504,0.017848019599525644,0.029174236293397326,0.07931607877217628,0.0038929507194715995,上昇トレンド,uptrend,4.0
2013-03-21,12592.0,12650.259765625,12586.0595703125,12635.6904296875,193300000,12399.450942587528,0.019052415158850033,0.016513647008323806,0.030834475826794217,0.08273832700453543,0.0046518539536284376,上昇トレンド,uptrend,4.0
2013-03-22,12498.509765625,12522.0498046875,12338.5302734375,12338.5302734375,168000000,12450.962874003699,-0.009030032592976855,0.016312396490178127,0.028757756944429724,0.08396159921544144,-0.0002776002674951261,上昇トレンド,uptrend,4.0
2013-03-25,12507.6103515625,12594.3603515625,12480.419921875,12546.4599609375,169900000,12526.88872369693,0.0015623382367520033,0.016881785632914204,0.026961064740123275,0.08624982480530186,-0.005106672915394572,上昇トレンド,uptrend,4.0
2013-03-26,12461.7900390625,12540.1201171875,12456.0400390625,12471.6201171875,187500000,12576.776239154176,-0.008361134838298478,0.014301060376601171,0.026581938206790667,0.08569591783434194,-0.003152690613442477,上昇トレンド,uptrend,4.0
2013-03-27,12476.580078125,12502.259765625,12442.3896484375,12493.7900390625,152900000,12627.737916230204,-0.010607432467817035,0.014197700532510016,0.025068312171533158,0.08861914972764473,-0.0041059241218641684,上昇トレンド,uptrend,4.0
2013-03-28,12457.1298828125,12462.8603515625,12286.3701171875,12335.9599609375,204600000,12680.209490949996,-0.027148568031008513,0.012239333375974715,0.022642821013805214,0.09270363070998067,-0.008191654812989002,上昇トレンド,uptrend,4.0
2013-03-29,12405.5302734375,12425.9599609375,12319.75,12397.91015625,181500000,12729.317651413465,-0.026034977226502387,0.012128816586908453,0.02235608444315118,0.09480393318290825,-0.006401672501278544,上昇トレンド,uptrend,4.0
2013-04-01,12371.33984375,12384.830078125,12133.0,12135.01953125,198200000,12733.387272071413,-0.04699203189506651,0.008366451421629506,0.016484424259621155,0.09370718469417016,-0.01047664048050212,上昇トレンド,uptrend,4.0
2013-04-02,12051.5703125,12107.400390625,11805.7802734375,12003.4296875,274600000,12719.640314644055,-0.056307459128343895,0.003109635035777769,0.011359355750093725,0.09092866667581423,-0.015222582456696943,上昇トレンド,uptrend,4.0
2013-04-03,12112.08984375,12362.2001953125,12102.0498046875,12362.2001953125,235100000,12739.35578653799,-0.02960554658690351,0.000788583913090557,0.008839102541423838,0.09120576471180253,-0.01622920963010932,上昇トレンド,uptrend,4.0
2013-04-04,12188.2197265625,12634.5400390625,12075.9697265625,12634.5400390625,309400000,12772.920544179176,-0.010833896964914436,0.003104694082027404,0.007311476462226407,0.08968593805697855,-0.015331344551578807,上昇トレンド,uptrend,4.0
2013-04-05,12880.8203125,13225.6201171875,12831.099609375,12833.6396484375,477400000,12813.55650623142,0.001567335516592383,0.007383557181191547,0.006617703880506198,0.08945719229313176,-0.015738380562644982,上昇トレンド,uptrend,4.0
2013-04-08,13082.6103515625,13225.2197265625,13080.2900390625,13192.58984375,313900000,12873.079295741542,0.02482005592198555,0.010496881588381468,0.010970531303678976,0.08918438265671846,-0.005513892955942179,上昇トレンド,uptrend,4.0
2013-04-09,13309.1298828125,13331.3896484375,13151.73046875,13192.349609375,287600000,12914.284246551217,0.02153161240028001,0.011067453358305057,0.015302628619385583,0.08547529542617971,0.003943272869291858,上昇トレンド,uptrend,4.0
2013-04-10,13177.3095703125,13325.150390625,13177.3095703125,13288.1298828125,359800000,12964.235502248672,0.0249836853478671,0.011759342220403424,0.01765236166402695,0.0830863092353773,0.008813259122603112,上昇トレンド,uptrend,4.0
2013-04-11,13444.9501953125,13549.16015625,13384.1103515625,13549.16015625,368500000,13045.512381779683,0.038606975313115965,0.013394859308851093,0.02134138677663122,0.08454511254008179,0.014029910314404814,上昇トレンド,uptrend,4.0
2013-04-12,13568.25,13568.25,13402.8603515625,13485.1396484375,352000000,13115.791776502385,0.02816054708925919,0.015603460950999404,0.023587149291766307,0.08368908212847526,0.01696944541126011,上昇トレンド,uptrend,4.0
2013-04-15,13345.8603515625,13408.2900390625,13257.8603515625,13275.66015625,321000000,13148.90151443733,0.009640245740185183,0.014244265476095919,0.021426281339464115,0.07795400735741986,0.010455750035785139,上昇トレンド,uptrend,4.0
2013-04-16,13023.91015625,13312.23046875,13004.4599609375,13221.4404296875,321600000,13185.361717254124,0.0027362702068434164,0.010720110592954857,0.02099051449756484,0.076257852589948,0.005687885878179255,上昇トレンド,uptrend,4.0
2013-04-17,13330.5,13397.5,13318.6904296875,13382.8896484375,277400000,13241.919499200869,0.010645748846694003,0.009616477971573723,0.02141923423899783,0.07492507058694153,0.003766872574970881,上昇トレンド,uptrend,4.0
2013-04-18,13272.2197265625,13377.740234375,13200.849609375,13220.0703125,305000000,13262.290679979293,-0.0031834898282714352,0.00862347059314894,0.016617078107440175,0.0695869310171009,-0.004724308669191046,上昇トレンド,uptrend,4.0
2013-04-19,13268.4296875,13338.75,13186.8896484375,13316.48046875,236000000,13299.825796052444,0.0012522474318799048,0.008681148174231268,0.014031483778186082,0.06817648808680343,-0.009555665513580225,上昇トレンド,uptrend,4.0
2013-04-22,13537.169921875,13611.580078125,13529.4404296875,13568.3701171875,246200000,13367.051106616158,0.015060839445111274,0.009449657764710073,0.016590708504379936,0.06706871925268287,-0.004835572835084179,上昇トレンド,uptrend,4.0
2013-04-23,13545.599609375,13585.349609375,13505.5302734375,13529.650390625,240200000,13423.898778338842,0.007877861270587205,0.012185534328810421,0.018091051743584163,0.06735609532014997,-0.002899462753980675,上昇トレンド,uptrend,4.0
2013-04-24,13687.2802734375,13843.4599609375,13686.7802734375,13843.4599609375,307400000,13514.31230225286,0.024355487080890637,0.016127016209797063,0.02057049229671204,0.0702084880050573,-0.0008487419422857911,上昇トレンド,uptrend,4.0
2013-04-25,13887.5302734375,13974.259765625,13827.9599609375,13926.080078125,294500000,13618.488354062269,0.022586333818098048,0.018810225639195766,0.02685792995177594,0.07399553325849495,0.010240851844335763,上昇トレンド,uptrend,4.0
2013-04-26,13978.98046875,13983.8701171875,13852.2001953125,13884.1298828125,248300000,13721.0863173335,0.01188270095444488,0.022138690398515903,0.03167413827375776,0.07791216254312805,0.017642654495571675,上昇トレンド,uptrend,4.0
2013-04-30,13854.8203125,13897.0595703125,13778.75,13860.8603515625,237500000,13828.532910109023,0.002337734715867512,0.023250950609139176,0.03452383026084571,0.08600583761711467,0.017933121756465775,上昇トレンド,uptrend,4.0
2013-05-01,13837.7197265625,13844.8203125,13782.0,13799.349609375,185400000,13944.59052515607,-0.010415574090831603,0.023945548332207522,0.03878841426139412,0.09630384037681772,0.02069736251780996,上昇トレンド,uptrend,4.0
2013-05-02,13727.25,13780.48046875,13637.9599609375,13694.0400390625,179900000,14034.391084087994,-0.024251215673430915,0.0228338164711277,0.03848355507874679,0.10165626262817007,0.01791306278203475,上昇トレンド,uptrend,4.0
2013-05-07,13960.0400390625,14196.3798828125,13951.8095703125,14180.240234375,217200000,14142.384386574766,0.0026767655838975113,0.022695934449872723,0.03846947024456093,0.10721618737538274,0.011611540292784994,上昇トレンド,uptrend,4.0
2013-05-08,14196.2001953125,14421.3798828125,14186.830078125,14285.6904296875,252600000,14235.973117527035,0.003492371877216627,0.020895743897628938,0.03752522127516178,0.11100872818595464,0.005851083001404023,上昇トレンド,uptrend,4.0
2013-05-09,14366.9501953125,14409.8203125,14191.48046875,14191.48046875,268300000,14290.91832042254,-0.0069581148980774055,0.018278472845565163,0.033437054626055174,0.11013985015613348,-0.0010867756347905377,上昇トレンド,uptrend,4.0
2013-05-10,14449.240234375,14636.8095703125,14426.740234375,14607.5400390625,312500000,14371.593633080147,0.016417553404742602,0.0162072561627562,0.030621416036115345,0.11284476620669914,-0.008166998225278777,上昇トレンド,uptrend,4.0
2013-05-13,14759.5,14849.009765625,14727.7001953125,14782.2099609375,387200000,14463.919072183739,0.022005853819099475,0.016011968607615668,0.030605388258186483,0.11567851954517061,-0.007878166820560306,上昇トレンド,uptrend,4.0
2013-05-14,14822.5595703125,14839.7900390625,14755.080078125,14758.419921875,304700000,14534.696225366459,0.015392388876906304,0.017058239329207137,0.027740148200476877,0.11415295927101177,-0.010729322044084055,上昇トレンド,uptrend,4.0
2013-05-15,14962.33984375,15108.830078125,14956.3798828125,15096.0302734375,435000000,14631.110742061326,0.031776092709053794,0.018057643126217382,0.027756277795144557,0.11553392973756371,-0.009768943480017223,上昇トレンド,uptrend,4.0
2013-05-16,15146.0498046875,15155.7197265625,14879.509765625,15037.240234375,375100000,14732.242740521571,0.020702719825171023,0.01855124237066974,0.03088145983371504,0.12041623586166139,-0.0025555947923401323,上昇トレンド,uptrend,4.0
2013-05-17,14926.419921875,15157.3203125,14902.2998046875,15138.1201171875,314500000,14853.047377791572,0.019192878885054387,0.02190284182682234,0.033500372819005086,0.1264800842251559,0.002878956782889741,上昇トレンド,uptrend,4.0
2013-05-20,15260.6103515625,15381.740234375,15245.7998046875,15360.8095703125,368100000,14988.966475878617,0.024807787450340957,0.024458548645150513,0.036300493737179584,0.13193306127432503,0.005695105478993101,上昇トレンド,uptrend,4.0
2013-05-21,15264.7900390625,15388.3701171875,15264.419921875,15381.01953125,514100000,15123.179753233697,0.01704930988214759,0.02653615064574244,0.04048818900254658,0.1403143030233529,0.012748040802069704,上昇トレンド,uptrend,4.0
2013-05-22,15440.6904296875,15706.6298828125,15432.6396484375,15627.259765625,476800000,15281.568410393193,0.022621457820827917,0.028850714718809067,0.04445716253530496,0.14900515576143514,0.016700884740160404,上昇トレンド,uptrend,4.0
2013-05-23,15739.98046875,15942.599609375,14483.98046875,14483.98046875,595200000,15296.790750353943,-0.05313600054214873,0.020536724461336364,0.038320574794736606,0.14436539730012998,0.0074391149610215646,上昇トレンド,uptrend,4.0
2013-05-24,14731.75,15007.5,13981.51953125,14612.4501953125,461200000,15315.918920416056,-0.04593055948904479,0.012744619208876706,0.031163405788132925,0.14094416036049284,-0.0023369670308721613,上昇トレンド,uptrend,4.0
2013-05-27,14373.8203125,14381.2802734375,14027.419921875,14142.650390625,307400000,15272.952693184816,-0.07400679654198006,-0.0005637979673942528,0.018946350821666735,0.13013169679664638,-0.01735414291551285,上昇トレンド,uptrend,4.0
2013-05-28,13943.6201171875,14399.7802734375,13943.6201171875,14311.98046875,336300000,15232.957786389774,-0.06045952011123157,-0.004172964447636929,0.007258925368033298,0.11854982655589108,-0.033229263634513284,上昇トレンド,uptrend,4.0
2013-05-29,14492.5498046875,14512.2802734375,14243.490234375,14326.4599609375,297000000,15196.515821903027,-0.05725364097680197,-0.007796012706352551,-0.005565697591113694,0.10753007964869776,-0.050022860126418656,下降トレンドへの転換期,transition_to_downtrend,2.0
2013-05-30,14072.900390625,14098.16015625,13555.66015625,13589.0302734375,321600000,15091.253292975665,-0.09954262845998263,-0.011896808944496295,-0.013436639144293827,0.09131267872556181,-0.05175721393903043,下降トレンドへの転換期,transition_to_downtrend,2.0
2013-05-31,13804.23046875,13916.5595703125,13681.3896484375,13774.5400390625,280500000,15015.805628667755,-0.08266393560898688,-0.014255416496725237,-0.019594860308920214,0.07681940187337943,-0.05075826609705314,下降トレンドへの転換期,transition_to_downtrend,2.0
2013-06-03,13551.3603515625,13562.8701171875,13261.8203125,13261.8203125,282300000,14902.688962086339,-0.11010554227903724,-0.019335146507279632,-0.024243100763593595,0.061869294705832134,-0.04318945158526033,下降トレンドへの転換期,transition_to_downtrend,2.0
2013-06-04,13186.599609375,13610.25,13060.9404296875,13533.759765625,378300000,14805.571698501131,-0.08590089992978023,-0.018930276295044846,-0.028056671191625027,0.0468935996787021,-0.035315596559658324,下降トレンドへの転換期,transition_to_downtrend,2.0
2013-06-05,13566.75,13711.419921875,13011.16015625,13014.8701171875,303700000,14637.635795970353,-0.11086255331134753,-0.025184784756097978,-0.03677685283143328,0.028214627488218458,-0.031211155240319588,下降トレンドへの転換期,transition_to_downtrend,2.0
2013-06-06,12925.2900390625,13238.5302734375,12862.01953125,12904.01953125,314000000,14467.940358665759,-0.10809560923293604,-0.029172493938953936,-0.04130292708028638,0.012387030299532586,-0.02786628793599255,下降トレンドへの転換期,transition_to_downtrend,2.0
2013-06-07,12706.41015625,13106.2001953125,12548.2001953125,12877.5302734375,324500000,14289.239065114667,-0.09879523921771816,-0.03487421113490241,-0.0483867853327794,-0.005730371319149885,-0.02879192502385919,下降トレンド,downtrend,1.0
2013-06-10,13141.849609375,13514.2001953125,13141.3701171875,13514.2001953125,241400000,14153.138366712647,-0.04514462833931532,-0.03309943190355136,-0.050296332244510356,-0.021486618109525346,-0.02605323148091676,下降トレンド,downtrend,1.0
2013-06-11,13504.76953125,13584.3095703125,13296.3095703125,13317.6201171875,260200000,13999.187528635002,-0.04868621197147138,-0.03239941680779679,-0.054464912688765965,-0.03684347360468865,-0.02640824149714094,下降トレンド,downtrend,1.0
2013-06-12,13087.66015625,13332.7197265625,12994.080078125,13289.3203125,205500000,13835.375089183432,-0.039468013925429424,-0.03176264137390539,-0.05480807952659805,-0.05438655115843827,-0.01803122669516477,下降トレンド,downtrend,1.0
2013-06-13,13038.01953125,13050.1103515625,12415.849609375,12445.3798828125,240900000,13591.105308717177,-0.08429965038750908,-0.03971084316658269,-0.06060538184506614,-0.07745850050825287,-0.019302454764779764,下降トレンド,downtrend,1.0
2013-06-14,12668.900390625,12900.650390625,12629.3095703125,12686.51953125,278200000,13377.501908048262,-0.05165257172436266,-0.04440869295558025,-0.06380585788450377,-0.09934294506793007,-0.015419072551724367,下降トレンド,downtrend,1.0
2013-06-17,12584.3701171875,13033.1201171875,12549.8203125,13033.1201171875,171900000,13189.43588794133,-0.011851588808035718,-0.04668750916244402,-0.06809108014077558,-0.1200570159946136,-0.01779474789626523,下降トレンド,downtrend,1.0
2013-06-18,13015.150390625,13139.48046875,12919.0302734375,13007.2802734375,158700000,12996.695881258125,0.0008143910018421074,-0.04373517929243065,-0.07161070207298137,-0.14061089709132624,-0.017145789384215404,下降トレンド,downtrend,1.0
2013-06-19,13233.080078125,13296.6201171875,13107.650390625,13245.2197265625,201900000,12820.46499122326,0.033130992957745464,-0.041639830863329785,-0.07335616789700439,-0.16105044672614266,-0.018548088370406335,下降トレンド,downtrend,1.0
2013-06-20,13101.849609375,13190.8203125,12966.41015625,13014.580078125,200700000,12674.16793987037,0.02685873659475191,-0.03906671615440749,-0.06746598955853078,-0.17144921789708656,-0.006860607713464639,下降トレンド,downtrend,1.0
2013-06-21,12787.8701171875,13330.349609375,12702.669921875,13230.1298828125,241000000,12596.291366523,0.05031945497656909,-0.030808177585545216,-0.05839734106524508,-0.17756868314755847,0.005408516819258691,下降トレンド,downtrend,1.0
2013-06-24,13417.5400390625,13426.1298828125,13026.23046875,13062.7802734375,162500000,12524.43022837111,0.042983994900373634,-0.023090797646950545,-0.05041956799518721,-0.17996012428167663,0.017671512145588375,下降トレンド,downtrend,1.0
2013-06-25,13081.6201171875,13234.8896484375,12758.2197265625,12969.33984375,199200000,12460.73254430459,0.04081680572446578,-0.016840189950012907,-0.04123843027876184,-0.1819886381200433,0.03037227179421953,下降トレンド,downtrend,1.0
2013-06-26,13152.75,13189.83984375,12826.509765625,12834.009765625,173400000,12380.017259478635,0.036671395251793415,-0.01716966532063202,-0.03435505124394089,-0.18533844174760905,0.039001116653063495,下降トレンド,downtrend,1.0
2013-06-27,12968.7197265625,13213.5498046875,12873.5,13213.5498046875,182400000,12369.066230738925,0.06827383394955966,-0.012404875495273582,-0.024072721032175837,-0.18038177541581668,0.043393268526354944,下降トレンド,downtrend,1.0
2013-06-28,13383.919921875,13724.4404296875,13354.7001953125,13677.3203125,234400000,12424.583226728177,0.10082729238570298,-0.002901058781888066,-0.013631642425418256,-0.17256632551186524,0.04476569863982682,下降トレンド,downtrend,1.0
2013-07-01,13746.7197265625,13862.7099609375,13562.7001953125,13852.5,172300000,12513.029279437955,0.10704607898289908,0.01074409002600385,-0.0009102968139284018,-0.16035090638527538,0.04950927118125881,下降トレンド,downtrend,1.0
2013-07-02,13969.150390625,14098.740234375,13898.5400390625,14098.740234375,214100000,12635.24207401261,0.11582668157758702,0.02151947756672201,0.014004756870235724,-0.14658870786517741,0.05524318714899756,上昇トレンドへの転換期,transition_to_uptrend,3.0
2013-07-03,14149.990234375,14164.76953125,13984.080078125,14055.5595703125,200600000,12766.275097467833,0.10099143743975825,0.027501274248346474,0.03120010496701564,-0.12784583006346517,0.06555515621095653,上昇トレンドへの転換期,transition_to_uptrend,3.0
2013-07-04,13970.26953125,14093.01953125,13962.2998046875,14018.9296875,143600000,12922.952841005144,0.08480854646604219,0.03275973806285237,0.044779985807637646,-0.10678697031918749,0.06885270683981348,上昇トレンドへの転換期,transition_to_uptrend,3.0
2013-07-05,14150.849609375,14309.9697265625,14149.5,14309.9697265625,179400000,13111.122399623326,0.09143742926033682,0.037662936952310266,0.05525651527837505,-0.08244782385701432,0.0688881577037933,上昇トレンドへの転換期,transition_to_uptrend,3.0
2013-07-08,14491.0703125,14497.650390625,14109.33984375,14109.33984375,220500000,13245.899283632945,0.0651854994235046,0.03756962641829986,0.05856855185332943,-0.06410161898886502,0.05947884866725783,上昇トレンドへの転換期,transition_to_uptrend,3.0
2013-07-09,14295.4404296875,14472.900390625,14186.0302734375,14472.900390625,197600000,13390.502231426555,0.08083327574212507,0.036179764499167266,0.059774094788996424,-0.043480044535684326,0.0457693379187607,上昇トレンドへの転換期,transition_to_uptrend,3.0
2013-07-10,14464.8203125,14555.330078125,14287.6904296875,14416.599609375,178200000,13536.784503763132,0.06499439400599782,0.03246572575297102,0.060355068366663156,-0.02158167621011875,0.029154963399647515,上昇トレンドへの転換期,transition_to_uptrend,3.0
2013-07-11,14275.259765625,14496.669921875,14275.259765625,14472.580078125,167500000,13726.517938397677,0.054351886113836345,0.036284335587437155,0.062181229574929775,0.009963327235324115,0.01740124376729213,上昇トレンド,uptrend,4.0
2013-07-12,14475.169921875,14574.169921875,14417.2998046875,14506.25,184900000,13939.699616588103,0.04064294059376339,0.041013949713747166,0.0631965129841654,0.04202561228577428,0.007939997705790347,上昇トレンド,uptrend,4.0
2013-07-16,14594.8798828125,14638.7998046875,14550.8896484375,14599.1201171875,186100000,14122.201272795428,0.033770857331625326,0.04324636835797713,0.06615647381867595,0.07072064285227664,0.007587921965346522,上昇トレンド,uptrend,4.0
2013-07-17,14491.7998046875,14615.0400390625,14460.5595703125,14615.0400390625,247700000,14279.904288175845,0.023469047419607536,0.04031512960983075,0.06642036582182298,0.09873343337733775,0.006646271032826556,上昇トレンド,uptrend,4.0
2013-07-18,14645.25,14827.73046875,14645.25,14808.5,191300000,14435.916746189865,0.02580946263135475,0.03559740476841178,0.06642140474178193,0.12600570697494384,0.006066336375118775,上昇トレンド,uptrend,4.0
2013-07-19,14909.759765625,14953.2900390625,14413.2802734375,14589.91015625,269400000,14557.828591315303,0.0022037328392392475,0.03084698412839182,0.06056238418573523,0.1486220366008657,-0.0016188453891945453,上昇トレンド,uptrend,4.0
2013-07-22,14770.01953125,14770.01953125,14514.2900390625,14658.0400390625,177500000,14678.829799461471,-0.0014163091120338311,0.027936147416334434,0.053023393846579836,0.16532949043027112,-0.010173119137585562,上昇トレンド,uptrend,4.0
2013-07-23,14555.3603515625,14820.1796875,14549.0595703125,14778.509765625,163100000,14801.611378083087,-0.001560749831082231,0.025332276316274882,0.04810936285099232,0.1818191413253729,-0.018047110967683633,上昇トレンド,uptrend,4.0
2013-07-24,14719.6396484375,14751.8701171875,14630.6796875,14731.2802734375,143000000,14923.84770234428,-0.01290333650862241,0.025142424828887622,0.045094378867905904,0.19767017302409728,-0.021325986953917075,上昇トレンド,uptrend,4.0
2013-07-25,14747.2099609375,14748.76953125,14533.2099609375,14562.9296875,158200000,15030.062312271864,-0.031079886102032717,0.02392782787244241,0.04115745307542129,0.2140582680338552,-0.02526395166636064,上昇トレンド,uptrend,4.0
2013-07-26,14339.3896484375,14376.009765625,14114.51953125,14129.98046875,196100000,15069.671758352071,-0.06235645372177834,0.018110216071873353,0.035159307160830044,0.21833544078709433,-0.025403077024905185,上昇トレンド,uptrend,4.0
2013-07-29,13899.26953125,13953.849609375,13661.1298828125,13661.1298828125,184700000,15016.966343227723,-0.09028697470755609,0.006239586649548601,0.023035660770360344,0.20864950310145813,-0.02998773307621949,上昇トレンド,uptrend,4.0
2013-07-30,13634.2001953125,13909.4501953125,13613.7802734375,13869.8203125,183400000,14956.918599656216,-0.07268196854271858,-0.004866494302949609,0.010492588786859658,0.1953075682667973,-0.03761677406413266,上昇トレンド,uptrend,4.0
2013-07-31,13733.5498046875,13836.0302734375,13644.2099609375,13668.3203125,186500000,14859.532407795885,-0.08016484385948297,-0.01394452075173569,-0.004309565189297149,0.17603860066583588,-0.04940394405720305,下降トレンドへの転換期,transition_to_downtrend,2.0
2013-08-01,13674.5,14005.76953125,13645.6103515625,14005.76953125,195700000,14791.355616054723,-0.05311116203250754,-0.015023721969966597,-0.01588194987204017,0.15862736022260404,-0.05703940294746146,下降トレンドへの転換期,transition_to_downtrend,2.0
2013-08-02,14178.66015625,14466.16015625,14146.919921875,14466.16015625,193500000,14776.958469489813,-0.02103263089501961,-0.012031898747549397,-0.01942399897993985,0.14346609875428928,-0.054583306140769894,下降トレンドへの転換期,transition_to_downtrend,2.0
2013-08-05,14318.2099609375,14370.98046875,14225.5,14258.0400390625,134100000,14731.772355315326,-0.032157184134188777,-0.008597851464931083,-0.018991451495195766,0.12360878849995038,-0.04202711226555611,下降トレンドへの転換期,transition_to_downtrend,2.0
2013-08-06,14237.099609375,14401.0595703125,14031.6103515625,14401.0595703125,154000000,14700.748864851937,-0.02038598831219851,-0.006125655656905482,-0.017127173160530917,0.1098339606897547,-0.027619761947390575,下降トレンドへの転換期,transition_to_downtrend,2.0
2013-08-07,14155.9501953125,14164.7001953125,13824.9404296875,13824.9404296875,178500000,14606.5560694036,-0.05351128876664857,-0.011531628815093842,-0.017024515405314133,0.09081465481728168,-0.012714950216016985,下降トレンドへの転換期,transition_to_downtrend,2.0
2013-08-08,13779.4697265625,14031.1396484375,13556.650390625,13605.5595703125,167700000,14482.533303668899,-0.06055389032899605,-0.01691847020406201,-0.020878567211961574,0.06986509976891897,-0.004996617339921405,下降トレンドへの転換期,transition_to_downtrend,2.0
2013-08-09,13673.490234375,13754.9599609375,13527.8095703125,13615.1904296875,159100000,14365.637663197504,-0.0522390478657645,-0.022795519108257944,-0.027835282012977802,0.04656095068451371,-0.008411283033037953,下降トレンドへの転換期,transition_to_downtrend,2.0
2013-08-12,13469.7001953125,13658.8603515625,13430.6396484375,13519.4296875,117700000,14243.178873565292,-0.05081373986031579,-0.024877677812052856,-0.03316596740471267,0.021770860586985075,-0.014174515909516905,下降トレンドへの転換期,transition_to_downtrend,2.0
2013-08-13,13696.3603515625,13867.0,13689.490234375,13867.0,126100000,14155.170222558041,-0.020357948228613032,-0.022603992978764698,-0.03711230273434041,0.002334547506140039,-0.01998512957380949,下降トレンドへの転換期,transition_to_downtrend,2.0
2013-08-14,13936.740234375,14050.16015625,13747.1796875,14050.16015625,152600000,14084.954494136837,-0.002470319510178065,-0.019538510969111633,-0.0357100998201324,-0.013652037864177569,-0.018685584414818268,下降トレンド,downtrend,1.0
2013-08-15,13845.6396484375,13981.16015625,13711.1201171875,13752.9404296875,137800000,13982.130999827052,-0.016391676643738085,-0.01832792216228729,-0.03455212519449746,-0.031434494555573234,-0.013673557982535889,下降トレンド,downtrend,1.0
2013-08-16,13532.6103515625,13739.51953125,13532.6103515625,13650.1103515625,129600000,13877.06262503493,-0.016354489390499438,-0.019647068396246525,-0.034009979202957674,-0.04676287826925607,-0.006174697189979872,下降トレンド,downtrend,1.0
2013-08-19,13669.740234375,13758.1298828125,13589.7802734375,13758.1298828125,96900000,13794.513256164522,-0.0026375249837657933,-0.020620672796153983,-0.03150038494801699,-0.060244348860110875,0.00166558245669568,下降トレンド,downtrend,1.0
2013-08-20,13632.9599609375,13730.08984375,13383.1796875,13396.3798828125,138000000,13675.138725994877,-0.020384352127447714,-0.021956043312422957,-0.033912096358839516,-0.07610473098599191,0.0032002063755008914,下降トレンド,downtrend,1.0
2013-08-21,13431.2802734375,13499.990234375,13250.3603515625,13424.330078125,148300000,13561.724165647076,-0.010131019171596645,-0.02272371811733187,-0.03714817315935004,-0.09127160527664979,-0.0014380733392176381,下降トレンド,downtrend,1.0
2013-08-22,13314.0498046875,13447.330078125,13238.73046875,13365.169921875,133200000,13459.483096663933,-0.007007191443504146,-0.024287204142623198,-0.037379702934379866,-0.10449585523844251,-0.002827577739882403,下降トレンド,downtrend,1.0
2013-08-23,13583.759765625,13774.66015625,13575.400390625,13660.5498046875,164200000,13418.07942575905,0.018070423585582196,-0.018797564352834417,-0.03307495337290267,-0.10959710065865624,0.000935025830055003,下降トレンド,downtrend,1.0
2013-08-26,13719.5595703125,13741.490234375,13586.83984375,13636.2802734375,104100000,13419.775456595673,0.01613326672581672,-0.010466863012224548,-0.027165713832011162,-0.1063590907861589,0.004334671116005828,下降トレンド,downtrend,1.0
2013-08-27,13551.75,13678.7900390625,13517.099609375,13542.3701171875,116800000,13425.373753426005,0.008714570328564486,-0.002534223862310281,-0.01826416371879991,-0.10239708373256862,0.015647932640039608,下降トレンド,downtrend,1.0
2013-08-28,13285.0302734375,13392.5703125,13188.1396484375,13338.4599609375,132800000,13413.040601985122,-0.005560308304485728,-0.0003755249625557733,-0.01096347056214153,-0.09734436899588295,0.02618470259720851,下降トレンド,downtrend,1.0
2013-08-29,13382.9501953125,13463.1396484375,13364.8203125,13459.7099609375,121400000,13405.018809813886,0.004079901110140449,-0.0010996195003050158,-0.004046536294068148,-0.09372614939607626,0.03333316664031172,下降トレンド,downtrend,1.0
2013-08-30,13573.240234375,13615.98046875,13335.91015625,13388.8603515625,156700000,13353.760808397154,0.002628438809782807,-0.005334149078015549,-0.004793429470869137,-0.0963119483641478,0.028281523902033534,下降トレンド,downtrend,1.0
2013-09-02,13438.0703125,13613.48046875,13407.5302734375,13572.919921875,112600000,13310.484140127504,0.019716471541130653,-0.007646026348599788,-0.008144049564886902,-0.09647774761296879,0.01902166426712426,下降トレンド,downtrend,1.0
2013-09-03,13748.6796875,13978.4404296875,13748.6796875,13978.4404296875,162400000,13308.338872018227,0.05035200592000333,-0.007212219480429161,-0.008717439347110334,-0.09471694303701961,0.009546724371689574,下降トレンド,downtrend,1.0
2013-09-04,13875.169921875,14056.8798828125,13843.6103515625,14053.8701171875,138400000,13335.731550226845,0.053850706596477504,-0.0013501258880548317,-0.0057637230850426935,-0.08700370663271917,0.005199747477098837,下降トレンド,downtrend,1.0
2013-09-05,14140.2001953125,14156.5,13981.51953125,14064.8203125,146600000,13400.912437014496,0.0495419904134089,0.006793764669639213,-0.0003063309986841567,-0.07468450746668698,0.0037402052953839915,下降トレンド,downtrend,1.0
2013-09-06,14088.41015625,14099.1298828125,13834.51953125,13860.8095703125,139900000,13455.140537246596,0.030149743285321273,0.011030803065665173,0.007591848491526942,-0.06338020958745583,0.01238527796239608,上昇トレンドへの転換期,transition_to_uptrend,3.0
2013-09-09,14141.669921875,14251.4599609375,14117.6796875,14205.23046875,173500000,13543.51651370875,0.04885835627486146,0.015581069752290455,0.017507430317933892,-0.04912262677224988,0.025651479882820793,上昇トレンドへの転換期,transition_to_uptrend,3.0
2013-09-10,14318.7197265625,14441.8095703125,14296.7802734375,14423.3603515625,209900000,13637.05842026671,0.05765920384466683,0.01762163467317035,0.024700268862227537,-0.036602301077641175,0.03341770820933787,上昇トレンドへの転換期,transition_to_uptrend,3.0
2013-09-11,14511.740234375,14561.4599609375,14422.7197265625,14425.0703125,170000000,13702.652250099092,0.05272103890658708,0.018395327210989132,0.02751410363130824,-0.027142597031242555,0.03327782671635093,上昇トレンドへの転換期,transition_to_uptrend,3.0
2013-09-12,14397.900390625,14455.3701171875,14321.5703125,14387.26953125,118400000,13768.519031119351,0.04493951010505648,0.01661330107161274,0.027431460046667633,-0.01527749730783834,0.02773779104535179,上昇トレンドへの転換期,transition_to_uptrend,3.0
2013-09-13,14316.7001953125,14439.9296875,14233.1201171875,14404.669921875,180700000,13851.941111007456,0.03990262494173602,0.015757261142285373,0.029490630191667977,-0.0018102904560042266,0.021898781700141035,上昇トレンドへの転換期,transition_to_uptrend,3.0
2013-09-17,14456.990234375,14474.5302734375,14311.669921875,14311.669921875,121300000,13922.46089788967,0.02795547617909455,0.01604132132806546,0.02797976314329831,0.009275255991215925,0.010472332825364417,上昇トレンド,uptrend,4.0
2013-09-18,14411.5498046875,14625.9697265625,14396.41015625,14505.3603515625,155900000,14020.786279601782,0.03456111963319097,0.01832203215990491,0.028138609332698516,0.02527561588460303,0.0034383404704709797,上昇トレンド,uptrend,4.0
2013-09-19,14680.400390625,14766.1796875,14581.7900390625,14766.1796875,174600000,14155.100174119943,0.04317027120000927,0.021885673688836427,0.03301900360330445,0.043753729335974656,0.005504899971996213,上昇トレンド,uptrend,4.0
2013-09-20,14801.6396484375,14816.650390625,14702.25,14742.419921875,162500000,14282.351215715818,0.032212392708347526,0.025849619579876082,0.037319350282707386,0.06113668059480237,0.009887890236039754,上昇トレンド,uptrend,4.0
2013-09-24,14626.0400390625,14767.7197265625,14607.26953125,14732.6103515625,114900000,14390.825072686139,0.023750221210392608,0.026392157023512386,0.038903136922121107,0.07249514748434738,0.00941250673045313,上昇トレンド,uptrend,4.0
2013-09-25,14713.0302734375,14737.98046875,14620.5302734375,14620.5302734375,151000000,14471.00377672467,0.010332835166094734,0.02231729897484591,0.039399850562205296,0.07833427045996744,0.011420087418906988,上昇トレンド,uptrend,4.0
2013-09-26,14553.0595703125,14799.1201171875,14410.51953125,14799.1201171875,156600000,14572.184276850554,0.015573220597920656,0.020293091575553257,0.039327180819450636,0.0854211245427634,0.011188571486752119,上昇トレンド,uptrend,4.0
2013-09-27,14803.990234375,14817.5,14699.2099609375,14760.0703125,162100000,14679.693327603307,0.00547538583422269,0.02007308500090388,0.037060363192800816,0.09443442118789402,0.004041359589496363,上昇トレンド,uptrend,4.0
2013-09-30,14530.6201171875,14619.240234375,14425.8203125,14455.7998046875,157300000,14755.697785750112,-0.020324215460161388,0.019673411286323272,0.03314206203761727,0.10075920034870722,-0.004177288245090116,上昇トレンド,uptrend,4.0
2013-10-01,14517.98046875,14642.9697265625,14471.7001953125,14484.7197265625,153000000,14827.702166845991,-0.023131192980823667,0.017534632086787072,0.03035802964411305,0.11037649839601649,-0.008545107278008057,上昇トレンド,uptrend,4.0
2013-10-02,14492.4697265625,14569.2001953125,14114.5400390625,14170.490234375,173500000,14856.341694522678,-0.046165568499312415,0.012033518887428318,0.026628278434823516,0.11613834163513492,-0.01277157212738178,上昇トレンド,uptrend,4.0
2013-10-03,14140.1103515625,14219.8896484375,14082.3095703125,14157.25,145300000,14852.014036376511,-0.04677911256176104,0.00652739382609302,0.01920300719573631,0.11599307616099086,-0.020124173623714325,上昇トレンド,uptrend,4.0
2013-10-04,14029.73046875,14149.76953125,13944.26953125,14024.3095703125,145300000,14810.181052862898,-0.05306292203622209,-0.0011816472833039438,0.008888995318057757,0.11056382599505543,-0.02817136787474306,上昇トレンド,uptrend,4.0
2013-10-07,14057.7900390625,14073.23046875,13841.9296875,13853.3203125,146100000,14748.510621495636,-0.06069699727448519,-0.0072582520814526985,-0.0004870772198530826,0.1005601813171284,-0.03362913925747035,下降トレンドへの転換期,transition_to_downtrend,2.0
2013-10-08,13794.740234375,13929.6396484375,13748.9404296875,13894.6103515625,163700000,14702.505481832617,-0.054949486757097654,-0.01006655085146757,-0.008443431329050233,0.09270545641147776,-0.03880146097316328,下降トレンドへの転換期,transition_to_downtrend,2.0
2013-10-09,13789.8896484375,14037.83984375,13751.849609375,14037.83984375,162100000,14665.209916820724,-0.04277948127773756,-0.009788613354875242,-0.012865332639220406,0.08282142986842422,-0.03949361107404392,下降トレンドへの転換期,transition_to_downtrend,2.0
2013-10-10,14097.6201171875,14200.3095703125,14077.0302734375,14194.7099609375,143200000,14619.481316253568,-0.02905515908035794,-0.00874863289951533,-0.015656645593884355,0.07204067517426127,-0.034859652789620665,下降トレンドへの転換期,transition_to_downtrend,2.0
2013-10-11,14376.8896484375,14447.8701171875,14320.2998046875,14404.740234375,169900000,14586.37375831184,-0.012452274084457704,-0.007898770972354141,-0.015111719009525126,0.06449273411330703,-0.024000714327582884,下降トレンドへの転換期,transition_to_downtrend,2.0
2013-10-15,14510.26953125,14510.3701171875,14415.759765625,14441.5400390625,125600000,14559.8007196757,-0.008122410662763202,-0.007187704624951996,-0.012795183640095464,0.057470355872545786,-0.012308106420242382,下降トレンドへの転換期,transition_to_downtrend,2.0
2013-10-16,14433.6396484375,14493.669921875,14417.6103515625,14467.1396484375,116200000,14538.215843443488,-0.004888921431032589,-0.005558711082296219,-0.011174261325196388,0.04954357854515301,-0.0027308299961461557,下降トレンドへの転換期,transition_to_downtrend,2.0
2013-10-17,14640.080078125,14664.2197265625,14492.669921875,14586.509765625,135600000,14533.462512826916,0.003650007887058271,-0.0036274434181952087,-0.008983669837735908,0.04388603562390747,0.003881662801484498,下降トレンドへの転換期,transition_to_downtrend,2.0
2013-10-18,14589.599609375,14610.08984375,14503.08984375,14561.5400390625,120100000,14522.260676152917,0.0027047691668338203,-0.0025783349817455337,-0.006650074513420923,0.035766496011761406,0.009006571080463432,下降トレンドへの転換期,transition_to_downtrend,2.0
2013-10-21,14624.0302734375,14727.849609375,14624.0302734375,14693.5703125,99100000,14504.999955616806,0.013000369352650365,-0.0022847293082157716,-0.00557875480522807,0.02471899013025647,0.009532964204297056,下降トレンドへの転換期,transition_to_downtrend,2.0
2013-10-22,14677.080078125,14747.76953125,14641.7802734375,14713.25,99200000,14481.743528544883,0.015986091108352918,-0.003558614076747846,-0.005361144196522782,0.013960748466237183,0.007434039443572682,下降トレンドへの転換期,transition_to_downtrend,2.0
2013-10-23,14784.41015625,14799.2802734375,14426.0498046875,14426.0498046875,153500000,14435.61697839621,-0.0006627478217957616,-0.005966267903383948,-0.007057184055603849,0.003112532150438385,0.0041170772695925395,下降トレンドへの転換期,transition_to_downtrend,2.0
2013-10-24,14344.740234375,14499.51953125,14273.7099609375,14486.41015625,144900000,14404.212329298234,0.005706513141615854,-0.006948474776074964,-0.008893282204058939,-0.0046155365900646395,9.038763367696934e-05,下降トレンド,downtrend,1.0
2013-10-25,14439.1396484375,14442.1201171875,14088.1904296875,14088.1904296875,139000000,14334.347230474214,-0.01717251555504351,-0.010178076816519832,-0.012939682730477187,-0.016321303783823904,-0.006289608217056264,下降トレンド,downtrend,1.0
2013-10-28,14261.650390625,14400.3203125,14194.419921875,14396.0400390625,109500000,14291.754881910932,0.00729687557708969,-0.009965774008868222,-0.01470148737389676,-0.02642687670885502,-0.00912273256866869,下降トレンド,downtrend,1.0
2013-10-29,14288.7197265625,14395.9599609375,14224.58984375,14325.98046875,135600000,14262.718984904825,0.004435443474146039,-0.009823053226285183,-0.015124183300742722,-0.03340938585238351,-0.00976303910421994,下降トレンド,downtrend,1.0
2013-10-30,14464.669921875,14526.8798828125,14425.580078125,14502.349609375,156800000,14265.866241753723,0.016576867020463792,-0.0047774054597270466,-0.01175916047762482,-0.03789096373600653,-0.00470197642202097,下降トレンド,downtrend,1.0
2013-10-31,14474.009765625,14516.080078125,14324.169921875,14327.9404296875,158400000,14268.537670526423,0.004163198817758396,-0.001624517882957588,-0.00941909600262203,-0.039565865950227264,-0.0005258137985630906,下降トレンド,downtrend,1.0
2013-11-01,14403.0703125,14411.0498046875,14126.41015625,14201.5703125,170800000,14275.874526331594,-0.005204880001890011,0.0009223726163778423,-0.004079202436111595,-0.038792012223648586,0.008860480294365591,下降トレンド,downtrend,1.0
2013-11-05,14319.75,14323.240234375,14141.8203125,14225.3701171875,167100000,14292.750180087289,-0.004714282559395988,0.0018844939296347452,6.964142504406468e-05,-0.034937511629919316,0.014771128798940825,上昇トレンドへの転換期,transition_to_uptrend,3.0
2013-11-06,14155.33984375,14407.6904296875,14130.8603515625,14337.3095703125,142200000,14334.183197941544,0.00021810607048777797,0.004600718653231084,0.005010560266408781,-0.028092831485656555,0.020134743567151503,上昇トレンドへの転換期,transition_to_uptrend,3.0
2013-11-07,14355.5595703125,14371.5595703125,14222.0302734375,14228.4404296875,111600000,14369.8429173327,-0.009840225008628467,0.006582321162026394,0.007288493654500572,-0.022626249989226466,0.01904765413212539,上昇トレンドへの転換期,transition_to_uptrend,3.0
2013-11-08,14026.169921875,14122.2802734375,14026.169921875,14086.7998046875,117800000,14382.542422435756,-0.020562610494158418,0.006282362821506959,0.007989939441714888,-0.019274698145353764,0.017409035444336918,上昇トレンドへの転換期,transition_to_uptrend,3.0
2013-11-11,14271.48046875,14304.2900390625,14208.1298828125,14269.83984375,113500000,14397.839594040286,-0.008890205329365464,0.0044408806012667945,0.008543439316710755,-0.015160710384907183,0.01262264175282235,上昇トレンドへの転換期,transition_to_uptrend,3.0
2013-11-12,14289.8701171875,14588.6796875,14278.2099609375,14588.6796875,157600000,14425.341699267276,0.011322989197616096,0.0038621703976760013,0.00927683738324303,-0.011039896667449867,0.009207195958198966,上昇トレンドへの転換期,transition_to_uptrend,3.0
2013-11-13,14527.9697265625,14599.5302734375,14490.919921875,14567.16015625,170200000,14438.526040597699,0.008909089147369542,0.00389247022658612,0.007279301597815424,-0.008329418885116624,0.002268741331406643,上昇トレンドへの転換期,transition_to_uptrend,3.0
2013-11-14,14665.75,14966.4296875,14665.75,14876.41015625,190100000,14478.223322463955,0.0275024652484972,0.00558304097629625,0.007542212239531665,-0.004126539434107235,0.000253718585031093,上昇トレンドへの転換期,transition_to_uptrend,3.0
2013-11-15,15034.330078125,15203.1103515625,14994.7001953125,15165.919921875,212600000,14538.11484671391,0.04318338944082534,0.007817710650997123,0.010816754069535861,0.00032011187168157207,0.0028268146278209727,上昇トレンド,uptrend,4.0
2013-11-18,15253.240234375,15273.6103515625,15106.8203125,15164.2998046875,180100000,14592.765024943004,0.03916562616937824,0.010682460516511227,0.013538519416718797,0.004854915523301528,0.0049950801000080425,上昇トレンド,uptrend,4.0
2013-11-19,15096.6298828125,15163.0595703125,15020.330078125,15126.5595703125,130200000,14637.407620431688,0.0334179359190645,0.010994739784179641,0.014700928794995738,0.00912841538917819,0.005424091411752707,上昇トレンド,uptrend,4.0
2013-11-20,15176.349609375,15209.669921875,15069.98046875,15076.080078125,142500000,14668.689486384721,0.027772800843484546,0.008981538600262517,0.01594092396549751,0.012909078072771418,0.008661622367682087,上昇トレンド,uptrend,4.0
2013-11-21,15176.650390625,15377.0,15168.4697265625,15365.599609375,168200000,14740.175936993186,0.04242986481675559,0.010101643643148916,0.01809287014676686,0.021097744492165837,0.010550657907235195,上昇トレンド,uptrend,4.0
2013-11-22,15513.4501953125,15579.3896484375,15307.4404296875,15381.7197265625,211300000,14821.316271096206,0.037810640108879134,0.012564291125418237,0.019479927581278478,0.028957080905394728,0.008663173511742617,上昇トレンド,uptrend,4.0
2013-11-25,15504.7802734375,15619.1298828125,15469.8701171875,15619.1298828125,176400000,14939.755375077651,0.045474272548543526,0.018479216493370476,0.023778245558093047,0.042234789967719344,0.01023972614137425,上昇トレンド,uptrend,4.0
2013-11-26,15501.9501953125,15577.9697265625,15460.9697265625,15515.240234375,156700000,15046.96586344337,0.031120850221990848,0.02081317941940153,0.02798024442798175,0.05284242472478362,0.01327931563298601,上昇トレンド,uptrend,4.0
2013-11-27,15414.51953125,15512.759765625,15414.51953125,15449.6298828125,144700000,15132.461398508436,0.02095947750676741,0.02099308332141936,0.03161645166421856,0.06098012689755139,0.015675527698721048,上昇トレンド,uptrend,4.0
2013-11-28,15622.1904296875,15729.08984375,15605.73046875,15727.1201171875,154000000,15237.37917723915,0.03214075952640871,0.019921598091090065,0.03373116049436975,0.06810052183455761,0.01563829034760289,上昇トレンド,uptrend,4.0
2013-11-29,15661.4296875,15727.9599609375,15507.169921875,15661.8701171875,158300000,15332.508507690372,0.021481260508150246,0.01897675895847728,0.034490339943090476,0.07456761594860017,0.015010412361811998,上昇トレンド,uptrend,4.0
2013-12-02,15659.740234375,15703.01953125,15579.5400390625,15655.0703125,143200000,15438.284922418412,0.014042064333635196,0.02020976732444324,0.03336932465255771,0.08142481176496563,0.00959107909446466,上昇トレンド,uptrend,4.0
2013-12-03,15747.5400390625,15794.150390625,15661.900390625,15749.66015625,167200000,15554.738731983382,0.012531321009322083,0.02082769950479979,0.03374586432562099,0.08829571188155927,0.00576561989763924,上昇トレンド,uptrend,4.0
2013-12-04,15520.2001953125,15579.3603515625,15326.0595703125,15407.9404296875,159000000,15626.207002602647,-0.013967981665595097,0.01915528008772749,0.03262824144014531,0.09013585125985024,0.0010117897759267525,上昇トレンド,uptrend,4.0
2013-12-05,15354.5302734375,15430.2001953125,15139.1201171875,15177.490234375,150700000,15672.223910656687,-0.03156754772660442,0.015153172092229328,0.028538026675025918,0.09063293181535559,-0.0051931338193438314,上昇トレンド,uptrend,4.0
2013-12-06,15112.5400390625,15327.3701171875,15112.5400390625,15299.8603515625,135300000,15740.768024768875,-0.02801055656957685,0.011959653967249517,0.026627053027476366,0.0944357097959525,-0.00786328691561411,上昇トレンド,uptrend,4.0
2013-12-09,15556.599609375,15650.2099609375,15547.2900390625,15650.2099609375,136900000,15839.611433204702,-0.011957456978405334,0.013656828593561432,0.02599553725061199,0.10013806791966284,-0.0073737874019457195,上昇トレンド,uptrend,4.0
2013-12-10,15633.9697265625,15633.9697265625,15562.0595703125,15611.3095703125,127200000,15906.582008344192,-0.01856290923322179,0.014953723161659882,0.022619684099055792,0.1026832043189767,-0.011126180226565197,上昇トレンド,uptrend,4.0
2013-12-11,15509.9296875,15562.2998046875,15386.1103515625,15515.0595703125,129200000,15946.950357054953,-0.027082970541222218,0.013098619582071258,0.020525989089923424,0.10447218173211903,-0.012102252350221887,上昇トレンド,uptrend,4.0
2013-12-12,15377.3203125,15392.66015625,15255.3603515625,15341.8203125,132300000,15953.761213663143,-0.03835715559281805,0.00720660231722281,0.01796409396722698,0.10191429282001674,-0.010573932707798939,上昇トレンド,uptrend,4.0
2013-12-13,15316.8896484375,15532.9404296875,15251.4501953125,15403.1103515625,246200000,15938.41382830322,-0.033585743381197464,0.0020011728441931,0.012556299871984589,0.09631915804447133,-0.014070753155491778,上昇トレンド,uptrend,4.0
2013-12-16,15408.349609375,15408.349609375,15146.1298828125,15152.91015625,139600000,15885.510887409742,-0.0461175429831705,-0.0038527410112636495,0.0028977639002445432,0.08858813667300769,-0.023097773350367445,上昇トレンド,uptrend,4.0
2013-12-17,15290.2197265625,15322.1298828125,15248.419921875,15278.6298828125,120400000,15849.359763985645,-0.036009648949354434,-0.0065440022750300475,-0.0035973941056934855,0.08279827787690008,-0.026217078204749278,下降トレンドへの転換期,transition_to_downtrend,2.0
2013-12-18,15273.240234375,15588.419921875,15268.1796875,15587.7998046875,175200000,15849.42346824338,-0.01650682525330216,-0.005583388724780924,-0.006115707807946347,0.08049348804844492,-0.02664169689786977,下降トレンドへの転換期,transition_to_downtrend,2.0
2013-12-19,15809.4296875,15891.8203125,15798.849609375,15859.2197265625,190300000,15865.134921878976,-0.0003728424211708603,-0.001282676123870563,-0.0055551973354261985,0.07631923728009915,-0.023519291302653178,下降トレンドへの転換期,transition_to_downtrend,2.0
2013-12-20,15790.6904296875,15870.419921875,15755.3603515625,15870.419921875,165000000,15868.664272274995,0.00011063625582363734,0.0012179992489800284,-0.004376191808018293,0.07066497887379097,-0.01693249168000288,下降トレンドへの転換期,transition_to_downtrend,2.0
2013-12-24,15955.900390625,16029.650390625,15849.0,15889.330078125,163000000,15863.16998934421,0.0016491085198206967,0.0008673199456354919,-0.0014063695038754043,0.061809219166131024,-0.0043041334041199475,下降トレンドへの転換期,transition_to_downtrend,2.0
2013-12-25,15861.1298828125,16010.5400390625,15853.509765625,16009.990234375,147400000,15866.297501036164,0.009056475420900822,7.327886985586396e-05,0.0010686701105118157,0.05445161802243215,0.004666064216205301,上昇トレンド,uptrend,4.0
2013-12-26,16087.0703125,16186.0400390625,16082.2802734375,16174.4404296875,170200000,15894.99335632771,0.017580823539542045,0.0016591871628865995,0.0028751763857932655,0.05039047764525839,0.008990884193739612,上昇トレンド,uptrend,4.0
2013-12-27,16229.4296875,16232.6904296875,16056.73046875,16178.9404296875,170600000,15914.891898775788,0.016591286487596113,0.0032605027536314335,0.0031362466907352005,0.044463861774121316,0.008691444026161399,上昇トレンド,uptrend,4.0
2013-12-30,16269.2197265625,16320.2197265625,16182.7099609375,16291.3095703125,182100000,15937.58134524326,0.022194598879635707,0.0044927837891883815,0.004342966224868405,0.03946339486780004,0.008719158032886698,上昇トレンド,uptrend,4.0
2014-01-06,16147.5400390625,16164.009765625,15864.4404296875,15908.8798828125,192700000,15927.406598649384,-0.0011631972676866553,0.0020392108128042263,0.004049418202561439,0.03168238432500381,0.005455787706436843,上昇トレンド,uptrend,4.0
2014-01-07,15835.41015625,15935.3701171875,15784.25,15814.3701171875,165900000,15906.62132801692,-0.005799547806354943,-0.0005196749567305536,0.0025414767987377296,0.02262221192503877,0.0014728066882259139,上昇トレンド,uptrend,4.0
2014-01-08,15943.6796875,16121.4501953125,15906.5703125,16121.4501953125,206700000,15930.996931655145,0.011954886720172642,-0.00041313756745653407,0.0022650890453566053,0.019505048730106722,-0.0006100873404366602,上昇トレンド,uptrend,4.0
2014-01-09,16002.8798828125,16004.5595703125,15838.4404296875,15880.330078125,217400000,15959.39851864901,-0.004954349653692569,0.002008608231445441,0.0027965392511806186,0.01832379435295417,-0.0003397074395545818,上昇トレンド,uptrend,4.0
2014-01-10,15785.150390625,15922.1396484375,15754.7001953125,15912.0595703125,237500000,15996.494875137472,-0.005278362884121979,0.0056500714556053655,0.0036965163419728775,0.01624614821628767,-0.0006464498828955278,上昇トレンド,uptrend,4.0
2014-01-14,15657.2001953125,15661.7099609375,15383.6904296875,15422.400390625,214500000,15964.719431627003,-0.033969844777080094,0.002116785290746659,0.002342681010025993,0.007898425977801216,-0.0017067371925354458,上昇トレンド,uptrend,4.0
2014-01-15,15649.0703125,15808.73046875,15636.5703125,15808.73046875,185800000,15959.894017939061,-0.009471463220191323,3.104749151239261e-05,0.0033490889626139886,0.003351569153379641,0.000807612163876259,上昇トレンド,uptrend,4.0
2014-01-16,15845.150390625,15941.080078125,15710.1396484375,15747.2001953125,214200000,15957.458539029176,-0.013176179853603864,-0.0024403056052590966,0.0016610139018640169,0.0006589461771022709,-0.0006040751434925884,上昇トレンド,uptrend,4.0
2014-01-17,15695.4599609375,15783.3701171875,15621.7998046875,15734.4599609375,180100000,15968.284435370375,-0.014643055450274,0.0002233051297042543,0.0005567826826919919,0.0009103321475560922,-0.0022397565684886267,上昇トレンド,uptrend,4.0
2014-01-20,15724.1396484375,15727.259765625,15574.23046875,15641.6796875,142200000,15975.569918037147,-0.020900051281436238,0.000982205776583811,-0.0013080963838426607,0.002331228824536069,-0.005004612725815538,下降トレンドへの転換期,transition_to_downtrend,2.0
2014-01-21,15710.8896484375,15894.6796875,15705.83984375,15795.9599609375,154300000,16006.754760523214,-0.013169115335332604,0.0030892276093632542,0.0026330139452959145,0.007632355923130163,0.0002903329352699213,上昇トレンド,uptrend,4.0
2014-01-22,15749.009765625,15870.5302734375,15631.41015625,15820.9599609375,185300000,16044.623732936605,-0.013940107024134507,0.00478068247564134,0.005308914639552631,0.012319990956016769,0.0019598256769386424,上昇トレンド,uptrend,4.0
2014-01-23,15900.6298828125,15958.580078125,15690.4501953125,15695.8896484375,206900000,16048.694408539686,-0.021983393235679993,0.004577269598374567,0.005717443619694507,0.012572756396822538,0.00405642971783049,上昇トレンド,uptrend,4.0
2014-01-24,15473.5703125,15485.01953125,15288.3203125,15391.5595703125,221000000,15996.79521212514,-0.037834805896239,-0.0006222090952899828,0.0017854627320899041,0.008298718598642063,0.0012286800493979122,上昇トレンド,uptrend,4.0
2014-01-27,15091.4501953125,15109.6796875,14933.5498046875,15005.73046875,223900000,15897.126511304497,-0.05607277780173814,-0.009192937403033175,-0.004910210223178502,0.0017936127793207746,-0.003602113839335841,下降トレンドへの転換期,transition_to_downtrend,2.0
2014-01-28,15038.6396484375,15088.1201171875,14952.830078125,14980.16015625,183100000,15797.604694036449,-0.05174484066530871,-0.01564549165878748,-0.013066362895905903,-0.004133177375758024,-0.015699376841201818,下降トレンド,downtrend,1.0
2014-01-29,15164.33984375,15383.91015625,15159.919921875,15383.91015625,164800000,15733.336350918707,-0.02220928777438258,-0.016469477649294295,-0.01940135133109311,-0.0083800993967732,-0.02471026597064574,下降トレンド,downtrend,1.0
2014-01-30,15112.7001953125,15112.7001953125,14853.830078125,15007.0595703125,221200000,15622.944250441375,-0.03942180617532931,-0.017247284323248624,-0.026528647580937537,-0.017115396011036066,-0.03224609120063204,下降トレンド,downtrend,1.0
2014-01-31,15132.23046875,15143.8798828125,14764.5703125,14914.5302734375,217400000,15500.908088265676,-0.0378286105232809,-0.018781113435682673,-0.030999154348340663,-0.02601235453832751,-0.03278461708043057,下降トレンド,downtrend,1.0
2014-02-03,14788.5595703125,14846.9296875,14615.0498046875,14619.1298828125,202800000,15350.471784076013,-0.04764295922306305,-0.024334607632051197,-0.034387014963978335,-0.036838058953184594,-0.029476804740799833,下降トレンド,downtrend,1.0
2014-02-04,14353.330078125,14355.919921875,14008.4697265625,14008.4697265625,294300000,15162.590665095895,-0.07611634212286478,-0.029466506310580565,-0.0401968552346591,-0.04801886162800317,-0.027130492338753198,下降トレンド,downtrend,1.0
2014-02-05,14213.099609375,14245.0595703125,13995.8603515625,14180.3798828125,280200000,15018.414306481165,-0.055800459793349355,-0.03112680747715435,-0.04543995173635229,-0.055838823545219074,-0.026038600405259182,下降トレンド,downtrend,1.0
2014-02-06,14233.419921875,14308.0703125,14155.1201171875,14155.1201171875,192900000,14866.3740560376,-0.0478431348605306,-0.03153634199963784,-0.048426863866098735,-0.06682713455942746,-0.0218982162851612,下降トレンド,downtrend,1.0
2014-02-07,14387.1103515625,14471.9501953125,14356.58984375,14462.41015625,186100000,14745.067926794904,-0.01916964858678305,-0.02753637208330917,-0.04876102465525556,-0.0760887442239836,-0.017761870306914895,下降トレンド,downtrend,1.0
2014-02-10,14647.830078125,14725.919921875,14568.2998046875,14718.33984375,149800000,14660.768301881706,0.003926911651751963,-0.023813832625799725,-0.04493044200177476,-0.08350120346250456,-0.010543427037796427,下降トレンド,downtrend,1.0
2014-02-12,14821.73046875,14874.7900390625,14769.0400390625,14800.0595703125,165100000,14608.784814232906,0.013093132557695064,-0.01732697164982755,-0.03652448734488656,-0.08493319429766588,0.003672367889772543,下降トレンド,downtrend,1.0
2014-02-13,14785.83984375,14787.6201171875,14488.3203125,14534.740234375,148400000,14538.54523847413,-0.00026171835192012605,-0.014006221561413068,-0.031952046215688035,-0.08905753245399517,0.013487905520664256,下降トレンド,downtrend,1.0
2014-02-14,14538.2001953125,14678.7099609375,14243.169921875,14313.0302734375,204200000,14436.491087960267,-0.008551996033560383,-0.015297780396178351,-0.028916463857086128,-0.09531389020055336,0.019510400009012607,下降トレンド,downtrend,1.0
2014-02-17,14343.73046875,14427.9501953125,14214.599609375,14393.1103515625,149000000,14348.238207493267,0.003127362636466291,-0.017834926727498646,-0.02691270879671659,-0.10145399366062413,0.02184831585853897,下降トレンド,downtrend,1.0
2014-02-18,14514.4697265625,14900.240234375,14469.490234375,14843.240234375,206500000,14308.018194802375,0.03740713998861511,-0.01585626621442826,-0.024060819993591775,-0.10438136052673963,0.020869622008182986,下降トレンド,downtrend,1.0
2014-02-19,14729.48046875,14805.66015625,14679.1904296875,14766.5302734375,153900000,14260.079696007806,0.03551526977591002,-0.01221982480906214,-0.023869549908447363,-0.10912112359109538,0.012654937436439195,下降トレンド,downtrend,1.0
2014-02-20,14701.1396484375,14731.48046875,14428.73046875,14449.1796875,172000000,14178.975601909451,0.019056671876504394,-0.011796751847583553,-0.024732160657527813,-0.1162787088111844,0.007219885558160222,下降トレンド,downtrend,1.0
2014-02-21,14618.6103515625,14888.8095703125,14618.6103515625,14865.669921875,138700000,14143.040560224727,0.05109434273154556,-0.011530432260533408,-0.02032699815679395,-0.11874198609582476,0.008589465700292176,下降トレンド,downtrend,1.0
2014-02-24,14803.6396484375,14982.5302734375,14658.1396484375,14837.6796875,159500000,14127.077514636721,0.05030072016855858,-0.009326889064183774,-0.015413787369451759,-0.11688076722212604,0.01149892142726483,下降トレンド,downtrend,1.0
2014-02-25,15002.509765625,15094.5400390625,14957.490234375,15051.599609375,139500000,14163.586173613929,0.06269693458111592,-0.0010853695448527212,-0.010094481235767061,-0.10904740151988113,0.013966338757824714,下降トレンド,downtrend,1.0
2014-02-26,14896.490234375,15084.5302734375,14896.490234375,14970.9697265625,126600000,14211.412738008981,0.053446972694140005,0.004834333712974148,-0.0034128110807437606,-0.10040711783516465,0.020456738827703602,下降トレンド,downtrend,1.0
2014-02-27,14939.8701171875,15015.009765625,14844.3701171875,14923.1103515625,160300000,14235.320733475008,0.04831570928150031,0.007662109783579618,0.003973850660831113,-0.09521283877950193,0.028706011318358926,上昇トレンドへの転換期,transition_to_uptrend,3.0
2014-02-28,14929.5498046875,14943.650390625,14735.51953125,14841.0703125,160500000,14250.630410366583,0.04143254614924996,0.006145635412224459,0.007607264483454612,-0.08783964264840938,0.027934262640248564,上昇トレンドへの転換期,transition_to_uptrend,3.0
2014-03-03,14666.9296875,14684.7001953125,14443.099609375,14652.23046875,146900000,14269.59302741896,0.026814881166954407,0.004093913144495032,0.010088110059181199,-0.07943502753744036,0.025501897428632958,上昇トレンドへの転換期,transition_to_uptrend,3.0
2014-03-04,14553.9501953125,14750.08984375,14546.33984375,14721.48046875,125600000,14311.681755417856,0.028633861508065683,0.005364193991308053,0.010456079412982433,-0.06767153760940159,0.020550560648749494,上昇トレンドへの転換期,transition_to_uptrend,3.0
2014-03-05,14905.9501953125,14992.1904296875,14897.6298828125,14897.6298828125,134000000,14410.320150784723,0.03381671794441288,0.011205801836104978,0.013996315246249669,-0.04961358721124687,0.01740912632699343,上昇トレンドへの転換期,transition_to_uptrend,3.0
2014-03-06,14933.759765625,15203.1201171875,14871.5595703125,15134.75,150000000,14546.86421904124,0.04041323079026493,0.019430910964980175,0.021885245257145636,-0.03139812751313098,0.017911394596314523,上昇トレンドへの転換期,transition_to_uptrend,3.0
2014-03-07,15280.759765625,15312.599609375,15145.58984375,15274.0703125,138500000,14684.349498033762,0.04015981876113761,0.02603940955260753,0.030435080777315715,-0.012244045341366472,0.022827816293861103,上昇トレンドへの転換期,transition_to_uptrend,3.0
2014-03-10,15197.5302734375,15266.1201171875,15088.1103515625,15120.1396484375,121100000,14786.785441331249,0.022544061955107386,0.026124699979412025,0.03624437031375072,0.002829252109482372,0.02615626025456952,上昇トレンド,uptrend,4.0
2014-03-11,15179.4697265625,15256.0302734375,15124.3603515625,15224.1103515625,119100000,14866.925164103666,0.024025491721802794,0.022002057642325434,0.03879651729089195,0.014061804809745171,0.02834043787790952,上昇トレンド,uptrend,4.0
2014-03-12,15003.7998046875,15020.1396484375,14828.1796875,14830.3896484375,141300000,14888.757600345272,-0.0039202701443953325,0.013920133291493775,0.03320102846809392,0.019164686842371603,0.01920471322184425,上昇トレンド,uptrend,4.0
2014-03-13,14847.7197265625,14919.83984375,14790.48046875,14815.98046875,116200000,14916.521726269344,-0.006740261527744873,0.008773799109538905,0.025411490865793418,0.025998233082836553,0.0035262456086477822,上昇トレンド,uptrend,4.0
2014-03-14,14526.2802734375,14539.599609375,14280.75,14327.66015625,236100000,14916.997416382099,-0.03950776712509707,0.003368030155914914,0.015843256684914042,0.0332841495550511,-0.014591824092401673,上昇トレンド,uptrend,4.0
2014-03-17,14254.3203125,14359.16015625,14203.2099609375,14277.669921875,138000000,14915.68532712557,-0.042774796548588956,0.0018085946123316265,0.008717235149299452,0.03954820873659304,-0.027527135164451266,上昇トレンド,uptrend,4.0
2014-03-18,14491.41015625,14533.25,14399.7197265625,14411.26953125,114000000,14898.379807638252,-0.032695520095313624,-0.0012162298264978277,0.002115746409387498,0.041260893353513906,-0.036680770881504454,上昇トレンド,uptrend,4.0
2014-03-19,14495.73046875,14663.5400390625,14302.3701171875,14462.51953125,153600000,14867.047996812986,-0.027209736973318632,-0.0033484901937609335,-0.0014581205574724088,0.042564159089174325,-0.03465914902556633,下降トレンドへの転換期,transition_to_downtrend,2.0
2014-03-20,14548.759765625,14548.759765625,14207.830078125,14224.23046875,158700000,14830.034576051488,-0.04084981084803274,-0.005742327569643546,-0.005798077581688821,0.04591720815531697,-0.03120956844748224,下降トレンドへの転換期,transition_to_downtrend,2.0
2014-03-24,14297.580078125,14514.2802734375,14287.2802734375,14475.2998046875,196200000,14809.584919566889,-0.0225722136504799,-0.005960036542083547,-0.007200678113495451,0.047128787936642436,-0.023043934798409493,下降トレンドへの転換期,transition_to_downtrend,2.0
2014-03-25,14401.6904296875,14531.7900390625,14312.080078125,14423.1904296875,186000000,14764.713768165597,-0.02313105041118102,-0.006883291738166597,-0.010121664251351303,0.04513575103330725,-0.018838899400650755,下降トレンドへの転換期,transition_to_downtrend,2.0
2014-03-26,14521.0,14569.900390625,14401.419921875,14477.16015625,166600000,14716.009631832516,-0.016230587065250046,-0.007688784785647607,-0.012240940166677539,0.039003078136222724,-0.014356686576065036,下降トレンドへの転換期,transition_to_downtrend,2.0
2014-03-27,14305.669921875,14659.849609375,14227.8095703125,14622.8896484375,179000000,14676.430954884012,-0.0036481149000803237,-0.008991066623815325,-0.01282144525058615,0.032721463055627176,-0.011363324693113741,下降トレンドへの転換期,transition_to_downtrend,2.0
2014-03-28,14576.25,14713.4501953125,14520.5703125,14696.0302734375,149300000,14650.705847499305,0.0030936684150226768,-0.007721647873195181,-0.012092266382289885,0.029179891468655184,-0.006294188800601064,下降トレンドへの転換期,transition_to_downtrend,2.0
2014-03-31,14839.5400390625,14843.669921875,14718.009765625,14827.830078125,141600000,14643.10209043675,0.012615358859574766,-0.004954301010924644,-0.011241559438318616,0.02754065390571525,-0.0040408813248231645,下降トレンドへの転換期,transition_to_downtrend,2.0
2014-04-01,14870.509765625,14870.509765625,14751.2900390625,14791.990234375,139200000,14644.535017009304,0.010068958638456582,-0.00217327618497698,-0.008139592344513447,0.026275590962538065,0.0019820719068378567,下降トレンドへの転換期,transition_to_downtrend,2.0
2014-04-02,14897.8798828125,15069.6103515625,14893.169921875,14946.3203125,162400000,14665.27819555011,0.01916377672502434,0.0009946516026251295,-0.0034473636231296956,0.024706840619789228,0.008793576543547843,下降トレンドへの転換期,transition_to_downtrend,2.0
2014-04-03,15009.1796875,15164.3896484375,14976.3603515625,15071.8798828125,134400000,14686.08844615191,0.026269175626657537,0.0029356044538699777,0.0006580272341134563,0.019136861116314074,0.013479472484699606,上昇トレンド,uptrend,4.0
2014-04-04,15005.5400390625,15098.3798828125,15000.6904296875,15063.76953125,97100000,14688.212005637542,0.025568634594075323,0.0029824769839061904,0.0025600239694008042,0.009716718632135413,0.014652290351690689,上昇トレンド,uptrend,4.0
2014-04-07,14880.8203125,14895.580078125,14764.3701171875,14808.849609375,112800000,14650.646183467356,0.010798392366213161,-0.0009977316412036474,0.0005151977350161818,-0.002295186080317646,0.011756757173334798,上昇トレンドへの転換期,transition_to_uptrend,3.0
2014-04-08,14715.7998046875,14740.099609375,14605.3095703125,14606.8798828125,130400000,14598.314374446683,0.0005867463972970555,-0.005976681403428885,-0.0031561700326392383,-0.01274591205995057,0.004983422311874208,下降トレンド,downtrend,1.0
2014-04-09,14436.0498046875,14502.01953125,14279.33984375,14299.6904296875,162500000,14522.167563998904,-0.015319829724519618,-0.011304605460141004,-0.009758466879587036,-0.023189569887469563,-0.00631110325645734,下降トレンド,downtrend,1.0
2014-04-10,14484.5400390625,14513.1396484375,14234.4501953125,14300.1201171875,128900000,14463.2264812177,-0.011277315213311101,-0.012792589480534411,-0.015175039000436263,-0.028580700321006236,-0.01583306623454972,下降トレンド,downtrend,1.0
2014-04-11,14027.7998046875,14065.9697265625,13885.1103515625,13960.0498046875,174700000,14393.268693344044,-0.030098714745517063,-0.01404584637946682,-0.020080273363449197,-0.03507875646396874,-0.02264029733285,下降トレンド,downtrend,1.0
2014-04-14,13887.23046875,14008.2900390625,13885.2197265625,13910.16015625,121000000,14345.200262762814,-0.030326527238667245,-0.01218601152040144,-0.02084863130810055,-0.03833192013503517,-0.021363829043116733,下降トレンド,downtrend,1.0
2014-04-15,14068.75,14096.8603515625,13969.169921875,13996.8095703125,120800000,14331.716891171665,-0.023368262393284378,-0.009092686906121306,-0.018262210035816073,-0.039151297653880035,-0.015106040003176835,下降トレンド,downtrend,1.0
2014-04-16,14126.8701171875,14420.2998046875,14125.58984375,14417.6796875,143600000,14353.801776390408,0.004450243364420681,-0.002742039893404269,-0.011593709194341106,-0.036552835830419905,-0.0018352423147540708,下降トレンド,downtrend,1.0
2014-04-17,14395.9501953125,14500.66015625,14351.849609375,14417.5302734375,127900000,14366.10962802319,0.00357930203414325,0.0014575861526766598,-0.00671474330576427,-0.033694541707081305,0.008460295694671993,下降トレンド,downtrend,1.0
2014-04-18,14489.3701171875,14536.669921875,14442.740234375,14516.26953125,78200000,14395.985934033983,0.008355356678395376,0.004484392438836693,0.00018878551827472556,-0.02926821510709332,0.020269058881723923,上昇トレンドへの転換期,transition_to_uptrend,3.0
2014-04-21,14549.4501953125,14649.5,14503.169921875,14512.3798828125,95300000,14423.825403997173,0.0061394585926413114,0.0048784028578368055,0.0054809371632442705,-0.026047962698808602,0.026329568471344822,上昇トレンドへの転換期,transition_to_uptrend,3.0
2014-04-22,14586.2900390625,14604.2998046875,14388.76953125,14388.76953125,99300000,14429.594096310431,-0.002829224771531802,0.0044190438421412015,0.0068294124062036055,-0.02269733617035785,0.02509162244201968,上昇トレンドへの転換期,transition_to_uptrend,3.0
2014-04-23,14480.41015625,14546.26953125,14459.2900390625,14546.26953125,103200000,14449.19645944511,0.0067182332302939685,0.003696205710046474,0.0066459523783872765,-0.018130809850127938,0.018239661572728383,上昇トレンドへの転換期,transition_to_uptrend,3.0
2014-04-24,14563.25,14563.25,14367.1298828125,14404.990234375,106300000,14444.449638795262,-0.0027318039390217264,0.001429872743216487,0.005453112415295669,-0.015806384863041312,0.01216785572105994,上昇トレンドへの転換期,transition_to_uptrend,3.0
2014-04-25,14369.7197265625,14554.3203125,14327.599609375,14429.259765625,115000000,14431.221890644363,-0.00013596388678871474,0.00011280943338154437,0.0024476237176001003,-0.014981118257343495,0.0022588381993253748,上昇トレンドへの転換期,transition_to_uptrend,3.0
2014-04-28,14289.8203125,14324.0302734375,14224.4697265625,14288.23046875,97400000,14395.0309946015,-0.007419263347995142,-0.0037486835337616764,-0.0019963087869666607,-0.016941157297350462,-0.007477245950210931,下降トレンド,downtrend,1.0
2014-04-30,14393.509765625,14421.2197265625,14275.6904296875,14304.1103515625,125100000,14356.982825841767,-0.003682700949122819,-0.00605539256536114,-0.005032107624373894,-0.019635460657067783,-0.0118615200305775,下降トレンド,downtrend,1.0
2014-05-01,14341.08984375,14493.0302734375,14341.08984375,14485.1298828125,129200000,14331.661049793927,0.01070837724150464,-0.006898988984084586,-0.00813439072415345,-0.022748777166560208,-0.014780343102540727,下降トレンド,downtrend,1.0
2014-05-02,14454.4404296875,14473.75,14405.76953125,14457.509765625,108600000,14291.907305227995,0.011587149066970781,-0.007163839342352207,-0.010560619295425844,-0.02684044443619027,-0.016013731710721513,下降トレンド,downtrend,1.0
2014-05-07,14296.25,14299.1298828125,14033.4501953125,14033.4501953125,143200000,14208.731013808785,-0.012336134615113625,-0.010326111957600026,-0.015417327688642679,-0.03264393185805914,-0.01786495140624278,下降トレンド,downtrend,1.0
2014-05-08,14136.41015625,14254.4404296875,14108.16015625,14163.7802734375,123000000,14152.44744535185,0.0008007680741730638,-0.012504733667606072,-0.016851894889328478,-0.03400523989704296,-0.014855586102361817,下降トレンド,downtrend,1.0
2014-05-09,14101.98046875,14266.2900390625,14091.2001953125,14199.58984375,125300000,14121.615672467886,0.005521618282965823,-0.01191524889738238,-0.0163939148098885,-0.03265436609676153,-0.011361807185514605,下降トレンド,downtrend,1.0
2014-05-12,14173.490234375,14234.490234375,14130.2998046875,14149.51953125,109200000,14110.080027980845,0.002795129665525975,-0.006942983559338756,-0.015460944899772677,-0.028376448226616224,-0.0073265541756192265,下降トレンド,downtrend,1.0
2014-05-13,14367.9404296875,14464.009765625,14359.740234375,14425.4404296875,129900000,14136.969317657044,0.020405442322786627,-0.0010936714483182897,-0.010840959450826748,-0.022557702735578555,-0.0002803401554009044,下降トレンド,downtrend,1.0
2014-05-14,14385.599609375,14419.650390625,14349.8701171875,14405.759765625,112700000,14176.761482331282,0.01615307442247116,0.003905063778991691,-0.002249992025778691,-0.015042254516716036,0.013167335662863988,下降トレンド,downtrend,1.0
2014-05-15,14280.509765625,14306.3603515625,14190.26953125,14298.2099609375,132600000,14222.088244069553,0.005352358638309518,0.007938170149750512,0.004920760100796118,-0.008582105264353435,0.021772654990124596,上昇トレンドへの転換期,transition_to_uptrend,3.0
2014-05-16,14087.759765625,14108.4404296875,14016.490234375,14096.58984375,131300000,14244.937246740443,-0.010414043980740417,0.007637275476614969,0.008732823292521008,-0.006055076659006509,0.025126738102409507,上昇トレンドへの転換期,transition_to_uptrend,3.0
2014-05-19,14130.08984375,14150.5,13991.7998046875,14006.4404296875,114000000,14234.291016974634,-0.016007160947841936,0.004058016685619892,0.008802996775884697,-0.008326070073807812,0.024263941675657374,上昇トレンドへの転換期,transition_to_uptrend,3.0
2014-05-20,14088.4501953125,14144.0400390625,14038.0595703125,14075.25,123100000,14211.053738312681,-0.009556204684988079,-0.0007758709949977627,0.005240474035909992,-0.010793171827677694,0.01608143348673674,上昇トレンドへの転換期,transition_to_uptrend,3.0
2014-05-21,13969.7099609375,14054.240234375,13964.4296875,14042.169921875,121700000,14180.700810734894,-0.009768973389173041,-0.004509422182273792,0.0002778722353848906,-0.014954524426849192,0.0025278642611635815,上昇トレンドへの転換期,transition_to_uptrend,3.0
2014-05-22,14188.2802734375,14369.01953125,14147.5498046875,14337.7900390625,160300000,14175.331774439415,0.011460632259487902,-0.00414205684462321,-0.0032875952411303144,-0.01722799760796423,-0.008208355341926432,下降トレンド,downtrend,1.0
2014-05-23,14411.099609375,14528.0400390625,14404.7998046875,14462.169921875,142400000,14188.256304749906,0.019305657527020736,-0.0016042043033946962,-0.003979023635467871,-0.016725196145485066,-0.012711846927988879,下降トレンド,downtrend,1.0
2014-05-26,14592.599609375,14602.51953125,14531.3203125,14602.51953125,106900000,14212.595729923258,0.027435087068985897,0.0022491779224493857,-0.0015241564912157335,-0.01637466347598804,-0.01032715326710043,下降トレンド,downtrend,1.0
2014-05-27,14589.7900390625,14744.16015625,14588.6796875,14636.51953125,129400000,14239.536175915904,0.027878952687063974,0.0045293050277850355,0.002004245295789353,-0.01418631155935468,-0.003236228740120639,上昇トレンドへの転換期,transition_to_uptrend,3.0
2014-05-28,14646.9296875,14717.2900390625,14608.5400390625,14670.9501953125,120100000,14274.434048473679,0.027778064299594396,0.00607387841555429,0.006609915757324725,-0.010864488354401125,0.006332043521939834,上昇トレンドへの転換期,transition_to_uptrend,3.0
2014-05-29,14585.6396484375,14714.9501953125,14574.01953125,14681.7197265625,122000000,14314.9209559414,0.02562352748925667,0.007199615605944842,0.00984733082252709,-0.005565117483258275,0.013134926063657404,上昇トレンドへの転換期,transition_to_uptrend,3.0
2014-05-30,14707.66015625,14741.099609375,14591.6201171875,14632.3798828125,175300000,14354.631800327563,0.019349021719846426,0.008082821167049392,0.011726282074701277,-0.00016375484617647817,0.01570530571016915,上昇トレンドへの転換期,transition_to_uptrend,3.0
2014-06-02,14777.509765625,14963.91015625,14777.509765625,14935.919921875,130600000,14412.08094269267,0.036347213234875,0.009642896786770327,0.014035804335826851,0.005611344883145852,0.015559960827042585,上昇トレンド,uptrend,4.0
2014-06-03,15089.0400390625,15091.490234375,15026.009765625,15034.25,145900000,14469.610968648642,0.039022405825199113,0.010806207954856983,0.016157463971465225,0.012433866217117284,0.014153218675675872,上昇トレンド,uptrend,4.0
2014-06-04,15067.41015625,15071.7802734375,14985.2099609375,15067.9599609375,132000000,14549.49621962813,0.035634480636513866,0.013575020384439362,0.01926956755135678,0.023982803635889116,0.012659651794032056,上昇トレンド,uptrend,4.0
2014-06-05,15112.58984375,15141.1396484375,15016.8095703125,15079.3701171875,127900000,14639.840884715259,0.030022814860722447,0.015803404305612778,0.022697989725119827,0.03443880934696453,0.012850658902592738,上昇トレンド,uptrend,4.0
2014-06-06,15138.75,15144.33984375,15042.58984375,15077.240234375,134800000,14718.291569929359,0.02438792999447048,0.01718640548246486,0.025333967088831733,0.042252665084546726,0.013607685014130455,上昇トレンド,uptrend,4.0
2014-06-09,15204.3095703125,15206.5703125,15116.0302734375,15124.0,107300000,14798.908376652262,0.02196727049547964,0.017142322542251343,0.02684049829429558,0.04881817447565462,0.012804693958468727,上昇トレンド,uptrend,4.0
2014-06-10,15130.740234375,15184.76953125,14966.7998046875,14994.7998046875,121300000,14853.205139791864,0.009532936734059083,0.014574219539460254,0.026510330649134772,0.05066402890471333,0.010352866677669548,上昇トレンド,uptrend,4.0
2014-06-11,15000.1298828125,15075.7197265625,14998.6298828125,15069.48046875,99500000,14901.367061184012,0.011281743941728761,0.012438637350322024,0.0241844003561571,0.05111220780259429,0.004914832804800318,上昇トレンド,uptrend,4.0
2014-06-12,14942.150390625,14992.9599609375,14862.080078125,14973.5302734375,132400000,14945.578900943696,0.0018702100921657028,0.009910901571823505,0.020883971255974743,0.05087091603273031,-0.0018140184691450845,上昇トレンド,uptrend,4.0
2014-06-13,14830.990234375,15121.6396484375,14830.990234375,15097.83984375,172200000,15016.186508614132,0.005437687863628193,0.010972808043002047,0.02023977696524204,0.05414199083608939,-0.0050941901235896925,上昇トレンド,uptrend,4.0
2014-06-16,15049.6103515625,15056.75,14867.150390625,14933.2900390625,116000000,15082.157020477198,-0.009870403895979818,0.012132441174750985,0.019139833602308753,0.05956503225144605,-0.007700664691986825,上昇トレンド,uptrend,4.0
2014-06-17,14962.990234375,15026.9599609375,14948.5400390625,14975.9697265625,107400000,15149.807740941571,-0.01147460201156758,0.013664833015265776,0.0199689291542271,0.06605801511382858,-0.006541401494907673,上昇トレンド,uptrend,4.0
2014-06-18,15009.8896484375,15139.990234375,14995.4501953125,15115.7998046875,118600000,15226.26789588402,-0.007255099670641085,0.01399032884610052,0.021803424703652263,0.07373169345464392,-0.0023809756525048353,上昇トレンド,uptrend,4.0
2014-06-19,15140.349609375,15375.3798828125,15138.2802734375,15361.16015625,189900000,15310.544825394909,0.0033059131097110672,0.015142913882120856,0.024419657938319794,0.08008370237954354,0.0035356866823450517,上昇トレンド,uptrend,4.0
2014-06-20,15359.599609375,15422.0595703125,15305.4296875,15349.419921875,190000000,15370.206956321395,-0.0013524238486487539,0.014547987614668356,0.023575922389095005,0.08330485622646933,0.0033361454238529653,上昇トレンド,uptrend,4.0
2014-06-23,15419.4697265625,15442.669921875,15335.8798828125,15369.2802734375,120000000,15416.929871144739,-0.003090731948935055,0.012521911249982587,0.022196616187791784,0.0847370996900918,0.003056782585483031,上昇トレンド,uptrend,4.0
2014-06-24,15300.5,15424.5703125,15252.26953125,15376.240234375,122700000,15454.066466007742,-0.005035971069745626,0.009374038758880765,0.02008333902772419,0.08529282661229076,0.00011440987349708998,上昇トレンド,uptrend,4.0
2014-06-25,15297.240234375,15347.8798828125,15265.7099609375,15266.6103515625,108400000,15475.53059303347,-0.013500037379333474,0.006852454037306055,0.016370570835472442,0.08414319898645806,-0.005432853868179821,上昇トレンド,uptrend,4.0
2014-06-26,15320.1298828125,15345.1201171875,15278.2197265625,15308.490234375,105400000,15498.104462606085,-0.012234672226438259,0.00526528901278045,0.012250356819443864,0.08265386237942196,-0.01216930111887593,上昇トレンド,uptrend,4.0
2014-06-27,15290.75,15293.8203125,15027.3095703125,15095.0,131000000,15500.508308533972,-0.026160968431642617,0.0030051535386095285,0.008477527503882198,0.07982625567451063,-0.015098394885212807,上昇トレンド,uptrend,4.0
2014-06-30,15159.4501953125,15177.8701171875,15052.33984375,15162.099609375,102000000,15497.356353547295,-0.02163315707040292,0.0014103400450546921,0.005216763848234551,0.07530317205197834,-0.016979852339557233,上昇トレンド,uptrend,4.0
2014-07-01,15179.6396484375,15389.080078125,15145.8701171875,15326.2001953125,137500000,15492.239277616427,-0.010717565054899736,-0.0003784453127031462,0.002470082013213082,0.07067420894615051,-0.017613257014511108,上昇トレンド,uptrend,4.0
2014-07-02,15406.23046875,15444.6298828125,15354.91015625,15369.9697265625,116800000,15486.040664004066,-0.007495197769392559,-0.0009333658123934496,0.0006791412357340931,0.06436954450096222,-0.01569142959973835,上昇トレンド,uptrend,4.0
2014-07-03,15435.33984375,15435.33984375,15324.3203125,15348.2900390625,114200000,15477.36101930471,-0.00833934028425265,-0.0012902416248568027,-0.0013384503473585774,0.05720828123643518,-0.013588807166802441,下降トレンドへの転換期,transition_to_downtrend,2.0
2014-07-04,15490.3701171875,15490.3701171875,15420.0703125,15437.1298828125,108800000,15478.611480745645,-0.0026799301723378077,-0.0008796531364236859,-0.0014126522403314912,0.05165816339511031,-0.00989017974421369,下降トレンドへの転換期,transition_to_downtrend,2.0
2014-07-07,15433.490234375,15477.76953125,15379.4404296875,15379.4404296875,84000000,15473.300727646316,-0.0060659519006901474,-0.0008226722784838714,-0.0015522406113783749,0.045570411940519806,-0.006769004459612926,下降トレンドへの転換期,transition_to_downtrend,2.0
2014-07-08,15304.26953125,15389.8896484375,15225.1103515625,15314.41015625,117700000,15467.216290056727,-0.009879355854418348,-0.0006554560067009163,-0.0016151950090167455,0.04133862991092219,-0.004085277022229827,下降トレンドへの転換期,transition_to_downtrend,2.0
2014-07-09,15194.3203125,15302.650390625,15185.3203125,15302.650390625,118300000,15463.200865421742,-0.010382745215174682,-0.0009956070893744062,-0.0014748636580435015,0.037703507465514985,-0.0021540048937775946,下降トレンドへの転換期,transition_to_downtrend,2.0
2014-07-10,15318.2998046875,15326.7802734375,15215.4296875,15216.4697265625,112900000,15452.83582567053,-0.015295969087782302,-0.001322594470048677,-0.0015845849692068814,0.033940266087304716,-0.00024613462184830404,下降トレンドへの転換期,transition_to_downtrend,2.0
2014-07-11,15102.58984375,15204.009765625,15101.490234375,15164.0400390625,123600000,15437.140134382671,-0.01769110683344144,-0.0019445099305549496,-0.0026792678667955094,0.028033324274912008,-0.0012666156264640183,下降トレンドへの転換期,transition_to_downtrend,2.0
2014-07-14,15199.1796875,15324.9501953125,15179.490234375,15296.8203125,96300000,15438.540812368215,-0.009179656393088598,-0.00159475733828629,-0.002246444756030308,0.02362949751863419,-0.0006942041446519331,下降トレンドへの転換期,transition_to_downtrend,2.0
2014-07-15,15354.4296875,15441.5400390625,15346.08984375,15395.16015625,101000000,15456.540083936445,-0.003971129848796884,0.00023971381743148612,-0.0006902474188031915,0.020246616210576995,0.000924947590213554,下降トレンドへの転換期,transition_to_downtrend,2.0
2014-07-16,15369.66015625,15423.9599609375,15355.0,15379.2998046875,98200000,15465.479001617203,-0.005572358730091098,0.0018357588897839339,0.00014732630166847116,0.015710422762090337,0.0016221899597119727,上昇トレンド,uptrend,4.0
2014-07-17,15422.8701171875,15465.740234375,15347.849609375,15370.259765625,102500000,15457.247874275246,-0.005627658258299473,0.0012117117889822726,0.00028551708272117615,0.00958183072864971,0.0018701020519280576,上昇トレンド,uptrend,4.0
2014-07-18,15174.080078125,15220.5,15110.4501953125,15215.7099609375,92200000,15425.453286440239,-0.013597222824376476,-0.002011239082445937,-0.0007570604296324168,0.0035943777644531494,0.0019222074371630926,下降トレンドへの転換期,transition_to_downtrend,2.0
2014-07-22,15296.419921875,15392.01953125,15287.9296875,15343.2802734375,115400000,15408.093561166588,-0.004206444325626335,-0.0037105504746807183,-0.0019721586108212286,-0.0005731562672987023,0.00027428614520907946,下降トレンド,downtrend,1.0
2014-07-23,15367.16015625,15376.2001953125,15317.3701171875,15328.5595703125,100100000,15389.945495118605,-0.003988703197524313,-0.0043540984594450105,-0.0043085055553312435,-0.0041491325943352475,-0.003618258136528052,下降トレンド,downtrend,1.0
2014-07-24,15350.2802734375,15383.1103515625,15232.1396484375,15284.419921875,122000000,15374.293350743472,-0.005845694941428059,-0.0033165920473623434,-0.0058960767309047535,-0.006541762279580365,-0.006043403032573225,下降トレンド,downtrend,1.0
2014-07-25,15342.4599609375,15457.8701171875,15341.6904296875,15457.8701171875,119900000,15379.89075628513,0.005070215526108646,-0.0018303889945566754,-0.0050045854617405405,-0.007627623533328354,-0.005290102544461717,下降トレンド,downtrend,1.0
2014-07-28,15426.98046875,15556.6201171875,15426.98046875,15529.400390625,115600000,15401.602245705588,0.008297717528385373,0.000757426372346881,-0.0015462132808516937,-0.006380827058034666,-0.0007891528512192769,下降トレンド,downtrend,1.0
2014-07-29,15564.7900390625,15632.7001953125,15556.01953125,15618.0703125,98800000,15438.850653130878,0.011608355012669103,0.004199041927626768,0.0019961646677566502,-0.0037752052080176624,0.003968323278577879,上昇トレンドへの転換期,transition_to_uptrend,3.0
2014-07-30,15616.8896484375,15666.6201171875,15594.8896484375,15646.23046875,117500000,15467.26725248445,0.011570448311533754,0.005681216959464663,0.005024173567760082,-0.0016119054634056162,0.009332679123091325,上昇トレンドへの転換期,transition_to_uptrend,3.0
2014-07-31,15732.7802734375,15759.66015625,15618.849609375,15620.76953125,154100000,15483.253365245046,0.008881606646935936,0.005301469174236351,0.007087155943743317,-0.0001799878238405439,0.01298323267464807,上昇トレンドへの転換期,transition_to_uptrend,3.0
2014-08-01,15511.5400390625,15602.1298828125,15501.150390625,15523.1103515625,143300000,15488.867565651222,0.0022107998384088834,0.003239678499655785,0.007085668623592722,0.0007434436873419159,0.012090254085333263,上昇トレンド,uptrend,4.0
2014-08-04,15474.650390625,15535.6201171875,15440.2099609375,15474.5,123600000,15486.81582835013,-0.0007952460006391826,0.0012638674658280724,0.0055327738819059835,0.0005300441589797256,0.007078987162757677,上昇トレンド,uptrend,4.0
2014-08-05,15506.8701171875,15507.3203125,15313.83984375,15320.3095703125,131500000,15469.219828755062,-0.009626229382671214,-0.000906368717151218,0.001967061946934967,-0.0002637380971961534,-2.9102720821683192e-05,上昇トレンドへの転換期,transition_to_uptrend,3.0
2014-08-06,15260.0,15271.1396484375,15121.4296875,15159.7900390625,135500000,15442.842171851804,-0.018329018042108403,-0.002971514450900603,-0.0015791464797197952,-0.001575856815333565,-0.006603320047479877,下降トレンド,downtrend,1.0
2014-08-07,15138.7197265625,15243.0595703125,15061.990234375,15232.3701171875,143100000,15428.267082962682,-0.012697276027293425,-0.00378055412012257,-0.003551339049052138,-0.0022591559640913195,-0.010638494992795455,下降トレンド,downtrend,1.0
2014-08-08,15063.73046875,15074.3203125,14753.83984375,14778.3701171875,177200000,15375.73242398667,-0.03885098220539174,-0.006043446651046502,-0.007304287494551587,-0.004989595602625574,-0.01438995611814431,下降トレンド,downtrend,1.0
2014-08-11,15022.6396484375,15161.5400390625,14973.7099609375,15130.51953125,114600000,15365.116916591587,-0.015268180946170551,-0.00503309263898899,-0.007858226836775728,-0.004665580357767762,-0.013391000718681711,下降トレンド,downtrend,1.0
2014-08-12,15164.73046875,15235.98046875,15125.9296875,15161.3095703125,89300000,15353.891787656894,-0.012542892708102382,-0.004820716085989996,-0.00745532369278179,-0.005482967965697028,-0.009422385639716757,下降トレンド,downtrend,1.0
2014-08-13,15111.759765625,15235.900390625,15108.5302734375,15213.6298828125,96300000,15337.895673008117,-0.008101880000025208,-0.0024608096665057477,-0.006795802072948498,-0.007676000598066057,-0.005216655593228703,下降トレンド,downtrend,1.0
2014-08-14,15284.3798828125,15338.849609375,15272.900390625,15314.5703125,92700000,15329.023094140728,-0.0009428377498010843,-0.0023490756788113742,-0.0064326076472677185,-0.008823257751163438,-0.0028812685982155806,下降トレンド,downtrend,1.0
2014-08-15,15317.150390625,15328.33984375,15276.990234375,15318.33984375,88700000,15322.466709215263,-0.00026933427519093556,-0.002046717462662717,-0.00346427170443675,-0.00871960947746031,0.003840015790114837,下降トレンド,downtrend,1.0
2014-08-18,15318.5,15365.349609375,15303.3896484375,15322.599609375,77300000,15324.22718491275,-0.00010620930622540214,-0.0008911579780414014,-0.002661205371934594,-0.006562277273010286,0.005197021464841134,下降トレンド,downtrend,1.0
2014-08-19,15451.9404296875,15476.0498046875,15429.1103515625,15449.7900390625,94200000,15338.801987422268,0.00723577054656821,0.0006379332343284805,-0.0009827996994714594,-0.004497089368600271,0.006472523993310331,下降トレンド,downtrend,1.0
2014-08-20,15485.9296875,15492.8798828125,15433.7197265625,15454.4501953125,92700000,15348.154368513087,0.006925642279014266,0.0016764702306304446,0.0006688463478743412,-0.0027154824309659764,0.007464648420822839,上昇トレンドへの転換期,transition_to_uptrend,3.0
2014-08-21,15530.98046875,15601.990234375,15525.7802734375,15586.2001953125,117700000,15372.455272048153,0.013904410159709446,0.003147179074902029,0.0028333297980369654,-0.00011955532871565921,0.009265937445304684,上昇トレンドへの転換期,transition_to_uptrend,3.0
2014-08-22,15618.0498046875,15628.7802734375,15524.4296875,15539.1904296875,102300000,15385.464513821064,0.00999163305913453,0.003042123266018937,0.004111466241131456,0.00036240553488053884,0.007575737945568206,上昇トレンド,uptrend,4.0
2014-08-25,15609.4296875,15628.6103515625,15553.509765625,15613.25,81900000,15394.06075404526,0.014238559237668369,0.002991003636655609,0.004557069553319026,-0.0004896563058840453,0.0072182749252536205,上昇トレンドへの転換期,transition_to_uptrend,3.0
2014-08-26,15609.6396484375,15613.33984375,15519.419921875,15521.2197265625,86400000,15387.055494254488,0.008719292158146041,0.0009497651447314404,0.0031458458666973055,-0.0033548584697195016,0.004128645566168765,上昇トレンドへの転換期,transition_to_uptrend,3.0
2014-08-27,15556.5595703125,15588.2197265625,15465.990234375,15534.8203125,102200000,15377.06763598407,0.010258957055425233,-0.0005457669366725204,0.0018838269916219286,-0.005831645307989963,0.0012149806437475874,上昇トレンドへの転換期,transition_to_uptrend,3.0
2014-08-28,15482.26953125,15487.990234375,15423.900390625,15459.8603515625,99300000,15360.812196337063,0.006448106646929519,-0.0021598302253977852,-0.0007573985745960021,-0.00790797424931533,-0.0035907283726329675,下降トレンド,downtrend,1.0
2014-08-29,15423.8798828125,15447.8095703125,15356.0,15424.58984375,111000000,15348.037444075351,0.004987764719338816,-0.002535771070280801,-0.0024326252686157623,-0.009092344613248704,-0.0065440915097472185,下降トレンド,downtrend,1.0
2014-09-01,15454.58984375,15478.76953125,15440.990234375,15476.599609375,74800000,15347.829995726854,0.008390086004601116,-0.0019013794404335593,-0.0030031555063375626,-0.008974461513828413,-0.007560225059656589,下降トレンド,downtrend,1.0
2014-09-02,15526.9404296875,15737.3603515625,15516.5,15668.599609375,122600000,15375.69570621398,0.019049798380351923,0.00096892727329001,-0.0007382691278879916,-0.0060458202531477045,-0.003884114994585297,下降トレンド,downtrend,1.0
2014-09-03,15797.7900390625,15829.3798828125,15723.5400390625,15728.349609375,137800000,15423.40297428835,0.019771683045240573,0.004910434346255155,0.003013275313678676,-0.0012587836712393274,0.0011294483220567475,上昇トレンドへの転換期,transition_to_uptrend,3.0
2014-09-04,15701.6103515625,15732.759765625,15663.58984375,15676.1796875,110900000,15468.683967947149,0.013413921958894903,0.007874336127905002,0.0070225304646200915,0.002619664591436699,0.007779929039216094,上昇トレンド,uptrend,4.0
2014-09-05,15792.6396484375,15792.6396484375,15641.3701171875,15668.6796875,109600000,15530.267747141595,0.008912398846689484,0.0100530111860333,0.011873199015199676,0.010050599145042582,0.014305824283815438,上昇トレンド,uptrend,4.0
2014-09-08,15718.1298828125,15730.330078125,15656.400390625,15705.1103515625,95600000,15597.142913793385,0.006922257388154884,0.011264695592449137,0.01624418032620545,0.015100828614668771,0.01924733583254301,上昇トレンド,uptrend,4.0
2014-09-09,15795.8203125,15795.8203125,15736.1298828125,15749.150390625,106100000,15648.481924647613,0.00643311386127654,0.011623351868395915,0.01774139028540911,0.019186675343611626,0.0184796594132971,上昇トレンド,uptrend,4.0
2014-09-10,15688.5498046875,15795.599609375,15664.7900390625,15788.7802734375,109700000,15697.919791993701,0.005788058714004896,0.010795180584247444,0.017798719138894636,0.023472849643850546,0.01478544382521596,上昇トレンド,uptrend,4.0
2014-09-11,15880.91015625,15925.509765625,15854.2998046875,15909.2001953125,130300000,15749.865278121984,0.010116589213740479,0.00979168846324674,0.018177455222271988,0.027453946764690818,0.011154924757651896,上昇トレンド,uptrend,4.0
2014-09-12,15885.0400390625,15984.900390625,15885.0400390625,15948.2900390625,183400000,15798.968694044117,0.009451334951671608,0.009616700848117166,0.017301758815586155,0.03109825551405998,0.005428559800386479,上昇トレンド,uptrend,4.0
2014-09-16,15896.0595703125,15938.3095703125,15871.1201171875,15911.5302734375,121300000,15842.38688771991,0.004364455066501849,0.009202945208057978,0.015723647291174148,0.033813104997379995,-0.0005205330350313009,上昇トレンド,uptrend,4.0
2014-09-17,15948.150390625,15969.41015625,15888.669921875,15888.669921875,114700000,15876.040960564203,0.0007954729609331856,0.008011222966934683,0.01454192406729038,0.035024832681357365,-0.0031994662181187294,上昇トレンド,uptrend,4.0
2014-09-18,16036.4697265625,16106.1103515625,16003.4599609375,16067.5703125,143100000,15920.030349603358,0.009267567941559696,0.0076626302579407835,0.014149043984983178,0.037260244284712085,-0.003649675153911458,上昇トレンド,uptrend,4.0
2014-09-19,16177.9404296875,16364.080078125,16170.8603515625,16321.169921875,171300000,15981.149501950415,0.021276343099292605,0.008758946187462868,0.014684838234756636,0.03959642224551163,-0.003492616987515351,上昇トレンド,uptrend,4.0
2014-09-22,16281.3603515625,16299.1298828125,16170.1103515625,16205.900390625,129100000,16025.73813837663,0.011242056415294632,0.009429125194642118,0.014353433361634638,0.041615488695865954,-0.002948325453951517,上昇トレンド,uptrend,4.0
2014-09-24,16105.5595703125,16203.9404296875,16094.58984375,16167.4501953125,133300000,16063.734181694728,0.0064565319896765505,0.009026605410645594,0.013971839947072295,0.043502064747502844,-0.0017518073441018522,上昇トレンド,uptrend,4.0
2014-09-25,16327.1904296875,16374.1396484375,16303.91015625,16374.1396484375,148700000,16121.753367358855,0.01565501439748118,0.008798107131860577,0.015476932026378343,0.04774778861223328,0.0009350079590879634,上昇トレンド,uptrend,4.0
2014-09-26,16087.9501953125,16251.669921875,16087.9501953125,16229.8603515625,127400000,16166.834027414308,0.0038984951562759385,0.008804330123165949,0.015502714026992992,0.05136001285330205,0.0013536700420098136,上昇トレンド,uptrend,4.0
2014-09-29,16339.0302734375,16344.3203125,16262.0,16310.6396484375,107900000,16220.736062764778,0.0055425096200842905,0.009773685202594917,0.014991822758752216,0.0559816665574997,0.0003069845239955793,上昇トレンド,uptrend,4.0
2014-09-30,16252.7197265625,16252.7197265625,16058.7197265625,16173.51953125,152500000,16263.672575904833,-0.005543215668790458,0.00880296363007993,0.014847018931279266,0.059658124705900706,0.0004935855696446279,上昇トレンド,uptrend,4.0
2014-10-01,16173.3896484375,16225.9599609375,16081.009765625,16082.25,137100000,16294.539713632985,-0.013028273112579591,0.00789923902244083,0.014368112004820688,0.06168362030135288,0.00039627205774839247,上昇トレンド,uptrend,4.0
2014-10-02,15895.2001953125,15922.509765625,15646.400390625,15661.990234375,175400000,16270.742653264437,-0.03741392952136091,0.0030828804751006356,0.009241506336850058,0.05821180154396055,-0.0062354256895282845,上昇トレンド,uptrend,4.0
2014-10-03,15616.48046875,15708.650390625,15559.0703125,15708.650390625,139700000,16240.748870169065,-0.032763173902739307,-0.0014095036424756069,0.004572004798800933,0.05299387542705558,-0.01093070922819206,上昇トレンド,uptrend,4.0
2014-10-06,15882.2802734375,15970.650390625,15808.2197265625,15890.9501953125,127600000,16229.953304965888,-0.020887497535169275,-0.003963684142182955,0.0005682382208453962,0.049213581361942316,-0.01442358453790682,上昇トレンド,uptrend,4.0
2014-10-07,15841.169921875,15913.51953125,15755.5703125,15783.830078125,134800000,16212.160133592979,-0.026420295132691285,-0.0036004822225925714,-0.0031673314911769834,0.043907316831474974,-0.01801435042245625,下降トレンドへの転換期,transition_to_downtrend,2.0
2014-10-08,15574.599609375,15643.6298828125,15520.8095703125,15595.98046875,150200000,16176.69710792685,-0.03589834409969195,-0.00394389216619595,-0.007232030347413931,0.037157715187756235,-0.02160014235223462,下降トレンドへの転換期,transition_to_downtrend,2.0
2014-10-09,15681.5302734375,15732.3203125,15461.08984375,15478.9296875,141000000,16128.022431522917,-0.04024626991801783,-0.00628041692589365,-0.0087715862012534,0.030644538504402075,-0.01801309253810346,下降トレンドへの転換期,transition_to_downtrend,2.0
2014-10-10,15292.8798828125,15345.7802734375,15221.830078125,15300.5498046875,186100000,16060.640646223126,-0.047326308973507314,-0.009346039400134676,-0.011089896493428397,0.023106300645925115,-0.01566190129222933,下降トレンドへの転換期,transition_to_downtrend,2.0
2014-10-14,15036.8701171875,15089.900390625,14919.7099609375,14936.509765625,186200000,15953.963609611481,-0.06377436158708016,-0.01376878709104501,-0.01700495929769319,0.01295873506759504,-0.017573197518538586,下降トレンドへの転換期,transition_to_downtrend,2.0
2014-10-15,15009.75,15084.6103515625,14916.650390625,15073.51953125,152600000,15857.463662769185,-0.0494369180463432,-0.01677569397627532,-0.021878421376361312,0.0037024548790403067,-0.01871108988518433,下降トレンドへの転換期,transition_to_downtrend,2.0
2014-10-16,14805.16015625,14807.080078125,14672.5498046875,14738.3798828125,198900000,15733.421165216914,-0.06324379624466092,-0.020373999282722433,-0.027402129109082685,-0.006878112703298411,-0.020170098761668753,下降トレンド,downtrend,1.0
2014-10-17,14796.3203125,14830.669921875,14529.0302734375,14532.509765625,178600000,15597.908044531987,-0.06830392100436022,-0.022317686926713765,-0.03286914990611611,-0.017519034923322074,-0.024097563704862712,下降トレンド,downtrend,1.0
2014-10-20,14822.83984375,15111.23046875,14819.6904296875,15111.23046875,162000000,15513.925893793628,-0.025957029046060343,-0.021664105703242398,-0.034040656563601335,-0.02550902522744547,-0.022950760070172938,下降トレンド,downtrend,1.0
2014-10-21,15115.2900390625,15115.2900390625,14761.83984375,14804.2802734375,143000000,15385.250429709333,-0.0377615014410142,-0.02212937236291046,-0.03564714034821581,-0.037287622656202224,-0.01864218105052262,下降トレンド,downtrend,1.0
2014-10-22,15038.1904296875,15195.7802734375,15001.4296875,15195.76953125,137400000,15291.616098042217,-0.006267916103680382,-0.0196367324140716,-0.035683358748946015,-0.0458089377222769,-0.013804937372584702,下降トレンド,downtrend,1.0
2014-10-23,15093.7802734375,15232.509765625,15059.6396484375,15138.9599609375,119600000,15203.651667750777,-0.004255011113579843,-0.019999723356096233,-0.03367160212029019,-0.05354187913069741,-0.006269473011207505,下降トレンド,downtrend,1.0
2014-10-24,15354.349609375,15377.0498046875,15232.0,15291.6396484375,121800000,15125.16253313309,0.011006633147890188,-0.016905015473391627,-0.030308263778014877,-0.061816528979008356,0.0025608861281012363,下降トレンド,downtrend,1.0
2014-10-27,15404.2802734375,15424.0498046875,15333.7099609375,15388.7197265625,121000000,15056.671756693597,0.02205321170804475,-0.01536425841731015,-0.029473786340758368,-0.06866912030136485,0.004566870222842967,下降トレンド,downtrend,1.0
2014-10-28,15363.2802734375,15374.4599609375,15263.3603515625,15329.91015625,122300000,14988.860823325254,0.0227535192263586,-0.014127582578146392,-0.02576426091957784,-0.07594447222819511,0.00988287942863797,下降トレンド,downtrend,1.0
2014-10-29,15442.3896484375,15595.2900390625,15394.7900390625,15553.91015625,148800000,14947.696515239391,0.040555656210478075,-0.011733164354759351,-0.022490728291750584,-0.08091506112924973,0.013192630457195431,下降トレンド,downtrend,1.0
2014-10-30,15596.5,15701.0400390625,15584.830078125,15658.2001953125,184100000,14929.483739113377,0.04881055962370473,-0.008447286334954951,-0.01803303144723789,-0.08377382844251324,0.0156385706730523,下降トレンド,downtrend,1.0
2014-10-31,15817.1396484375,16533.91015625,15817.1396484375,16413.759765625,268500000,15006.652688734119,0.09376555225718208,0.0011870058451124432,-0.007835277415324637,-0.07769098138103125,0.02247298636269024,下降トレンド,downtrend,1.0
2014-11-04,16732.849609375,17127.66015625,16720.990234375,16862.470703125,335600000,15142.450992227225,0.11358925393126107,0.013029062825116844,0.005697091423640499,-0.06762606125627557,0.03517087776439887,上昇トレンドへの転換期,transition_to_uptrend,3.0
2014-11-05,16785.439453125,16995.01953125,16778.279296875,16937.3203125,232200000,15273.55563264939,0.10893106489847582,0.02304646962671497,0.018993758944048755,-0.058927937397322494,0.0447580198636266,上昇トレンドへの転換期,transition_to_uptrend,3.0
2014-11-06,16993.4609375,17045.939453125,16725.44921875,16792.48046875,199000000,15387.326528536149,0.0913189134972836,0.025367005400732223,0.029411221511524976,-0.0508774647092034,0.05190194980327556,上昇トレンドへの転換期,transition_to_uptrend,3.0
2014-11-07,16934.0390625,16938.19921875,16824.080078125,16880.380859375,153300000,15523.195978544662,0.08742947539322232,0.025144211231912017,0.039767767580323854,-0.040397685944305706,0.057800799027561744,上昇トレンドへの転換期,transition_to_uptrend,3.0
2014-11-10,16758.26953125,16818.05078125,16713.369140625,16780.529296875,125600000,15662.763046199085,0.07136456367110555,0.02548243663169747,0.043721299551199966,-0.028847888034584046,0.0515565769665246,上昇トレンドへの転換期,transition_to_uptrend,3.0
2014-11-11,16869.490234375,17160.119140625,16855.30078125,17124.109375,154000000,15847.869566659974,0.08053068603144742,0.029930023079040913,0.04658549496345388,-0.013247982085520804,0.04088840353981338,上昇トレンドへの転換期,transition_to_uptrend,3.0
2014-11-12,17253.119140625,17443.740234375,17170.0,17197.05078125,193300000,16063.201211453938,0.07058677500643928,0.034786988043933986,0.05170018021976297,0.006847050959590151,0.032706421275714215,上昇トレンド,uptrend,4.0
2014-11-13,17192.0,17400.76953125,17099.94921875,17392.7890625,159800000,16303.112965054142,0.06683852953614355,0.040883585927098176,0.059515630270121855,0.028103441493690484,0.03010440875859688,上昇トレンド,uptrend,4.0
2014-11-14,17520.5390625,17520.5390625,17300.189453125,17490.830078125,196000000,16556.178213061856,0.05645335856108136,0.04469425012759998,0.06654443040884939,0.052293588228850885,0.026776662828525533,上昇トレンド,uptrend,4.0
2014-11-17,17381.380859375,17409.3203125,16907.4296875,16973.80078125,192800000,16774.067224774146,0.01190728246163597,0.04425431792595136,0.07095198818351167,0.07540493102563683,0.027230688632311706,上昇トレンド,uptrend,4.0
2014-11-18,17188.83984375,17356.759765625,17186.5,17344.060546875,158100000,17001.502106209915,0.020148716185492965,0.04283777844469183,0.07279417177794678,0.09588651013289895,0.026208676814492904,上昇トレンド,uptrend,4.0
2014-11-19,17384.310546875,17472.5703125,17280.759765625,17288.75,170100000,17200.42837843038,0.005134850111080835,0.03891297599468024,0.07079704425077726,0.11798169662652302,0.019096864031014293,上昇トレンド,uptrend,4.0
2014-11-20,17407.689453125,17407.689453125,17270.69921875,17300.859375,144000000,17384.74341246989,-0.00482515246153814,0.03640596997213752,0.06634502562389333,0.13688071300035154,0.0068293953537714724,上昇トレンド,uptrend,4.0
2014-11-21,17285.720703125,17381.58984375,17108.19921875,17357.509765625,156300000,17548.693983260633,-0.010894498349449777,0.03218491364071019,0.05994836232287848,0.1542420443954291,-0.0065960680859709075,上昇トレンド,uptrend,4.0
2014-11-25,17490.390625,17490.390625,17372.7109375,17407.619140625,170600000,17703.10198194332,-0.01669102068212136,0.02922448164973024,0.055385181466129696,0.17044044605557196,-0.015566806717381976,上昇トレンド,uptrend,4.0
2014-11-26,17347.970703125,17432.5703125,17335.990234375,17383.580078125,136500000,17832.614656501974,-0.02518052383379743,0.02576231546281149,0.04888465413820642,0.18436630250468888,-0.023909517639740363,上昇トレンド,uptrend,4.0
2014-11-27,17310.490234375,17346.849609375,17212.48046875,17248.5,129100000,17936.836829836484,-0.03837559745715535,0.022118047471002322,0.042813378551058046,0.1966777890100675,-0.027983665699719218,上昇トレンド,uptrend,4.0
2014-11-28,17340.16015625,17471.900390625,17330.83984375,17459.849609375,149100000,18046.7328959363,-0.03252019575761844,0.019410774131193076,0.03807876065582727,0.20732534792483892,-0.028266264968066057,上昇トレンド,uptrend,4.0
2014-12-01,17475.099609375,17649.01953125,17474.26953125,17590.099609375,125900000,18146.96544838697,-0.03068644400055709,0.01762785760473884,0.034092079199570025,0.21551192027117416,-0.025856283123308454,上昇トレンド,uptrend,4.0
2014-12-02,17481.060546875,17687.69921875,17476.419921875,17663.220703125,125200000,18207.257079362716,-0.029880194137224647,0.015076250739841202,0.028478347915163127,0.21327903410674476,-0.02690683355096657,上昇トレンド,uptrend,4.0
2014-12-03,17772.150390625,17881.759765625,17696.359375,17720.4296875,158700000,18215.175142941484,-0.027161169275564223,0.009333669865702499,0.02145285443601641,0.20292118840546491,-0.027431799702190007,上昇トレンド,uptrend,4.0
2014-12-04,17881.91015625,17912.58984375,17813.009765625,17887.2109375,142200000,18217.164344980065,-0.01811222653711131,0.003868354562791776,0.015628592588704304,0.19272583170079227,-0.02718478596235374,上昇トレンド,uptrend,4.0
2014-12-05,17821.849609375,17922.2890625,17759.359375,17920.44921875,128900000,18226.560828825437,-0.016794809122262944,0.0010602228209652953,0.009964569982061855,0.18451771300387132,-0.028114190673765416,上昇トレンド,uptrend,4.0
2014-12-08,18004.66015625,18030.830078125,17869.740234375,17935.640625,134700000,18240.156644713294,-0.016694813846434453,0.001371466460013293,0.005135359770831904,0.17502585613966803,-0.02895671942873812,上昇トレンド,uptrend,4.0
2014-12-09,17820.240234375,17892.16015625,17773.30078125,17813.380859375,140400000,18242.320339071808,-0.023513427662932518,0.0013808951610339015,0.0019257848426184054,0.16469362942311183,-0.02655256307254472,上昇トレンド,uptrend,4.0
2014-12-10,17623.349609375,17658.140625,17308.8203125,17412.580078125,169600000,18192.911109740802,-0.04289203783324147,-0.0018461913578022848,-0.001222279392098402,0.14797203707520534,-0.022675133828114813,下降トレンドへの転換期,transition_to_downtrend,2.0
2014-12-11,17180.490234375,17289.73046875,17043.630859375,17257.400390625,151400000,18113.33907769808,-0.04725460520567126,-0.006952657780599059,-0.005699310019706472,0.12762947056793905,-0.021327902608410776,下降トレンドへの転換期,transition_to_downtrend,2.0
2014-12-12,17317.689453125,17526.189453125,17298.189453125,17371.580078125,214500000,18039.563893534392,-0.03702882283361664,-0.011114619290132022,-0.010259584188548998,0.10651039051267985,-0.020224154170610853,下降トレンドへの転換期,transition_to_downtrend,2.0
2014-12-15,17111.490234375,17258.3203125,17037.2109375,17099.400390625,146400000,17931.64445788893,-0.046412032606289455,-0.01436090410577473,-0.01691390007408633,0.08307872910802039,-0.022049259844918234,下降トレンドへの転換期,transition_to_downtrend,2.0
2014-12-16,16862.419921875,16895.390625,16714.830078125,16755.3203125,160300000,17817.626212199397,-0.05962106775884968,-0.016325695899039316,-0.023280707661009092,0.0622126389170532,-0.025206492503627498,下降トレンドへの転換期,transition_to_downtrend,2.0
2014-12-17,16689.33984375,16891.01953125,16672.939453125,16819.73046875,161300000,17724.32506991821,-0.05103689971831371,-0.01747485834339757,-0.025756517854457206,0.04251524125296435,-0.024534238462358804,下降トレンドへの転換期,transition_to_downtrend,2.0
2014-12-18,17142.94921875,17274.23046875,17136.41015625,17210.05078125,186300000,17662.205012160233,-0.025600100927315128,-0.015025919477795524,-0.024906179009992924,0.0268468100660173,-0.019206868990286452,下降トレンドへの転換期,transition_to_downtrend,2.0
2014-12-19,17511.009765625,17621.400390625,17471.599609375,17621.400390625,175800000,17648.328898445536,-0.001525838960475645,-0.009501676134498038,-0.021687608270235414,0.015161885322194646,-0.011428024081686416,下降トレンドへの転換期,transition_to_downtrend,2.0
2014-12-22,17685.529296875,17692.580078125,17572.619140625,17635.140625,128500000,17636.587389473458,-8.203199641221293e-05,-0.0049501281486684645,-0.016454545990379876,0.005008544014538208,0.0004593540837064536,下降トレンドへの転換期,transition_to_downtrend,2.0
2014-12-24,17842.0390625,17875.41015625,17800.419921875,17854.23046875,126400000,17645.449357354788,0.011832008761408552,-0.0009486728748708817,-0.009663288071826481,-0.0032566396921475116,0.013617419589182611,下降トレンド,downtrend,1.0
2014-12-25,17804.83984375,17832.470703125,17773.58984375,17808.75,86400000,17652.269981319198,0.008864583356497535,0.00022331195754232702,-0.004065321997580806,-0.010113193082261773,0.0216911958568764,下降トレンド,downtrend,1.0
2014-12-26,17778.91015625,17843.73046875,17769.009765625,17818.9609375,86500000,17670.917792987195,0.008377784688215595,0.0019465445755242339,0.0004933008546192941,-0.014825302776181437,0.025399479864612218,上昇トレンドへの転換期,transition_to_uptrend,3.0
2014-12-29,17914.55078125,17914.55078125,17525.66015625,17729.83984375,115200000,17680.300791816517,0.0028019349057915033,0.0019750947542291897,0.0018116102411145363,-0.020304622794206417,0.02349921851134995,上昇トレンドへの転換期,transition_to_uptrend,3.0
2014-12-30,17702.119140625,17713.759765625,17450.76953125,17450.76953125,98300000,17650.40890127689,-0.011310750427569238,-0.00010543006900975982,0.0007836840256114641,-0.027363062354550216,0.01723823001599134,上昇トレンドへの転換期,transition_to_uptrend,3.0
2015-01-05,17325.6796875,17540.919921875,17219.220703125,17408.7109375,116500000,17611.761851041043,-0.011529278856847625,-0.0033476440012429887,-0.0019091328099107852,-0.032706476638737936,0.007754155261915696,下降トレンド,downtrend,1.0
2015-01-06,17101.580078125,17111.359375,16881.73046875,16883.189453125,166000000,17520.340378666224,-0.036366355434341635,-0.009047380756346146,-0.007473803810648216,-0.03814592826160734,-0.00340848181306741,下降トレンド,downtrend,1.0
2015-01-07,16808.259765625,16974.609375,16808.259765625,16885.330078125,138600000,17423.02311741794,-0.030861064447271658,-0.012882748786771758,-0.014028398438231338,-0.043593020984133535,-0.014521699292850632,下降トレンド,downtrend,1.0
2015-01-08,17067.400390625,17243.7109375,17016.08984375,17167.099609375,140600000,17347.852809960335,-0.010419341377023605,-0.014984817720840815,-0.01880329898064048,-0.04821030292645323,-0.020614909221755018,下降トレンド,downtrend,1.0
2015-01-09,17318.740234375,17342.650390625,17129.529296875,17197.73046875,155200000,17277.70782334392,-0.00462893315546542,-0.013848621092872548,-0.02111571918914612,-0.05276538135698128,-0.021899403214757585,下降トレンド,downtrend,1.0
2015-01-13,16970.880859375,17087.7109375,16828.26953125,17087.7109375,149200000,17206.43902128564,-0.006900212393672334,-0.012430913663644128,-0.023014326061389645,-0.0567845152662676,-0.02110519325147886,下降トレンド,downtrend,1.0
2015-01-14,16961.8203125,17036.720703125,16770.560546875,16795.9609375,148500000,17136.66163479642,-0.01988139256975341,-0.012173908637422848,-0.021899046227263574,-0.058058299112935696,-0.014425242416615358,下降トレンド,downtrend,1.0
2015-01-15,16872.94921875,17141.98046875,16856.220703125,17108.69921875,147700000,17124.505011975867,-0.0009229927063476584,-0.008867079645892728,-0.01713354240709475,-0.054591484291248604,-0.003105143968863411,下降トレンド,downtrend,1.0
2015-01-16,16812.9609375,16864.33984375,16592.5703125,16864.16015625,171100000,17091.921135869623,-0.013325651213170975,-0.0066555250202758875,-0.014752930918561225,-0.052531356259915785,0.004050368062079257,下降トレンド,downtrend,1.0
2015-01-19,17000.779296875,17039.80078125,16911.580078125,17014.2890625,128000000,17081.942261988585,-0.003960509785771227,-0.0031931174212325164,-0.011330528525944739,-0.04738562589146833,0.009785190663201382,下降トレンド,downtrend,1.0
2015-01-20,17071.650390625,17366.30078125,17066.76953125,17366.30078125,133000000,17133.326208001727,0.013597743393192863,0.0005151212265517291,-0.004249154237751851,-0.03840578964043717,0.018765171823637794,下降トレンド,downtrend,1.0
2015-01-21,17308.720703125,17329.029296875,17181.55078125,17280.48046875,136000000,17188.163341053038,0.005370971049388773,0.005630859422902201,0.0030053523465762844,-0.030250050523793925,0.02490439857383986,上昇トレンドへの転換期,transition_to_uptrend,3.0
2015-01-22,17306.640625,17355.740234375,17229.2109375,17329.01953125,121900000,17223.79765394404,0.0061090985519018925,0.00830440647672237,0.005798278075701102,-0.024821779495502128,0.02293182048279585,上昇トレンドへの転換期,transition_to_uptrend,3.0
2015-01-23,17520.630859375,17532.060546875,17460.759765625,17511.75,132500000,17238.184918411935,0.01586971498930101,0.006120160740372471,0.008557480541807383,-0.02323981961089394,0.023310411460368607,上昇トレンドへの転換期,transition_to_uptrend,3.0
2015-01-26,17285.7109375,17471.939453125,17285.7109375,17468.51953125,111600000,17229.299332414335,0.013884499550461005,0.0023932744031496256,0.008626482174316719,-0.02309335973365323,0.019957010700261457,上昇トレンドへの転換期,transition_to_uptrend,3.0
2015-01-27,17649.400390625,17768.41015625,17633.470703125,17768.30078125,139700000,17238.638551258187,0.030725293555920352,0.0008616507005207996,0.0061466373766512206,-0.02305471500656564,0.010395791614403072,上昇トレンドへの転換期,transition_to_uptrend,3.0
2015-01-28,17615.9296875,17850.58984375,17615.9296875,17795.73046875,141900000,17243.54462503554,0.032022757253328926,0.00031092058989812266,0.0032220594419316573,-0.023154266092473952,0.00021670709535537291,上昇トレンドへの転換期,transition_to_uptrend,3.0
2015-01-29,17666.91015625,17778.830078125,17575.099609375,17606.220703125,140000000,17233.208761274447,0.021644949992642326,0.0002269058529127399,0.0005464014103913062,-0.02477002252177618,-0.005251876665309796,上昇トレンドへの転換期,transition_to_uptrend,3.0
2015-01-30,17788.740234375,17808.470703125,17661.099609375,17674.390625,173500000,17234.924753984826,0.025498566270999667,-0.00021543448818883704,-0.00018912457677766614,-0.025190523796848385,-0.008746605118585049,下降トレンド,downtrend,1.0
2015-02-02,17536.609375,17628.400390625,17459.44921875,17558.0390625,136000000,17244.107607255544,0.018205143600029894,3.264886844589476e-05,0.0008594821272476239,-0.02301937004937893,-0.007767000047069095,上昇トレンドへの転換期,transition_to_uptrend,3.0
2015-02-03,17654.599609375,17654.599609375,17271.869140625,17335.849609375,169600000,17247.110204798595,0.0051451752509654725,0.0008066659968390955,0.000491434025675419,-0.020705006649910707,-0.0056552033509758015,上昇トレンドへの転換期,transition_to_uptrend,3.0
2015-02-04,17549.30078125,17743.109375,17535.0390625,17678.740234375,187000000,17309.5854055768,0.021326612980531845,0.004331939515704208,0.003829884282920304,-0.012029159738588868,0.0006078248409886466,上昇トレンドへの転換期,transition_to_uptrend,3.0
2015-02-05,17589.2109375,17619.33984375,17484.669921875,17504.619140625,185000000,17376.894404066203,0.007350262572172195,0.007700415691838325,0.008337718458714338,-0.0026475722979223404,0.007791317048323032,上昇トレンドへの転換期,transition_to_uptrend,3.0
2015-02-06,17696.1796875,17700.669921875,17603.0703125,17648.5,142500000,17440.49357083771,0.011926636612515251,0.011212508283579448,0.011927456591033447,0.005340186009889614,0.012116581167811113,上昇トレンド,uptrend,4.0
2015-02-09,17790.310546875,17799.490234375,17653.609375,17711.9296875,129500000,17492.226902629016,0.0125600237233352,0.010551465721031938,0.014388642255344974,0.012415945533889472,0.01352916012809735,上昇トレンド,uptrend,4.0
2015-02-10,17662.669921875,17673.26953125,17550.029296875,17652.6796875,123900000,17539.03452702547,0.00647955623209584,0.009330788297897685,0.016925984629335478,0.019329711704344055,0.01643455060366006,上昇トレンド,uptrend,4.0
2015-02-12,17899.400390625,18005.44921875,17884.33984375,17979.720703125,181200000,17633.597940572265,0.01962859557755703,0.011072184909803662,0.018718676814239332,0.02899843133780533,0.014888792531319028,上昇トレンド,uptrend,4.0
2015-02-13,17892.099609375,17962.109375,17864.55078125,17913.359375,162000000,17716.448761274798,0.011114564570954943,0.012818371262499628,0.01954056630102663,0.034567057493630315,0.011202847842312291,上昇トレンド,uptrend,4.0
2015-02-16,18024.009765625,18074.259765625,17978.900390625,18004.76953125,152600000,17802.576808297046,0.01135749757634641,0.015026042674440854,0.02076106596345295,0.041578454919033,0.008833609372419504,上昇トレンド,uptrend,4.0
2015-02-17,17949.69921875,18009.44921875,17901.259765625,17987.08984375,142100000,17887.43538255399,0.0055711989485762725,0.014395102056721232,0.022593377168322437,0.04715465654967255,0.008204734912977463,上昇トレンド,uptrend,4.0
2015-02-18,18103.98046875,18202.609375,18092.3203125,18199.169921875,171600000,17966.38683035855,0.012956589085742376,0.014107684471736492,0.024365782658936297,0.04862223553344602,0.007439798029600819,上昇トレンド,uptrend,4.0
2015-02-19,18237.349609375,18322.5,18237.349609375,18264.7890625,174100000,18038.404010405553,0.012550170844596753,0.01324680155282909,0.022956521476646063,0.04946663890037395,0.004237844662406731,上昇トレンド,uptrend,4.0
2015-02-20,18336.5,18360.919921875,18297.669921875,18332.30078125,146300000,18117.539303144436,0.011853788448428437,0.012863997307007491,0.02263944356311165,0.051889929686659064,0.0030988772620850202,上昇トレンド,uptrend,4.0
2015-02-23,18499.580078125,18509.080078125,18402.01953125,18466.919921875,157500000,18196.601223383586,0.01485544993666399,0.012813616627469715,0.022132999021967414,0.055598446675669155,0.001371933058514463,上昇トレンド,uptrend,4.0
2015-02-24,18468.390625,18603.48046875,18427.98046875,18603.48046875,145200000,18279.751336222344,0.01770971205096039,0.013379638557688756,0.02193248754100252,0.06096893341633103,-0.0006608896273199161,上昇トレンド,uptrend,4.0
2015-02-25,18636.33984375,18648.76953125,18552.810546875,18585.19921875,139100000,18345.36439415259,0.013073320291956403,0.012574836306198378,0.021093699438423874,0.06420030442680336,-0.003272083220512423,上昇トレンド,uptrend,4.0
2015-02-26,18587.869140625,18790.830078125,18587.130859375,18785.7890625,155500000,18412.886146240733,0.020252279479575197,0.011886006633986534,0.020760269900771622,0.06781329167713279,-0.0021962515758744416,上昇トレンド,uptrend,4.0
2015-02-27,18844.279296875,18865.390625,18714.640625,18797.939453125,174700000,18486.767993617308,0.01683211795675299,0.011324916492969406,0.020379626851908528,0.07274090679849432,-0.002259816711203122,上昇トレンド,uptrend,4.0
2015-03-02,18869.400390625,18939.169921875,18775.23046875,18826.880859375,134800000,18565.70019498602,0.014067913498867934,0.012010434685268967,0.02028395122096338,0.07721388169643806,-0.0018490478010040334,上昇トレンド,uptrend,4.0
2015-03-03,18910.51953125,18910.51953125,18730.5703125,18815.16015625,154800000,18642.50393500234,0.009261428714170128,0.0124704941386109,0.0198445040147337,0.08109415457129332,-0.0020879835262688218,上昇トレンド,uptrend,4.0
2015-03-04,18716.779296875,18732.66015625,18586.83984375,18703.599609375,143300000,18721.078602413483,-0.0009336530981836066,0.012674503670791593,0.02048006243913303,0.0854617602666441,-0.0006136369992908453,上昇トレンド,uptrend,4.0
2015-03-05,18658.16015625,18767.5,18655.359375,18751.83984375,121900000,18794.861514145774,-0.002289012364544152,0.012343262939344513,0.02074500243314792,0.08580656750394766,-1.5267467623703013e-05,上昇トレンド,uptrend,4.0
2015-03-06,18814.849609375,18979.640625,18808.30078125,18971.0,147100000,18881.6060419292,0.004734446734683928,0.012825643366390027,0.021357873287976226,0.08659266741650318,0.000978246436067698,上昇トレンド,uptrend,4.0
2015-03-09,18872.9609375,18878.150390625,18733.869140625,18790.55078125,118000000,18949.07539152466,-0.00836582297548738,0.012178613954528572,0.020649649219380173,0.0864988031766174,0.00036569799841679185,上昇トレンド,uptrend,4.0
2015-03-10,18891.009765625,18924.380859375,18577.060546875,18665.109375,148300000,18992.03287988366,-0.017213718349757934,0.01049070596181223,0.018749034255267638,0.08574128300549488,-0.0010954697594660612,上昇トレンド,uptrend,4.0
2015-03-11,18604.869140625,18836.9296875,18583.51953125,18723.51953125,130000000,19039.347797417315,-0.016588187238753882,0.008354255201481697,0.017000580028695644,0.08554138302653147,-0.0034794824104373845,上昇トレンド,uptrend,4.0
2015-03-12,18787.099609375,19008.130859375,18774.419921875,18991.109375,149700000,19099.45185240579,-0.005672543811362951,0.007935820496465462,0.016206043233187417,0.08312846401362117,-0.004538959199960502,上昇トレンド,uptrend,4.0
2015-03-13,19119.580078125,19335.80078125,19042.25,19254.25,227800000,19173.790411795137,0.004196331892486249,0.009570198886081016,0.015474550693256761,0.0822592422532129,-0.0058833225947194645,上昇トレンド,uptrend,4.0
2015-03-16,19245.380859375,19349.19921875,19226.7109375,19246.060546875,129000000,19244.388769905316,8.687087907399693e-05,0.010769327535253836,0.015584579842494062,0.08098894767505227,-0.005065069376886111,上昇トレンド,uptrend,4.0
2015-03-17,19425.890625,19479.890625,19373.390625,19437.0,131800000,19330.115838461912,0.005529411330552625,0.012076995080205322,0.01780130440571992,0.08065328679342132,-0.0009477298495477182,上昇トレンド,uptrend,4.0
2015-03-18,19407.759765625,19555.720703125,19389.240234375,19544.48046875,134400000,19415.85388651671,0.00662482232226802,0.012624706410301778,0.019775156854399567,0.08067660291656042,0.0027745768257039227,上昇トレンド,uptrend,4.0
2015-03-19,19514.640625,19557.169921875,19312.69921875,19476.560546875,151100000,19479.78855767744,-0.00016571077211036123,0.012232125976390895,0.01991348800011461,0.07990643442958789,0.0037074447669271926,上昇トレンド,uptrend,4.0
2015-03-20,19479.7109375,19565.439453125,19416.630859375,19560.220703125,137500000,19544.93169505258,0.0007822492455316077,0.011113014447809988,0.019356698664502403,0.078785113586612,0.003882147971245642,上昇トレンド,uptrend,4.0
2015-03-23,19607.98046875,19778.599609375,19584.73046875,19754.359375,124400000,19619.209787247008,0.006888635639180629,0.010473703702082116,0.019476899049547525,0.07817990548890497,0.003892319207053463,上昇トレンド,uptrend,4.0
2015-03-24,19718.990234375,19770.640625,19646.349609375,19713.44921875,141900000,19675.225991442043,0.0019427084255390081,0.01003283137216493,0.01785349637136946,0.07633991456188394,5.219196564953954e-05,上昇トレンド,uptrend,4.0
2015-03-25,19745.75,19775.44921875,19542.220703125,19746.19921875,145000000,19728.653905732514,0.0008893314820830334,0.009399992465895401,0.016110546620513366,0.07540267295103886,-0.0036646102338862008,上昇トレンド,uptrend,4.0
2015-03-26,19605.599609375,19623.109375,19397.009765625,19471.119140625,154800000,19744.504023114285,-0.013846125593696468,0.00638630389429462,0.013589237103526663,0.07231988870714989,-0.006324250896587946,上昇トレンド,uptrend,4.0
2015-03-27,19374.720703125,19590.029296875,19099.869140625,19285.630859375,178300000,19732.374596114954,-0.022640140676627563,0.0029045971160772677,0.009590358461565973,0.06737827850318134,-0.00976634020293643,上昇トレンド,uptrend,4.0
2015-03-30,19295.2109375,19474.0703125,19227.2890625,19411.400390625,136300000,19732.843841317877,-0.016289768128596838,0.00021237817873354103,0.005791979152225402,0.06286558729667857,-0.013684919897322123,上昇トレンド,uptrend,4.0
2015-03-31,19592.4296875,19607.25,19206.990234375,19206.990234375,151600000,19713.52889915175,-0.025694976651214563,-0.0015687972676484696,0.001946758208844157,0.05745070339711722,-0.015906738162525302,上昇トレンド,uptrend,4.0
2015-04-01,19129.75,19195.23046875,18927.94921875,19034.83984375,160400000,19685.22773371191,-0.033039388660365265,-0.0023893151923199962,-0.0022011725801518445,0.051500725560445604,-0.01831171920066521,下降トレンドへの転換期,transition_to_downtrend,2.0
2015-04-02,19141.9296875,19433.890625,19115.140625,19312.7890625,147100000,19690.292932733508,-0.019172079944323128,-0.0021563495321071935,-0.002745629382096104,0.04764235256076743,-0.016334866485622768,下降トレンドへの転換期,transition_to_downtrend,2.0
2015-04-03,19289.0390625,19435.080078125,19289.0390625,19435.080078125,104700000,19696.18019956729,-0.013256383664078553,-0.0008800402846800282,-0.0018342646178423072,0.04314114783611189,-0.01142462307940828,下降トレンドへの転換期,transition_to_downtrend,2.0
2015-04-06,19295.029296875,19424.08984375,19241.2890625,19397.98046875,96600000,19698.950182032848,-0.015278464613680653,0.0006970937043029313,-0.0017176266917017236,0.039573159904339406,-0.007509605843927125,下降トレンドへの転換期,transition_to_downtrend,2.0
2015-04-07,19539.029296875,19667.48046875,19501.310546875,19640.5390625,137000000,19741.32076918624,-0.005105114691391299,0.0025915224637365064,0.001409786658526091,0.039452748109773284,-0.0005369715503180661,上昇トレンド,uptrend,4.0
2015-04-08,19729.69921875,19845.529296875,19693.630859375,19789.810546875,140700000,19801.34198884371,-0.0005823565885183513,0.005339197154518693,0.0058985477182440516,0.04002207426085036,0.008099720298395896,上昇トレンド,uptrend,4.0
2015-04-09,19851.119140625,19957.3203125,19822.490234375,19937.720703125,120000000,19860.40100778611,0.003893158819329834,0.008195910150608832,0.00863918457860069,0.039841413317025065,0.011384813960696794,上昇トレンド,uptrend,4.0
2015-04-10,19989.55078125,20006.0,19845.310546875,19907.630859375,136200000,19891.372316722383,0.0008173665644450878,0.007600886956375952,0.009910150860590772,0.0374251459683117,0.011744415478433079,上昇トレンド,uptrend,4.0
2015-04-13,19967.380859375,19975.66015625,19825.689453125,19905.4609375,107000000,19911.582430198403,-0.0003074337622267498,0.005567321720760354,0.010794090355104036,0.03466951682749486,0.01251171704680576,上昇トレンド,uptrend,4.0
2015-04-14,19828.650390625,19922.5,19828.650390625,19908.6796875,111600000,19924.750774096432,-0.000806589090054044,0.003240104078718886,0.009291678457325148,0.03076209892396764,0.007881891798799057,上昇トレンド,uptrend,4.0
2015-04-15,19838.529296875,19913.419921875,19823.859375,19869.759765625,121600000,19922.23032219504,-0.002633769197597391,0.0015513261217634522,0.006105057597582952,0.0260805648125515,0.00020650987933890086,上昇トレンド,uptrend,4.0
2015-04-16,19862.48046875,19894.349609375,19742.119140625,19885.76953125,174300000,19921.8245346151,-0.001809824361340695,0.0005143792289037386,0.003092763676066257,0.022692031570509252,-0.005546420902534432,上昇トレンド,uptrend,4.0
2015-04-17,19810.400390625,19815.25,19638.369140625,19652.880859375,188200000,19899.72648566828,-0.012404473321332321,-0.0012559398464689897,0.00041998957200517495,0.01815277720850328,-0.009490161288585597,上昇トレンド,uptrend,4.0
2015-04-20,19501.0,19725.859375,19474.23046875,19634.490234375,144100000,19865.51970373235,-0.011629671551655507,-0.002846599880913403,-0.0023133634218942545,0.012554527891609935,-0.01310745377699829,下降トレンドへの転換期,transition_to_downtrend,2.0
2015-04-21,19731.5703125,19909.08984375,19678.220703125,19909.08984375,161600000,19854.316036840755,0.0027587858885498306,-0.00338867043312463,-0.003535037303816435,0.009102311987501999,-0.012826715761141583,下降トレンドへの転換期,transition_to_downtrend,2.0
2015-04-22,19999.83984375,20144.66015625,19983.0,20133.900390625,204400000,19867.539848130098,0.013406820599379365,-0.0016174412025895535,-0.0027451983628565824,0.0070398083448171,-0.008850255960439535,下降トレンドへの転換期,transition_to_downtrend,2.0
2015-04-23,20227.279296875,20252.119140625,20116.189453125,20187.650390625,200900000,19899.227850854302,0.014494157357885395,0.0016968167772435372,-0.001134267783632792,0.007836298524332985,-0.004227031459699049,下降トレンドへの転換期,transition_to_downtrend,2.0
2015-04-24,20142.470703125,20142.470703125,20013.740234375,20020.0390625,139700000,19936.239390931194,0.004203384094942475,0.004126223937325646,0.0018348445788543,0.01033148817559848,0.001414855006849125,上昇トレンド,uptrend,4.0
2015-04-27,20063.80078125,20069.240234375,19909.859375,19983.3203125,123500000,19971.82433820087,0.0005756096240612241,0.00524898859486056,0.005351213361337148,0.012110798565313718,0.007664576783231403,上昇トレンド,uptrend,4.0
2015-04-28,20068.650390625,20133.779296875,20031.7109375,20058.94921875,138700000,20018.443534860926,0.0020234182452065763,0.00599097034820395,0.008266590383452233,0.015467278196056311,0.011801627687268668,上昇トレンド,uptrend,4.0
2015-04-30,19847.5,19852.66015625,19502.609375,19520.009765625,189100000,20029.100084659673,-0.025417533333141895,0.004657884162984072,0.008131869258325874,0.01746854827383415,0.010877067621182457,上昇トレンド,uptrend,4.0
2015-05-01,19510.849609375,19549.390625,19399.16015625,19531.630859375,154100000,20035.531059750443,-0.025150329126425452,0.0031898298558394877,0.006849673259572642,0.01753341751676052,0.007983941043205434,上昇トレンド,uptrend,4.0
2015-05-07,19356.4609375,19461.080078125,19257.849609375,19291.990234375,165700000,20000.621219004108,-0.03543044872805168,-0.0008902947836969544,0.0032293867870687443,0.015456855915823908,0.0013945422082144443,上昇トレンド,uptrend,4.0
2015-05-08,19315.630859375,19458.75,19302.7109375,19379.189453125,181600000,19971.830068039842,-0.029673826229035583,-0.0028593404784917897,2.868961230806377e-07,0.013852509067000085,-0.0053509264652140676,上昇トレンド,uptrend,4.0
2015-05-11,19637.580078125,19679.630859375,19586.810546875,19620.91015625,214400000,19958.376522813905,-0.016908507872779976,-0.003850885544607996,-0.003000583534000345,0.010994996543820967,-0.011267173917452578,下降トレンドへの転換期,transition_to_downtrend,2.0
2015-05-12,19608.23046875,19626.75,19467.650390625,19624.83984375,203500000,19929.227518913467,-0.01527343068739584,-0.0035695741301676742,-0.004986373093352259,0.006458427420818813,-0.013118242351678133,下降トレンドへの転換期,transition_to_downtrend,2.0
2015-05-13,19568.759765625,19791.880859375,19494.69921875,19764.720703125,193600000,19902.498939124172,-0.0069226601353225,-0.0034714459656162155,-0.006639810056920381,0.0021196919096224676,-0.013489483316493023,下降トレンドへの転換期,transition_to_downtrend,2.0
2015-05-14,19661.51953125,19717.80078125,19546.8203125,19570.240234375,171700000,19854.230249234195,-0.01430375347189039,-0.005218173605486598,-0.007319321143426039,-0.0018672450998750145,-0.010548707930494783,下降トレンド,downtrend,1.0
2015-05-15,19693.169921875,19750.759765625,19633.75,19732.919921875,178400000,19825.547067013933,-0.00467211042529303,-0.0052024320461562246,-0.007324466537495744,-0.004320870201355076,-0.007324753433618825,下降トレンド,downtrend,1.0
2015-05-18,19766.16015625,19890.26953125,19741.220703125,19890.26953125,206800000,19813.868344839873,0.0038559449916817368,-0.004453239492959837,-0.007240477591393679,-0.005565059784873871,-0.004239894057393334,下降トレンド,downtrend,1.0
2015-05-19,19977.140625,20087.69921875,19946.75,20026.380859375,184100000,19818.05787984413,0.010511775714548754,-0.0018218973456026744,-0.005578221181118614,-0.005228954824141874,-0.0005918480877663557,下降トレンド,downtrend,1.0
2015-05-20,20175.58984375,20278.890625,20148.509765625,20196.560546875,176400000,19840.009920251203,0.017971292759277224,0.0007295058839174029,-0.003139757427652934,-0.0041067832025998285,0.003500052629267447,下降トレンド,downtrend,1.0
2015-05-21,20215.4609375,20320.900390625,20175.779296875,20202.869140625,181800000,19873.081161960978,0.016594707985959856,0.0029884531425448113,0.0009494658060344996,-0.001338979393837092,0.008268786949460538,上昇トレンドへの転換期,transition_to_uptrend,3.0
2015-05-22,20208.849609375,20278.310546875,20130.83984375,20264.41015625,141500000,19922.91050833488,0.01714105214558148,0.00529076204774781,0.004911009062793736,0.002888965678141675,0.01223547560028948,上昇トレンド,uptrend,4.0
2015-05-25,20331.919921875,20417.76953125,20318.5390625,20413.76953125,139800000,19973.17562438565,0.02205928166607718,0.006711977699089822,0.008040190677216508,0.005986586862239074,0.015280668268610187,上昇トレンド,uptrend,4.0
2015-05-26,20431.26953125,20473.849609375,20378.76953125,20437.48046875,130800000,20001.254501974563,0.02180993030874001,0.006449595760667615,0.009243924063656594,0.00673030757036841,0.014822145244775209,上昇トレンド,uptrend,4.0
2015-05-27,20380.640625,20513.220703125,20363.2109375,20472.580078125,184700000,20019.64953040307,0.022624299543010595,0.004855667149020082,0.009054411306947063,0.006051575490834793,0.012194168734599997,上昇トレンド,uptrend,4.0
2015-05-28,20590.279296875,20655.330078125,20473.26953125,20551.4609375,241500000,20052.05983134734,0.024905227211218905,0.003949507501720184,0.009006085565077981,0.005809543020878438,0.008056619759043482,上昇トレンド,uptrend,4.0
2015-05-29,20510.26953125,20636.41015625,20508.400390625,20563.150390625,241100000,20095.793769500742,0.023256439953795782,0.004726666895661369,0.008677610688133885,0.006207216186192355,0.003766601625340149,上昇トレンド,uptrend,4.0
2015-06-01,20444.5390625,20595.41015625,20410.26953125,20569.869140625,173400000,20138.29435080044,0.021430553268648955,0.005926418452889992,0.008267024208868934,0.0059870197066420605,0.00022683353165242615,上昇トレンド,uptrend,4.0
2015-06-02,20604.669921875,20619.609375,20470.259765625,20543.189453125,200400000,20201.187981753563,0.016929770253132803,0.007437048944622271,0.00999604698591594,0.008591893613118184,0.0007521229222593462,上昇トレンド,uptrend,4.0
2015-06-03,20443.150390625,20506.349609375,20397.73046875,20473.509765625,163600000,20281.352320374168,0.009474587404992407,0.009233700992445915,0.013072296274400985,0.01226926602996592,0.004017884967453922,上昇トレンド,uptrend,4.0
2015-06-04,20539.939453125,20552.4609375,20438.2109375,20488.189453125,171700000,20372.118427319707,0.005697543248601944,0.011610917610307636,0.01596138245468537,0.018574283480885745,0.0069552968896073875,上昇トレンド,uptrend,4.0
2015-06-05,20398.759765625,20480.25,20363.1796875,20460.900390625,165800000,20464.23296259607,-0.00016284861383086824,0.013021262961371294,0.018334144812657494,0.024654871029781145,0.009656534124523608,上昇トレンド,uptrend,4.0
2015-06-08,20537.849609375,20544.939453125,20359.060546875,20457.189453125,139800000,20537.40092526914,-0.0039056291707022517,0.012624828998101467,0.01981829084014941,0.029011598302766117,0.011551266631280477,上昇トレンド,uptrend,4.0
2015-06-09,20293.05078125,20332.419921875,20095.48046875,20096.30078125,160700000,20561.07551028761,-0.022604592294068637,0.00927527903600378,0.017815166556497175,0.03170459019420102,0.007819119570581234,上昇トレンド,uptrend,4.0
2015-06-10,20126.359375,20264.919921875,20016.3203125,20046.359375,183200000,20571.321695835704,-0.025519134287903977,0.005232970785436608,0.014297339293802391,0.03360496381671774,0.0012250430194014061,上昇トレンド,uptrend,4.0
2015-06-11,20183.609375,20382.970703125,20178.0390625,20382.970703125,150400000,20615.978575321693,-0.011302295030303111,0.003826075672305418,0.011970289141602475,0.038367054100064024,-0.003991093313082894,上昇トレンド,uptrend,4.0
2015-06-12,20431.779296875,20437.259765625,20331.189453125,20407.080078125,189900000,20661.571647698616,-0.012317144789997791,0.004887688747639896,0.009643101965425949,0.04216905479877897,-0.008691042847231545,上昇トレンド,uptrend,4.0
2015-06-15,20205.099609375,20401.48046875,20205.099609375,20387.7890625,115700000,20687.790194961388,-0.014501361896760434,0.005661692566368393,0.007322702139354487,0.04410657398705853,-0.012495588700794924,上昇トレンド,uptrend,4.0
2015-06-16,20332.830078125,20368.2109375,20234.16015625,20257.939453125,133000000,20685.983460699656,-0.020692465909966318,0.0033956615312824567,0.006074971630231518,0.04379468392501984,-0.011740194926265657,上昇トレンド,uptrend,4.0
2015-06-17,20306.099609375,20323.080078125,20126.5703125,20219.26953125,124200000,20665.74378869593,-0.02160455786208626,0.00020192757203818523,0.004589986693919634,0.04161962981691247,-0.009707352599882757,上昇トレンド,uptrend,4.0
2015-06-18,20193.58984375,20200.509765625,19990.55078125,19990.8203125,134500000,20615.75190156055,-0.030313305672505897,-0.003482164732044879,-1.099505222679209e-05,0.03737068920249342,-0.011981284193829267,下降トレンドへの転換期,transition_to_downtrend,2.0
2015-06-19,20152.41015625,20194.44921875,20075.91015625,20174.240234375,160900000,20582.546207986692,-0.019837486066386467,-0.005000354607721635,-0.003824754527844809,0.033109404340086135,-0.013467856493270758,下降トレンドへの転換期,transition_to_downtrend,2.0
2015-06-22,20174.140625,20433.30078125,20174.140625,20428.189453125,140500000,20565.90268613038,-0.0066961919983338225,-0.004831236832625541,-0.005891760680205249,0.02967615530406964,-0.013214462819559736,下降トレンドへの転換期,transition_to_downtrend,2.0
2015-06-23,20547.740234375,20809.419921875,20531.130859375,20809.419921875,183300000,20579.283391899786,0.011182922436735465,-0.0017689633555399986,-0.005158085377114596,0.028899631764005562,-0.011233057007346114,下降トレンドへの転換期,transition_to_downtrend,2.0
2015-06-24,20889.3203125,20952.7109375,20838.220703125,20868.029296875,166700000,20595.386830399788,0.013238035717434427,0.0006238597636727405,-0.003404520980010761,0.028758610340424262,-0.007994507673930396,下降トレンドへの転換期,transition_to_downtrend,2.0
2015-06-25,20777.689453125,20866.580078125,20758.599609375,20771.400390625,128300000,20596.453107147263,0.008494049075713273,0.0014854889417270645,-0.0009361188718917113,0.02714899518446856,-0.0009251238196649192,下降トレンドへの転換期,transition_to_downtrend,2.0
2015-06-26,20758.4296875,20785.759765625,20650.0,20706.150390625,140100000,20587.663041857933,0.0057552597653343085,0.0004071886177263728,0.0002486006259641016,0.024476230100634266,0.004073355153808911,上昇トレンド,uptrend,4.0
2015-06-29,20305.970703125,20361.599609375,20093.16015625,20109.94921875,165300000,20521.592082861793,-0.02005901211025285,-0.003583071692009665,-0.0021545664172800683,0.01903327686965306,0.003737194262925181,下降トレンドへの転換期,transition_to_downtrend,2.0
2015-06-30,20174.609375,20243.1796875,20118.259765625,20235.73046875,168100000,20471.160173193053,-0.011500555046770056,-0.006083228665751728,-0.005253983661515194,0.013364174012109542,-9.589828440059733e-05,下降トレンドへの転換期,transition_to_downtrend,2.0
2015-07-01,20291.05078125,20346.740234375,20225.26953125,20329.3203125,123600000,20437.47971783728,-0.005292208571239909,-0.007294821355649184,-0.007667110788588394,0.007698076291799749,-0.004262589808577633,下降トレンドへの転換期,transition_to_downtrend,2.0
2015-07-02,20565.939453125,20601.73046875,20479.849609375,20522.5,137800000,20427.44080116973,0.00465350504527362,-0.004587913126423149,-0.008205893757449068,0.0027155925903039613,-0.007269774885557356,下降トレンドへの転換期,transition_to_downtrend,2.0
2015-07-03,20476.689453125,20557.509765625,20431.25,20539.7890625,145800000,20422.3181380997,0.005752085713577548,-0.0023858948237487354,-0.008031261412335122,-0.0020481991469203376,-0.008279862038299224,下降トレンド,downtrend,1.0
2015-07-06,20200.150390625,20310.720703125,20012.23046875,20112.119140625,163700000,20380.172196544932,-0.013152639405341948,-0.002804040521803164,-0.006891272653010372,-0.0076557267054544464,-0.004736706235730304,下降トレンド,downtrend,1.0
2015-07-07,20354.23046875,20428.0,20337.1796875,20376.58984375,139300000,20383.289058271173,-0.0003286620967803966,-0.0021613937510972514,-0.004292434536121048,-0.008646748655121828,0.0009615491253941455,下降トレンド,downtrend,1.0
2015-07-08,20282.490234375,20310.890625,19737.640625,19737.640625,207600000,20345.501698387878,-0.029876927214630644,-0.0037613966833919266,-0.00450045801729293,-0.010977418018480511,0.003166652771295464,下降トレンド,downtrend,1.0
2015-07-09,19422.779296875,19855.5,19115.19921875,19855.5,252900000,20306.86440276404,-0.02222718356767106,-0.0035970154262641163,-0.005902667866196198,-0.014993912194285919,0.002303225891252869,下降トレンド,downtrend,1.0
2015-07-10,19829.9296875,19978.240234375,19720.150390625,19779.830078125,193000000,20247.260624028604,-0.023086112960331917,-0.00667352721406711,-0.008571872834774341,-0.020052251142093525,-0.0005406114224392189,下降トレンド,downtrend,1.0
2015-07-13,19929.919921875,20120.150390625,19911.390625,20089.76953125,139000000,20219.860869879587,-0.006433839454522472,-0.006175361530566081,-0.007866043776240672,-0.02261862290133665,-0.0009747711232303002,下降トレンド,downtrend,1.0
2015-07-14,20355.330078125,20435.529296875,20322.19921875,20385.330078125,161800000,20229.34427601336,0.007710867934389798,-0.0038174345981317748,-0.0075524995901162795,-0.02207481145645529,-0.0032600650539952314,下降トレンド,downtrend,1.0
2015-07-15,20478.849609375,20496.599609375,20401.08984375,20463.330078125,127100000,20254.48294977532,0.010311155750929446,0.0003567063160210271,-0.0044736546663664,-0.019900606681554245,2.6803350926529745e-05,下降トレンド,downtrend,1.0
2015-07-16,20588.98046875,20612.5,20522.25,20600.119140625,136800000,20304.827315330647,0.01454293704194165,0.004202128095630586,-0.00010031521326925308,-0.015081894064041701,0.005802352652926945,下降トレンド,downtrend,1.0
2015-07-17,20646.630859375,20658.94921875,20611.220703125,20650.919921875,118100000,20360.31544503047,0.014273083225508687,0.006474316084105869,0.005583709475626364,-0.010797049145940485,0.014155582310400705,上昇トレンドへの転換期,transition_to_uptrend,3.0
2015-07-21,20763.310546875,20850.0,20710.33984375,20841.970703125,134500000,20411.940173229694,0.02106759701653904,0.0077739443581363865,0.009499536351223803,-0.007486299787099471,0.017365580127464475,上昇トレンドへの転換期,transition_to_uptrend,3.0
2015-07-22,20657.80078125,20677.83984375,20576.189453125,20593.669921875,145400000,20408.635853049407,0.0090664594222718,0.005112505322336869,0.008862945560160318,-0.008292200248214088,0.016415445150276597,上昇トレンドへの転換期,transition_to_uptrend,3.0
2015-07-23,20693.5703125,20708.23046875,20648.759765625,20683.94921875,119100000,20394.335708805203,0.014200683664325364,0.0016709104466767766,0.006904780505958774,-0.009761949277778181,0.011378435172325174,上昇トレンドへの転換期,transition_to_uptrend,3.0
2015-07-24,20603.630859375,20631.5390625,20527.779296875,20544.529296875,110700000,20369.910162672633,0.008572405710573605,-0.002059089444725215,0.0032052893792819948,-0.010999124135408378,0.003305604592551248,上昇トレンドへの転換期,transition_to_uptrend,3.0
2015-07-27,20374.05078125,20486.9296875,20278.73046875,20350.099609375,122600000,20335.752757965136,0.0007054989102504017,-0.0035711889618228465,-0.0012064001233992316,-0.012235982460982786,-0.0067901095990255955,下降トレンド,downtrend,1.0
2015-07-28,20188.5703125,20423.580078125,20070.619140625,20328.890625,149800000,20332.34001748599,-0.00016965054110951172,-0.003039848524825861,-0.0038996859224631475,-0.009222094689907312,-0.01339922227368695,下降トレンド,downtrend,1.0
2015-07-29,20425.689453125,20425.689453125,20205.2109375,20302.91015625,132800000,20347.28485295903,-0.0021808657533280984,-0.001110722115754026,-0.0030061293920931043,-0.006051211518350419,-0.011869074952253422,下降トレンド,downtrend,1.0
2015-07-30,20450.609375,20583.5703125,20443.890625,20522.830078125,181400000,20371.82089858451,0.007412650066591864,0.0017736319401919776,-0.0011039736984899129,-0.003212667127222457,-0.008008754204448687,下降トレンド,downtrend,1.0
2015-07-31,20506.55078125,20585.240234375,20466.80078125,20585.240234375,175400000,20387.835335973316,0.009682484439796024,0.0027294112944993287,0.0008799829335295328,-0.0019388363712280476,-0.002325306445752462,上昇トレンドへの転換期,transition_to_uptrend,3.0
2015-08-03,20540.2109375,20562.19921875,20396.5,20548.109375,173600000,20390.19981988054,0.00774438487677287,0.00210912498800897,0.002677405777077979,-0.0015727067809819806,0.0038838059004772107,上昇トレンドへの転換期,transition_to_uptrend,3.0
2015-08-04,20462.1796875,20552.0390625,20448.490234375,20520.359375,166700000,20409.675646018233,0.005423100832244732,0.0018581916472844018,0.0038035773779965254,0.0014476545727273304,0.007703263300459673,上昇トレンド,uptrend,4.0
2015-08-05,20490.150390625,20715.48046875,20469.869140625,20614.060546875,173500000,20444.124651877617,0.00831221184037223,0.002760926551382381,0.004759347481416043,0.0029845818028939597,0.007765476873509147,上昇トレンド,uptrend,4.0
2015-08-06,20768.76953125,20817.48046875,20664.439453125,20664.439453125,167000000,20501.394061960505,0.007952892894587116,0.0054533179204820925,0.006360411473330885,0.00766225212254068,0.007464385171820798,上昇トレンド,uptrend,4.0
2015-08-07,20601.5703125,20754.0,20567.509765625,20724.560546875,147000000,20586.492590852664,0.006706725558664806,0.0086633882821614,0.009743911092357393,0.013770131249340567,0.00886392815882786,上昇トレンド,uptrend,4.0
2015-08-10,20618.310546875,20820.859375,20617.05078125,20808.689453125,138700000,20674.31890901065,0.006499393992408065,0.01125967783178683,0.013934100285426965,0.02109215132417619,0.011256694508348986,上昇トレンド,uptrend,4.0
2015-08-11,20920.599609375,20946.9296875,20582.009765625,20720.75,159200000,20738.418968273145,-0.0008519920588052621,0.011561404341396964,0.01610722913761964,0.02564597757277487,0.012303651759623113,上昇トレンド,uptrend,4.0
2015-08-12,20632.6796875,20703.19921875,20303.01953125,20392.76953125,170300000,20739.512655932023,-0.01671896203322054,0.00743303233438386,0.014448552289925365,0.025219224753794345,0.009689204808509322,上昇トレンド,uptrend,4.0
2015-08-13,20392.5390625,20633.91015625,20306.98046875,20595.55078125,167400000,20742.685521003954,-0.007093331266338043,0.0033068374486333596,0.011769514712716811,0.024103432925897117,0.005409103239385926,上昇トレンド,uptrend,4.0
2015-08-14,20518.359375,20605.4609375,20484.669921875,20519.44921875,139400000,20728.533086689014,-0.010086766249430279,-0.00047669408161032933,0.006899693826400766,0.02086724328054035,-0.002844217265956628,上昇トレンド,uptrend,4.0
2015-08-17,20600.16015625,20668.869140625,20541.0,20620.259765625,106600000,20716.850669688836,-0.004662431834060565,-0.0010926961794690548,0.002057226691015712,0.01751128196520102,-0.011876873594411252,上昇トレンド,uptrend,4.0
2015-08-18,20640.58984375,20663.1796875,20545.25,20554.470703125,113100000,20688.515655355215,-0.00647919621026638,-0.0026115165075364377,-0.002406321957053481,0.013549691003320152,-0.01851355109467312,下降トレンドへの転換期,transition_to_downtrend,2.0
2015-08-19,20467.490234375,20521.970703125,20218.029296875,20222.630859375,141100000,20632.782138958944,-0.019878622127720402,-0.0046192823838343555,-0.005146240355004217,0.010982913680438244,-0.01959479264492958,下降トレンドへの転換期,transition_to_downtrend,2.0
2015-08-20,20194.259765625,20246.470703125,20033.2890625,20033.51953125,147900000,20567.04034921323,-0.02594057331071642,-0.007231326945595917,-0.00846781250252615,0.008468265055255442,-0.020237327215242962,下降トレンドへの転換期,transition_to_downtrend,2.0
2015-08-21,19711.33984375,19737.5390625,19435.830078125,19435.830078125,189900000,20448.14765145369,-0.049506566099972615,-0.011618426759355427,-0.0135265449833194,0.003840836221478572,-0.020426238809720165,下降トレンドへの転換期,transition_to_downtrend,2.0
2015-08-24,19075.05078125,19154.650390625,18498.80078125,18540.6796875,274400000,20263.419253984583,-0.08501721969483622,-0.017901748900693737,-0.02188708230482528,-0.003556962205503833,-0.02394430899584099,下降トレンド,downtrend,1.0
2015-08-25,18171.66015625,18835.349609375,17747.5,17806.69921875,335600000,20025.408839440297,-0.11079472276843205,-0.026334927173595535,-0.03205192808229684,-0.015095713419199575,-0.029645606125243362,下降トレンド,downtrend,1.0
2015-08-26,17894.2890625,18442.83984375,17714.30078125,18376.830078125,246800000,19850.592649484704,-0.07424274919056184,-0.029222940490969407,-0.03791003482740729,-0.024410736226661345,-0.032763794472403074,下降トレンド,downtrend,1.0
2015-08-27,18680.470703125,18810.05078125,18486.4609375,18574.439453125,192100000,19690.357994550875,-0.05667334955183123,-0.028280580500796848,-0.042625596088544104,-0.03345125148243289,-0.034157783586017954,下降トレンド,downtrend,1.0
2015-08-28,18908.73046875,19192.8203125,18901.08984375,19136.3203125,205200000,19573.662258406668,-0.022343388791171925,-0.02255866957102559,-0.04276599562723005,-0.039934258058778815,-0.029239450643910647,下降トレンド,downtrend,1.0
2015-08-31,19006.98046875,19019.609375,18749.76953125,18890.48046875,167600000,19436.94581806211,-0.028114774534397258,-0.020838009158045456,-0.04078647465974694,-0.04675059637664769,-0.018899392354921662,下降トレンド,downtrend,1.0
2015-09-01,18763.720703125,18777.470703125,18165.689453125,18165.689453125,176800000,19241.775822209613,-0.055924483219607635,-0.022781819023575123,-0.03913193600758402,-0.05722285077256817,-0.0070800079252871795,下降トレンド,downtrend,1.0
2015-09-02,17861.810546875,18467.439453125,17857.30078125,18095.400390625,197900000,19043.82574817249,-0.04980224930059052,-0.02706884911159735,-0.04064195540948534,-0.06849395254379453,-0.0027319205820780512,下降トレンド,downtrend,1.0
2015-09-03,18359.529296875,18481.5703125,18176.75,18182.390625,143000000,18853.212081791396,-0.03558128205852418,-0.03003217386798862,-0.04251552526323554,-0.08039365397240195,0.00011007082530856138,下降トレンド,downtrend,1.0
2015-09-04,18312.130859375,18312.130859375,17608.169921875,17792.16015625,171100000,18630.4405415858,-0.044995199306459566,-0.03177125054737351,-0.04818831061702655,-0.09501628510220395,-0.005422314989796506,下降トレンド,downtrend,1.0
2015-09-07,17674.8203125,18013.640625,17478.720703125,17860.470703125,164600000,18414.90879716549,-0.03010810969239408,-0.033024716741453686,-0.052582181915991844,-0.10928583049284502,-0.011795707256244903,下降トレンド,downtrend,1.0
2015-09-08,17941.91015625,17962.560546875,17415.609375,17427.080078125,154900000,18170.080345687184,-0.0408914134349736,-0.03623423600925746,-0.05569628741259092,-0.12384447563313083,-0.016564351405006894,下降トレンド,downtrend,1.0
2015-09-09,17758.130859375,18770.509765625,17756.759765625,18770.509765625,201700000,18067.59087998741,0.03890495917838055,-0.03021129105036613,-0.05126253942324399,-0.12883242823839347,-0.01062058401375865,下降トレンド,downtrend,1.0
2015-09-10,18418.640625,18420.560546875,17956.150390625,18299.619140625,172700000,17932.945609580962,0.02044692149448868,-0.0261724449951507,-0.04881218480002336,-0.13545690159443735,-0.006296659536787819,下降トレンド,downtrend,1.0
2015-09-11,18155.7109375,18362.990234375,18124.349609375,18264.220703125,201500000,17793.466028366736,0.026456603452513106,-0.02072716851853873,-0.04492510584228082,-0.14159550249154162,0.0032632047747457316,下降トレンド,downtrend,1.0
2015-09-14,18341.009765625,18344.0703125,17925.08984375,17965.69921875,126500000,17630.718266303254,0.018999847163741368,-0.024179904038454714,-0.04258454600562256,-0.14896725629735574,0.009997635910369285,下降トレンド,downtrend,1.0
2015-09-15,18082.720703125,18329.5703125,17995.98046875,18026.48046875,146400000,17475.639444915534,0.0315205074796121,-0.02550089509116138,-0.03821892295245022,-0.15529757010904888,0.0174773644601407,下降トレンド,downtrend,1.0
2015-09-16,18238.150390625,18291.970703125,18094.990234375,18171.599609375,126000000,17354.953973499534,0.04705547690431544,-0.02464455515120645,-0.03944282949627931,-0.1588650596600928,0.011819709926964683,下降トレンド,downtrend,1.0
2015-09-17,18361.990234375,18468.19921875,18289.630859375,18432.26953125,130900000,17283.40362691811,0.06647220241634488,-0.019699403855199193,-0.0362205962592016,-0.15965528664024486,0.012591588540821763,下降トレンド,downtrend,1.0
2015-09-18,18275.48046875,18295.900390625,18069.5,18070.2109375,172000000,17220.040919469047,0.04937096386744044,-0.014625989867332323,-0.032226723449131356,-0.15786792950681539,0.012698382393149465,下降トレンド,downtrend,1.0
2015-09-24,17803.41015625,17865.83984375,17571.830078125,17571.830078125,167900000,17185.682849828092,0.02246912337852036,-0.009753475804655798,-0.025242046849885735,-0.15188633100760063,0.017342499155736824,下降トレンド,downtrend,1.0
2015-09-25,17618.30078125,17880.509765625,17483.689453125,17880.509765625,184800000,17254.007952164306,0.036310509140695446,-0.0017008035794535692,-0.012682310907696781,-0.13839422253480704,0.025536612044753437,下降トレンド,downtrend,1.0
2015-09-28,17811.119140625,17886.490234375,17562.599609375,17645.109375,130800000,17305.500403154463,0.019624336998867342,0.004962792137665373,-0.002849536243114459,-0.12821240611152784,0.03659329325316485,下降トレンド,downtrend,1.0
2015-09-29,17359.380859375,17366.94921875,16901.490234375,16930.83984375,206300000,17255.966602249653,-0.01884141097359715,0.004089668885182807,-0.0015874780952128686,-0.12363367862457952,0.03463311816398873,下降トレンド,downtrend,1.0
2015-09-30,17193.83984375,17460.970703125,17179.400390625,17388.150390625,156500000,17208.245041218535,0.01045460178975488,-0.0026523061234610124,-0.0006850087235957814,-0.12084694146452912,0.031541714725535575,下降トレンド,downtrend,1.0
2015-10-01,17479.970703125,17831.580078125,17389.5703125,17722.419921875,161200000,17174.725693402146,0.0318895473645473,-0.007556829141356691,-0.0006375746906126523,-0.11638763341912284,0.024604472159273083,下降トレンド,downtrend,1.0
2015-10-02,17564.390625,17775.76953125,17537.849609375,17725.130859375,125300000,17187.490317101867,0.03128092190039933,-0.003968267134850545,-0.003855199049800806,-0.10676174195609378,0.008827111857895975,下降トレンド,downtrend,1.0
2015-10-05,17921.0,18079.4609375,17869.740234375,18005.490234375,120900000,17259.93507165393,0.043195710738535675,0.0030037944201504185,-0.0026329970494367583,-0.09367291531165944,0.00021653919367770058,下降トレンド,downtrend,1.0
2015-10-06,18302.41015625,18372.720703125,18094.849609375,18186.099609375,147600000,17343.264013108615,0.048597288009301076,0.009813159331634402,0.005058969623155329,-0.08008969835655233,0.006646447718368198,上昇トレンドへの転換期,transition_to_uptrend,3.0
2015-10-07,18168.19921875,18379.23046875,18043.080078125,18322.98046875,160800000,17449.28649579751,0.05007046982482111,0.015231786250675006,0.014007323466257882,-0.06339914738740526,0.014692332189853663,上昇トレンドへの転換期,transition_to_uptrend,3.0
2015-10-08,18310.619140625,18400.689453125,18121.6796875,18141.169921875,158300000,17547.733548448694,0.0338184057666393,0.016674366131736784,0.021718417033574022,-0.047090933670563606,0.022355991724186675,上昇トレンドへの転換期,transition_to_uptrend,3.0
2015-10-09,18281.509765625,18438.669921875,18184.9609375,18438.669921875,185000000,17684.603364904146,0.04263972119766812,0.019681378980192843,0.028922957257328186,-0.02671848288762635,0.03277815630712899,上昇トレンドへの転換期,transition_to_uptrend,3.0
2015-10-13,18335.150390625,18359.7109375,18223.80078125,18234.740234375,144300000,17748.585895394408,0.027391159039140467,0.017152529398206662,0.028311278212337587,-0.017656199252682137,0.030944275261774346,上昇トレンドへの転換期,transition_to_uptrend,3.0
2015-10-14,18106.66015625,18126.390625,17831.529296875,17891.0,145000000,17735.443772352282,0.008770923899305672,0.010697120707088947,0.022612799928966254,-0.011013351711899544,0.017553830305810925,上昇トレンドへの転換期,transition_to_uptrend,3.0
2015-10-15,17804.91015625,18170.669921875,17758.119140625,18096.900390625,131700000,17761.544657145027,0.018881000495926337,0.004350750234725309,0.017895182214053396,-0.0017939939959319418,0.003887858747795514,上昇トレンドへの転換期,transition_to_uptrend,3.0
2015-10-16,18300.830078125,18397.51953125,18238.779296875,18291.80078125,129600000,17817.21027255912,0.02663663398651206,0.003866470127207089,0.01535678230846238,0.010577674910289936,-0.006361634725111642,上昇トレンド,uptrend,4.0
2015-10-19,18282.779296875,18314.08984375,18078.4296875,18131.23046875,121300000,17862.257439788904,0.015058176709621618,0.007150295705276477,0.010045691792970546,0.022123253119979758,-0.01887726546435764,上昇トレンド,uptrend,4.0
2015-10-20,18245.5390625,18253.130859375,18147.98046875,18207.150390625,118800000,17898.027182559385,0.017271356497147172,0.00768415855990634,0.00841989824123135,0.031292114625547596,-0.019891379971106238,上昇トレンド,uptrend,4.0
2015-10-21,18167.640625,18605.41015625,18167.640625,18554.279296875,142900000,17941.994281324012,0.03412580596953596,0.007003566038454201,0.011646199081509323,0.038105379508708515,-0.010966600847456931,上昇トレンド,uptrend,4.0
2015-10-22,18443.689453125,18579.140625,18376.009765625,18435.869140625,123900000,17975.64029231,0.02560291821771088,0.00634762167678371,0.012053886038501105,0.04387906953151721,-0.005841296175552291,上昇トレンド,uptrend,4.0
2015-10-23,18762.650390625,18915.640625,18746.609375,18825.30078125,147500000,18084.057456843977,0.04098877291088776,0.010393898298795001,0.014976934110489504,0.05227459478136898,-0.0003798481979728763,上昇トレンド,uptrend,4.0
2015-10-26,19036.130859375,19088.759765625,18937.44921875,18947.119140625,121800000,18208.62405811735,0.04055743477104912,0.014860654429640352,0.019390976728221432,0.055327209109886866,0.009345284935250886,上昇トレンド,uptrend,4.0
2015-10-27,18961.16015625,18964.990234375,18760.7890625,18777.0390625,123300000,18311.35945136348,0.025431187256926613,0.01867633940122304,0.023093733437105524,0.05812366153975357,0.014673835195874174,上昇トレンド,uptrend,4.0
2015-10-28,18826.939453125,18925.509765625,18815.119140625,18903.01953125,110200000,18468.046466210453,0.023552738284224217,0.021233564994074694,0.02931960498025643,0.07024120363114172,0.017673405898747108,上昇トレンド,uptrend,4.0
2015-10-29,19046.16015625,19080.890625,18809.48046875,18935.7109375,178200000,18631.792190645327,0.016311836443048344,0.023239984041480977,0.03650228240359432,0.08272471399709858,0.024448396365093217,上昇トレンド,uptrend,4.0
2015-10-30,18924.310546875,19202.33984375,18784.689453125,19083.099609375,182000000,18763.395552336166,0.017038710085660824,0.024686102753502803,0.03756557935703153,0.09250045021355557,0.022588645246542027,上昇トレンド,uptrend,4.0
2015-11-02,18827.109375,18861.109375,18641.220703125,18683.240234375,148300000,18832.456784308775,-0.00792337142427979,0.019731936388889704,0.03426028920144142,0.09570719382864978,0.014869312473219987,上昇トレンド,uptrend,4.0
2015-11-04,18941.3203125,19151.890625,18926.91015625,18926.91015625,157000000,18908.40344878441,0.0009787556900675565,0.014846197043672849,0.032605115912159865,0.09550837649660493,0.009511382475054342,上昇トレンド,uptrend,4.0
2015-11-05,19029.439453125,19167.08984375,18995.9609375,19116.41015625,145900000,18978.314748862038,0.007276484198695421,0.011454173948761248,0.027629792007789478,0.09427583726555722,-0.001689812972466953,上昇トレンド,uptrend,4.0
2015-11-06,19194.33984375,19294.150390625,19164.859375,19265.599609375,121300000,19045.36003899128,0.011563948905813692,0.011305123761648384,0.022196890353553655,0.09146927260195814,-0.014305392050040666,上昇トレンド,uptrend,4.0
2015-11-09,19411.509765625,19684.41015625,19389.740234375,19642.740234375,168800000,19151.11883288064,0.02567063604922626,0.012836376416107687,0.02066381212627566,0.09137278498132262,-0.01690176723075587,上昇トレンド,uptrend,4.0
2015-11-10,19457.05078125,19674.05078125,19457.05078125,19671.259765625,131200000,19250.95203545119,0.02183308801558481,0.014365726893927677,0.02222202105309523,0.08857132038683613,-0.012038268148346187,上昇トレンド,uptrend,4.0
2015-11-11,19602.009765625,19724.119140625,19602.009765625,19691.390625,131300000,19347.483410250792,0.01777529446372328,0.01586335835295216,0.02322141912487119,0.09008591018348588,-0.009383696787288676,上昇トレンド,uptrend,4.0
2015-11-12,19644.650390625,19725.830078125,19597.990234375,19697.76953125,123500000,19465.696739178387,0.011922141559131738,0.01642608502630405,0.02568099416443559,0.09755904554942063,-0.0019487978433538888,上昇トレンド,uptrend,4.0
2015-11-13,19495.259765625,19601.490234375,19388.91015625,19596.91015625,139100000,19574.31745097984,0.0011542014339318563,0.01679737266672121,0.02777355801652659,0.10206166348857404,0.005576667662972934,上昇トレンド,uptrend,4.0
2015-11-16,19263.9609375,19451.08984375,19252.0390625,19393.689453125,111500000,19638.395274205795,-0.012460581308402885,0.01503616040321143,0.025443758434026797,0.10221493565979523,0.004779946307751137,上昇トレンド,uptrend,4.0
2015-11-17,19641.669921875,19726.009765625,19628.83984375,19630.630859375,145400000,19722.52805632781,-0.004659503928216013,0.013194046973540985,0.024496244134222467,0.10414532557318745,0.0022742230811272357,上昇トレンド,uptrend,4.0
2015-11-18,19771.859375,19840.0,19643.970703125,19649.1796875,126700000,19808.623098880424,-0.008049192040482378,0.011970054561920573,0.023834608297702786,0.10674896718129956,0.0006131891728315964,上昇トレンド,uptrend,4.0
2015-11-19,19851.240234375,19959.060546875,19761.560546875,19859.810546875,139600000,19892.0211394444,-0.0016192719856671367,0.012914795822025926,0.021901317275119903,0.10868506742030282,-0.0037796768893156862,上昇トレンド,uptrend,4.0
2015-11-20,19800.19921875,19879.810546875,19715.740234375,19879.810546875,109700000,19963.15847047607,-0.004175087009620104,0.012200789546908952,0.01986485712567032,0.11056730919433977,-0.007908700890856268,上昇トレンド,uptrend,4.0
2015-11-24,19875.990234375,19954.0,19834.759765625,19924.890625,133900000,20022.988950389343,-0.004899284798708048,0.010821845134760366,0.019583762869295862,0.10721772468222124,-0.005859995564730935,上昇トレンド,uptrend,4.0
2015-11-25,19856.83984375,19871.75,19786.529296875,19847.580078125,133200000,20050.765547105995,-0.010133551684280762,0.007980305598349391,0.016642769620645703,0.1011686266413645,-0.007853474513576764,上昇トレンド,uptrend,4.0
2015-11-26,19929.970703125,19992.439453125,19926.099609375,19944.41015625,117300000,20090.898967692676,-0.007291301980973497,0.006398811961820572,0.014250150926855998,0.09718227207847674,-0.009584457370846788,上昇トレンド,uptrend,4.0
2015-11-27,19994.05078125,19994.05078125,19831.25,19883.939453125,114600000,20126.650600049827,-0.012059192150144726,0.005177131641900479,0.011795154396863738,0.08980939791731579,-0.010106162878256164,上昇トレンド,uptrend,4.0
2015-11-30,19857.380859375,19867.94921875,19707.669921875,19747.470703125,161200000,20143.26513837595,-0.019648971134123783,0.004613269805217257,0.009021952521503174,0.08112332577912218,-0.010842904604167147,上昇トレンド,uptrend,4.0
2015-12-01,19799.080078125,20012.400390625,19797.55078125,20012.400390625,133100000,20179.79528883977,-0.008295173257151234,0.004424705996981304,0.007831315236648484,0.07548738886588424,-0.011752447632647378,上昇トレンド,uptrend,4.0
2015-12-02,19957.5,20002.119140625,19926.220703125,19938.130859375,115900000,20221.54105599257,-0.014015262033334586,0.004714667026738617,0.008517156538754955,0.07376011996699128,-0.008125613081890748,上昇トレンド,uptrend,4.0
2015-12-03,19894.630859375,19967.880859375,19862.740234375,19939.900390625,116200000,20269.88766612836,-0.01627967953935827,0.0062860974565228656,0.008908944230096916,0.07200418697600175,-0.005341206696759082,上昇トレンド,uptrend,4.0
2015-12-04,19616.51953125,19660.900390625,19444.5390625,19504.48046875,134100000,20253.67588685809,-0.03699058987085979,0.0036611173186271717,0.006311297857376719,0.06720096883589344,-0.00548385653948702,上昇トレンド,uptrend,4.0
2015-12-07,19710.390625,19811.509765625,19677.2109375,19698.150390625,103300000,20242.563310459973,-0.02689446546296126,0.0010395970519354591,0.004929596636984224,0.0628606268937777,-0.00409235588451895,上昇トレンド,uptrend,4.0
2015-12-08,19689.869140625,19764.2109375,19475.279296875,19492.599609375,124100000,20187.845791606895,-0.03443884946460918,-0.004047475539717071,0.00039893877276231393,0.054134015238122446,-0.00743237646388617,上昇トレンド,uptrend,4.0
2015-12-09,19391.5,19475.400390625,19260.119140625,19301.0703125,130300000,20099.86308169452,-0.03974120450213414,-0.007594315521923356,-0.006017245370228186,0.0440970942465615,-0.014534401908983141,下降トレンドへの転換期,transition_to_downtrend,2.0
2015-12-10,19070.01953125,19125.060546875,19025.779296875,19046.55078125,116100000,19989.514357693464,-0.047172910735599816,-0.012500835436970115,-0.01383201096389941,0.033184209740813486,-0.022740955193996326,下降トレンドへの転換期,transition_to_downtrend,2.0
2015-12-11,19020.75,19282.2109375,19020.75,19230.48046875,165800000,19901.945726645194,-0.03373867395267893,-0.014161989739418512,-0.017366238216595664,0.022411167363394435,-0.023677536073972383,下降トレンドへの転換期,transition_to_downtrend,2.0
2015-12-14,18887.08984375,18911.779296875,18611.08984375,18883.419921875,134300000,19791.243340581088,-0.04586995385199655,-0.015354320567213198,-0.022295593841402117,0.011082168772653,-0.02722519047838634,下降トレンドへの転換期,transition_to_downtrend,2.0
2015-12-15,18869.0390625,18897.869140625,18562.509765625,18565.900390625,137800000,19670.35511231495,-0.056148184177848726,-0.015966333131834154,-0.025633774134885323,0.0016274159707505564,-0.026032712907647637,下降トレンドへの転換期,transition_to_downtrend,2.0
2015-12-16,18868.19921875,19054.890625,18859.109375,19049.91015625,143900000,19599.55735669605,-0.028043857850609366,-0.015193909887127321,-0.02489100164339486,-0.006235037378603536,-0.018873756273166675,下降トレンド,downtrend,1.0
2015-12-17,19364.5703125,19507.169921875,19325.150390625,19353.560546875,152700000,19550.907444359316,-0.010094001930393892,-0.012143547127682175,-0.02194184938591759,-0.013010276041633295,-0.008109838422018179,下降トレンド,downtrend,1.0
2015-12-18,19320.4609375,19869.080078125,18982.25,18986.80078125,199200000,19460.90353001469,-0.024361805608535958,-0.010648083428302146,-0.022160757681095822,-0.021672891176193088,-0.004794519464500158,下降トレンド,downtrend,1.0
2015-12-21,18845.5,18979.830078125,18651.130859375,18916.01953125,154800000,19358.84954670877,-0.022874810529949996,-0.01228128807230644,-0.021847732678103804,-0.030271208068654354,0.00044786116329831316,下降トレンド,downtrend,1.0
2015-12-22,18927.859375,18943.4609375,18824.650390625,18886.69921875,135700000,19256.786908240407,-0.019218558695897392,-0.015043830418406845,-0.02102494854379222,-0.03826611721393558,0.004608825591093102,下降トレンド,downtrend,1.0
2015-12-24,19071.41015625,19071.41015625,18780.939453125,18789.689453125,129500000,19152.294376471662,-0.018932714599046552,-0.015857904699391634,-0.02282005517188801,-0.04480981878340362,0.0020709464715068515,下降トレンド,downtrend,1.0
2015-12-25,18823.91015625,18870.69921875,18744.439453125,18769.060546875,122600000,19049.5857805058,-0.014726054249319831,-0.01597531741009628,-0.025641861651703235,-0.05183009425617868,-0.003700012265785646,下降トレンド,downtrend,1.0
2015-12-28,18838.91015625,18922.900390625,18764.5390625,18873.349609375,102300000,18960.156364170274,-0.004578377579170012,-0.015403947994210743,-0.025730930995681134,-0.05795769296440534,-0.003570173314585312,下降トレンド,downtrend,1.0
2015-12-29,18843.390625,18991.009765625,18783.359375,18982.23046875,96900000,18894.371729810427,0.004649995257632877,-0.013466932033902368,-0.02399304854235562,-0.0620005445982138,-0.0021453158642518178,下降トレンド,downtrend,1.0
2015-12-30,19070.830078125,19113.1796875,19017.26953125,19033.7109375,100500000,18830.64326622485,0.010783894549124318,-0.011493295277055338,-0.02212952991826478,-0.06685657625878161,-0.0011045813744725574,下降トレンド,downtrend,1.0
2016-01-04,18818.580078125,18951.119140625,18394.4296875,18450.98046875,140200000,18708.747982626814,-0.013777913632498584,-0.01325982638089196,-0.023158916896648174,-0.0748109686189048,-0.0003388617247601644,下降トレンド,downtrend,1.0
2016-01-05,18398.759765625,18547.380859375,18327.51953125,18374.0,132300000,18589.220220490944,-0.0115776895393227,-0.01615039196238699,-0.024166696605338545,-0.08291449234057013,0.0014751650463646904,下降トレンド,downtrend,1.0
2016-01-06,18410.5703125,18469.380859375,18064.30078125,18191.3203125,142200000,18479.16563200238,-0.015576748714448807,-0.01866519530179256,-0.025368500287098916,-0.08761423184455763,0.0003624307085822176,下降トレンド,downtrend,1.0
2016-01-07,18139.76953125,18172.0390625,17767.33984375,17767.33984375,168000000,18345.82828647316,-0.03153242435773218,-0.019398395685839898,-0.029032108142119872,-0.09370033799062938,-0.005039059599764251,下降トレンド,downtrend,1.0
2016-01-08,17562.23046875,17975.310546875,17509.640625,17697.9609375,184300000,18211.9785120936,-0.028224147873459615,-0.02029357358311945,-0.032854148707755826,-0.09787410206663871,-0.010724618789491047,下降トレンド,downtrend,1.0
2016-01-12,17470.9296875,17546.5703125,17184.779296875,17218.9609375,178400000,18057.54889639309,-0.046439744602358224,-0.022815788548327554,-0.03480719751201067,-0.10160836305205567,-0.011648280615362494,下降トレンド,downtrend,1.0
2016-01-13,17449.119140625,17717.75,17414.55078125,17715.630859375,145900000,17971.822786181478,-0.014255199923486006,-0.020386405805806307,-0.03321265911030025,-0.10093749830072418,-0.009045962504961702,下降トレンド,downtrend,1.0
2016-01-14,17384.9296875,17393.830078125,16944.41015625,17240.94921875,178300000,17848.46916787069,-0.034037650142808795,-0.019959904080796065,-0.03413013751223937,-0.10317968840731284,-0.00876163722514045,下降トレンド,downtrend,1.0
2016-01-15,17522.4609375,17597.869140625,17057.599609375,17147.109375,167800000,17727.542590980833,-0.03274188811009471,-0.01827525470404101,-0.03370170514177351,-0.10427342608479406,-0.004669596999653636,下降トレンド,downtrend,1.0
2016-01-18,16826.9296875,17037.259765625,16665.05078125,16955.5703125,157200000,17622.890719556508,-0.03786668246861269,-0.01941550786341295,-0.03234617217156888,-0.10408883729183882,0.0005079765361869493,下降トレンド,downtrend,1.0
2016-01-19,16902.2890625,17088.310546875,16812.650390625,17048.369140625,154200000,17519.813936898157,-0.026909235336127435,-0.018413636927706478,-0.029778956301336312,-0.10611175456405708,0.005028241210674356,下降トレンド,downtrend,1.0
2016-01-20,17030.279296875,17031.3203125,16387.609375,16416.189453125,177800000,17326.995262570003,-0.052565710075106686,-0.022594633540162223,-0.035879917762558944,-0.11374981893390024,-0.002667258652258697,下降トレンド,downtrend,1.0
2016-01-21,16466.859375,16734.580078125,16017.259765625,16017.259765625,228200000,17107.982570605964,-0.0637551973460031,-0.029218143444488365,-0.041487400981014666,-0.12090502148473214,-0.007357263468775299,下降トレンド,downtrend,1.0
2016-01-22,16336.7197265625,16993.9609375,16332.4501953125,16958.529296875,186800000,16994.472230745225,-0.002114977940015028,-0.029985575648524443,-0.04135205748193038,-0.1221341852086204,-0.007650352340156874,下降トレンド,downtrend,1.0
2016-01-25,17145.810546875,17208.240234375,16922.2109375,17110.91015625,157000000,16900.177753990418,0.012469241763438,-0.024633094319682858,-0.041009898833684555,-0.12237810832509877,-0.008663726662115678,下降トレンド,downtrend,1.0
2016-01-26,16833.130859375,16839.51953125,16652.259765625,16708.900390625,147000000,16778.10264287537,-0.004124557688276798,-0.0192822225747048,-0.04233556912728875,-0.12396382840235354,-0.01255661282595244,下降トレンド,downtrend,1.0
2016-01-27,16949.189453125,17242.26953125,16947.94921875,17163.919921875,155000000,16702.010413214986,0.02765592268428607,-0.017209232129088203,-0.03607000751625511,-0.1232349823424077,-0.00019008975369616543,下降トレンド,downtrend,1.0
2016-01-28,17059.83984375,17235.439453125,16942.130859375,17041.44921875,140900000,16611.65499917155,0.025873052359917326,-0.01707217279124429,-0.029011461134358263,-0.12386508422666676,0.012475939846656403,下降トレンド,downtrend,1.0
2016-01-29,17155.060546875,17638.9296875,16767.08984375,17518.30078125,294400000,16553.202405976757,0.05830281969637374,-0.013404390334571747,-0.025965491530249074,-0.12390829170254503,0.015386565951681308,下降トレンド,downtrend,1.0
2016-02-01,17699.599609375,17905.369140625,17666.48046875,17865.23046875,245000000,16518.10079662243,0.08155475552026092,-0.011011226316027245,-0.022607866197015047,-0.12280740689035619,0.018402032636669508,下降トレンド,downtrend,1.0
2016-02-02,17716.51953125,17864.69921875,17684.66015625,17750.6796875,200800000,16498.942041322636,0.07586775218934094,-0.0067851732927595165,-0.016638389184683855,-0.11811618518546685,0.025697179942604897,下降トレンド,downtrend,1.0
2016-02-03,17497.41015625,17515.6796875,17080.5703125,17191.25,228500000,16461.080746239124,0.044357309524023725,-0.005565186571051095,-0.014425189603835542,-0.11448244999034263,0.021644817912419567,下降トレンド,downtrend,1.0
2016-02-04,17071.109375,17209.560546875,16941.880859375,17044.990234375,238800000,16421.87370909462,0.03794430138232596,-0.0058255539612330764,-0.011424586537969628,-0.11133034704472389,0.017586874596388635,下降トレンド,downtrend,1.0
2016-02-05,16790.529296875,16893.119140625,16627.80078125,16819.58984375,259900000,16391.64739346738,0.026107348456822388,-0.006503122902458136,-0.009759743676609922,-0.10651908774523111,0.016205747853639152,下降トレンド,downtrend,1.0
2016-02-08,16620.91015625,17099.009765625,16552.30078125,17004.30078125,200100000,16399.016817921452,0.03690977148502417,-0.003770343471029447,-0.007209302096360171,-0.09954776154431855,0.015398564100654877,下降トレンド,downtrend,1.0
2016-02-09,16666.7890625,16668.69921875,16025.9404296875,16085.4404296875,228200000,16349.761886921635,-0.01616668542711741,-0.004391205501297235,-0.009041801227458679,-0.09457468559382265,0.007596587957225176,下降トレンド,downtrend,1.0
2016-02-10,16127.8603515625,16163.0302734375,15429.990234375,15713.3896484375,283500000,16264.278349032988,-0.03387108169039921,-0.007770362635128092,-0.01195561823916691,-0.09501231218802242,0.0024695713646686324,下降トレンド,downtrend,1.0
2016-02-12,15426.26953125,15437.2197265625,14865.76953125,14952.6103515625,340500000,16112.088565544202,-0.07196324730123771,-0.017496674072782548,-0.018864177683869054,-0.09728456743238101,-0.007439591145899427,下降トレンド,downtrend,1.0
2016-02-15,15248.3798828125,16155.099609375,15243.8798828125,16022.580078125,232200000,16080.289642171485,-0.003588838592505139,-0.016481722890759887,-0.018994902941847247,-0.09292054667788041,-0.009235159265237325,下降トレンド,downtrend,1.0
2016-02-16,15849.4697265625,16341.5595703125,15809.580078125,16054.4296875,224900000,16063.38078196821,-0.0005572360258220277,-0.01235207383650827,-0.020466838937956755,-0.08849342383186176,-0.013257536841596584,下降トレンド,downtrend,1.0
2016-02-17,16035.349609375,16214.4599609375,15632.1201171875,15836.3603515625,204100000,16030.310377669222,-0.012098956385579451,-0.0050755795899646294,-0.01953860315898215,-0.08501822933700909,-0.01049680193152347,下降トレンド,downtrend,1.0
2016-02-18,16138.080078125,16337.58984375,16118.7998046875,16196.7998046875,187800000,16052.958648274123,0.008960414062291422,-0.0016996580599943911,-0.01299287286062889,-0.07352899882463004,-0.0010372546214619804,下降トレンド,downtrend,1.0
2016-02-19,16050.400390625,16050.4599609375,15799.349609375,15967.169921875,161700000,16098.629127018798,-0.008165863323304046,0.0021943291719856983,-0.0008353627446032741,-0.058998975444444546,0.01802881493926578,下降トレンド,downtrend,1.0
2016-02-22,15851.3896484375,16187.400390625,15816.830078125,16111.0498046875,139800000,16124.280748607,-0.0008205602547972646,0.005862043137273343,0.002735716048307024,-0.05120438400928595,0.02173061899015427,上昇トレンドへの転換期,transition_to_uptrend,3.0
2016-02-23,16230.3798828125,16350.3798828125,16001.1904296875,16052.0498046875,165200000,16089.13723992408,-0.002305122685171135,0.002253702413532732,0.00160342696879745,-0.047990058203668085,0.022070265906754205,上昇トレンドへの転換期,transition_to_uptrend,3.0
2016-02-24,15851.1298828125,16006.4501953125,15753.76953125,15915.7900390625,151600000,16051.75743664764,-0.0084705614398779,-0.002911533025659385,0.001337906657646215,-0.04329126014353968,0.020876509816628364,上昇トレンドへの転換期,transition_to_uptrend,3.0
2016-02-25,15983.4697265625,16218.2900390625,15953.9296875,16140.33984375,169800000,16028.648305852086,0.006968244343918517,-0.005930958673190712,-0.0015143839185464136,-0.04031623084309188,0.011478488942082476,下降トレンド,downtrend,1.0
2016-02-26,16311.51953125,16472.5,16188.41015625,16188.41015625,147400000,15992.286085122169,0.012263667000697698,-0.006019661176211666,-0.006605720341625321,-0.0372852021114255,-0.005770357597022047,下降トレンド,downtrend,1.0
2016-02-29,16313.3095703125,16464.75,16026.759765625,16026.759765625,164300000,15921.666819299904,0.006600624640487052,-0.00810444699660906,-0.01256576541093779,-0.03815186760773426,-0.015301481459244815,下降トレンド,downtrend,1.0
2016-03-01,16013.0,16099.419921875,15857.3701171875,16085.509765625,152300000,15816.365414948452,0.017016826787662254,-0.01324396710520681,-0.016953788193114883,-0.04248281266194165,-0.018557215161912333,下降トレンド,downtrend,1.0
2016-03-02,16391.48046875,16815.25,16388.919921875,16746.55078125,175100000,15760.208578907701,0.06258433683817777,-0.014511840582340008,-0.01816304905494681,-0.04477459588407129,-0.019500955712593027,下降トレンド,downtrend,1.0
2016-03-03,16695.779296875,16962.94921875,16691.939453125,16960.16015625,201400000,15756.170600829882,0.07641384356149983,-0.0103944028190196,-0.01699941877960609,-0.04282283504200013,-0.015485034861059677,下降トレンド,downtrend,1.0
2016-03-04,16927.359375,17042.919921875,16861.380859375,17014.779296875,183600000,15789.085703915922,0.07762916839795797,-0.00172477748944444,-0.012706149710220993,-0.03853324026163063,-0.006100429368595672,下降トレンド,downtrend,1.0
2016-03-07,17024.640625,17026.25,16894.580078125,16911.3203125,159500000,15828.555868673533,0.06840576315426072,0.004336699569909452,-0.005848065512431444,-0.03435234490331085,0.006717699898506346,下降トレンド,downtrend,1.0
2016-03-08,16889.48046875,16909.7890625,16570.220703125,16783.150390625,182800000,15856.423140716248,0.05844491167299237,0.00636274780377688,0.0025326757897194963,-0.03308696388506893,0.01948646398283438,上昇トレンドへの転換期,transition_to_uptrend,3.0
2016-03-09,16625.58984375,16706.25,16494.80078125,16642.19921875,160700000,15906.278460470992,0.046266055262886185,0.007422390298762238,0.009268270837403891,-0.027124763621505066,0.027431319892350703,上昇トレンドへの転換期,transition_to_uptrend,3.0
2016-03-10,16811.0,16887.599609375,16713.130859375,16852.349609375,135600000,16034.960834212397,0.050975414509189854,0.013040037717361397,0.01769403495591959,-0.014099458328209469,0.03469345373552568,上昇トレンドへの転換期,transition_to_uptrend,3.0
2016-03-11,16610.1796875,17015.30078125,16575.75,16938.869140625,198000000,16220.373641147138,0.04429586613561187,0.022952875134640838,0.02731557389192285,0.006720734879431145,0.040021723602143844,上昇トレンド,uptrend,4.0
2016-03-14,17155.51953125,17291.349609375,17149.2109375,17233.75,140900000,16410.317227529285,0.05017774861106017,0.03168803867673331,0.03675391259205929,0.02052373388177564,0.042601978104490734,上昇トレンド,uptrend,4.0
2016-03-15,17219.890625,17279.30078125,17042.560546875,17117.0703125,144300000,16530.989867353244,0.035453439258601005,0.030934221684066232,0.04254217490606926,0.029110253422488963,0.04000949911634977,上昇トレンド,uptrend,4.0
2016-03-16,16981.359375,17102.44921875,16950.83984375,16974.44921875,126400000,16642.773650964707,0.019929104050878443,0.026041324272952915,0.046302168814911226,0.03820657609653444,0.037033897977507335,上昇トレンド,uptrend,4.0
2016-03-17,17107.599609375,17253.029296875,16814.83984375,16936.380859375,152500000,16738.462920532304,0.011824140590586785,0.01999630406001751,0.04387301556851364,0.042702674770290994,0.02617898061259405,上昇トレンド,uptrend,4.0
2016-03-18,16883.75,16920.91015625,16613.689453125,16724.810546875,155700000,16804.93340123806,-0.00476781742896748,0.016571514233749696,0.036038612489667665,0.04387356641652507,0.008723038597744814,上昇トレンド,uptrend,4.0
2016-03-22,16937.310546875,17107.80078125,16851.2109375,17048.55078125,136200000,16905.471758057363,0.008463474148507233,0.015784514805164518,0.030173367379969118,0.04844811508989966,-0.006580545212090172,上昇トレンド,uptrend,4.0
2016-03-23,17066.26953125,17142.080078125,16964.310546875,17000.98046875,104700000,16992.665310495137,0.0004893380822210691,0.015186722411113074,0.027927876482076064,0.056157645813910584,-0.0146142984239932,上昇トレンド,uptrend,4.0
2016-03-24,16979.390625,17041.16015625,16843.990234375,16892.330078125,142100000,17073.365894406565,-0.010603405175125702,0.015973433917252366,0.02587262510878996,0.0636446483689379,-0.020429543706121267,上昇トレンド,uptrend,4.0
2016-03-25,16949.529296875,17026.140625,16889.400390625,17002.75,126500000,17156.042905031154,-0.008935213433524325,0.014821896162369175,0.02494733157287854,0.07033622409491969,-0.0189256839956351,上昇トレンド,uptrend,4.0
2016-03-28,17129.26953125,17167.880859375,16961.41015625,17134.369140625,123500000,17233.415368082104,-0.0057473359367027355,0.014167880858470872,0.025497391546489334,0.07760799652743677,-0.010541220943178331,上昇トレンド,uptrend,4.0
2016-03-29,16985.279296875,17137.19921875,16948.4296875,17103.529296875,117000000,17308.302942932118,-0.01183094880718727,0.013760441261469136,0.023828449784772276,0.08709114060541467,-0.006344917595196842,上昇トレンド,uptrend,4.0
2016-03-30,17078.029296875,17078.029296875,16875.91015625,16878.9609375,131200000,17358.75356484887,-0.0276398086738463,0.011815700213612113,0.02154389836229087,0.09751849489027786,-0.006383978119785194,上昇トレンド,uptrend,4.0
2016-03-31,16997.140625,17033.650390625,16758.669921875,16758.669921875,157500000,17355.879540428472,-0.03440964297789362,0.007106204413385386,0.016547038689920024,0.10124681748541708,-0.009325586418869936,上昇トレンド,uptrend,4.0
2016-04-01,16719.560546875,16719.560546875,16113.009765625,16164.16015625,178400000,17250.175782347087,-0.062956786052491,-0.0033583396810584754,0.005486864181735607,0.09482032274000107,-0.019460467391142933,上昇トレンド,uptrend,4.0
2016-04-04,16087.759765625,16238.509765625,16029.5,16123.26953125,144800000,17130.66357440077,-0.05880648106686126,-0.013139767760167897,-0.00596235809830481,0.08496868632185062,-0.031459749644794144,下降トレンドへの転換期,transition_to_downtrend,2.0
2016-04-05,16044.23046875,16066.1796875,15698.5498046875,15732.8203125,158100000,16979.199346247166,-0.07340623125569501,-0.021703319229882556,-0.01901420363221351,0.07269415397843604,-0.04284265341698579,下降トレンドへの転換期,transition_to_downtrend,2.0
2016-04-06,15727.7001953125,15828.6103515625,15612.91015625,15715.3603515625,150500000,16841.85475378754,-0.06688660000298974,-0.023670543054836735,-0.029777415131236218,0.06214715666491588,-0.05132131349352709,下降トレンドへの転換期,transition_to_downtrend,2.0
2016-04-07,15739.259765625,15871.099609375,15636.2099609375,15749.83984375,146000000,16723.93173251811,-0.058245387768121604,-0.023742912241324854,-0.036411165820684155,0.051404435932583814,-0.05295820451060418,下降トレンドへの転換期,transition_to_downtrend,2.0
2016-04-08,15597.0400390625,16027.6298828125,15471.7998046875,15821.51953125,176800000,16614.065981327796,-0.0477033407095242,-0.021504745746452003,-0.03687555472160764,0.0361151581910828,-0.042362418903343246,下降トレンドへの転換期,transition_to_downtrend,2.0
2016-04-11,15761.5703125,15778.740234375,15525.490234375,15751.1298828125,129900000,16489.675188035926,-0.04478834766613704,-0.020910972746182366,-0.03741760402806027,0.016602672222397752,-0.03145524592975546,下降トレンドへの転換期,transition_to_downtrend,2.0
2016-04-12,15719.240234375,15963.0302734375,15693.6103515625,15928.7900390625,147000000,16371.944610153058,-0.027067925139188098,-0.021046912173209087,-0.035764627277806604,-0.0023383227054170064,-0.016750423645593093,下降トレンド,downtrend,1.0
2016-04-13,16142.7099609375,16405.58984375,16132.23046875,16381.2197265625,158800000,16294.049280790266,0.005349833198000864,-0.019261793043147235,-0.03252643375718922,-0.014333115467628943,-0.0027490186259530036,下降トレンド,downtrend,1.0
2016-04-14,16629.830078125,16911.05078125,16602.169921875,16911.05078125,175400000,16281.306509423683,0.038678976497483086,-0.012636311888267193,-0.026466576769969996,-0.02171916467301549,0.009944589050714159,下降トレンド,downtrend,1.0
2016-04-15,16720.390625,16928.669921875,16720.390625,16848.029296875,133300000,16273.604671282466,0.035297934120656294,-0.006006613216221424,-0.02049235331242616,-0.02777186002423293,0.01638320140918148,下降トレンド,downtrend,1.0
2016-04-18,16521.25,16526.900390625,16254.2001953125,16275.9501953125,140600000,16226.273385759992,0.003061504534744408,-0.004159548916436551,-0.015973741099948646,-0.03443393684829699,0.021443862928111623,下降トレンド,downtrend,1.0
2016-04-19,16582.66015625,16900.330078125,16570.5,16874.439453125,145700000,16231.680980655097,0.03959900845981035,-0.0030480065429553393,-0.008567316396304925,-0.03985637236542239,0.02719731088150168,下降トレンド,downtrend,1.0
2016-04-20,17053.830078125,17099.359375,16870.73046875,16906.5390625,143900000,16229.57186033789,0.0417119569134472,-0.0027057810383140923,-0.003957114609220658,-0.04490722533597713,0.028569319147968564,下降トレンド,downtrend,1.0
2016-04-21,17187.26953125,17381.69921875,17144.529296875,17363.619140625,165900000,16279.67318394465,0.0665827835996955,0.0032909465356056877,-0.00010031906702867577,-0.04648718450542544,0.02636625770294132,下降トレンド,downtrend,1.0
2016-04-22,17220.470703125,17572.490234375,17192.390625,17572.490234375,228300000,16350.687515677218,0.07472485285565544,0.007331744331591672,0.0047366791778331585,-0.046942957289863085,0.025229032490259318,上昇トレンドへの転換期,transition_to_uptrend,3.0
2016-04-25,17613.560546875,17613.560546875,17403.869140625,17439.30078125,171600000,16398.77833523073,0.06345121720340807,0.010425812606082996,0.01063121182354343,-0.04843131875050133,0.026604952923492076,上昇トレンドへの転換期,transition_to_uptrend,3.0
2016-04-26,17358.560546875,17426.01953125,17200.5,17353.279296875,161600000,16435.716025736783,0.05582739867867015,0.009585133560668035,0.012570173435817011,-0.05041435431725316,0.021137489832121936,上昇トレンドへの転換期,transition_to_uptrend,3.0
2016-04-27,17369.6796875,17417.5390625,17230.23046875,17290.490234375,140900000,16481.247489688696,0.0491008186845443,0.007984983743729135,0.015507225422616067,-0.05055121451445144,0.019464340031836724,上昇トレンドへの転換期,transition_to_uptrend,3.0
2016-04-28,17438.990234375,17572.26953125,16652.740234375,16666.05078125,233100000,16485.556670304315,0.01094862093864335,0.0052917560869245595,0.012646659673900107,-0.050145708150188706,0.012746978740928783,上昇トレンドへの転換期,transition_to_uptrend,3.0
2016-05-02,16357.099609375,16357.099609375,15975.4697265625,16147.3798828125,179900000,16475.670216027145,-0.019925765016544972,0.0024309370049833134,0.0076438804319447495,-0.04489841588237786,0.002907201254111591,上昇トレンドへの転換期,transition_to_uptrend,3.0
2016-05-06,16212.669921875,16271.6103515625,15989.349609375,16106.7197265625,148100000,16490.72328528997,-0.023286034947297085,0.0005749440755138391,0.005606817055494151,-0.03735642150296481,-0.005024394768049278,上昇トレンドへの転換期,transition_to_uptrend,3.0
2016-05-09,16226.5703125,16292.8603515625,16159.3095703125,16216.0302734375,118800000,16534.681000396144,-0.019271658579382844,0.002979840540072054,0.006021336369184782,-0.026180171207499936,-0.006548837066632229,上昇トレンドへの転換期,transition_to_uptrend,3.0
2016-05-10,16307.5,16587.630859375,16229.150390625,16565.189453125,166500000,16627.554054068474,-0.003750677985510098,0.009218674327043708,0.008877153532905302,-0.012724293306879964,-0.006630071889710765,上昇トレンドへの転換期,transition_to_uptrend,3.0
2016-05-11,16736.720703125,16814.640625,16536.609375,16579.009765625,143500000,16716.299926934906,-0.008212951544898428,0.013679002293741416,0.013996691846398512,-0.0004563403932321686,0.0013500321724984055,上昇トレンドへの転換期,transition_to_uptrend,3.0
2016-05-12,16459.689453125,16658.0703125,16374.58984375,16646.33984375,138700000,16802.177752131814,-0.009274863692121271,0.01617792031967613,0.019817557150849652,0.011322440335522543,0.012173676718904902,上昇トレンド,uptrend,4.0
2016-05-13,16804.169921875,16804.169921875,16400.869140625,16412.2109375,171600000,16860.528704696426,-0.02658978108269816,0.014011360292101926,0.022425057592005748,0.022490043765663215,0.016818240536511597,上昇トレンド,uptrend,4.0
2016-05-16,16391.919921875,16632.619140625,16391.919921875,16466.400390625,125100000,16914.11856972139,-0.02647008635128456,0.011833877332371845,0.022947982444666337,0.03311603920478112,0.016926646075481555,上昇トレンド,uptrend,4.0
2016-05-17,16618.94921875,16655.890625,16509.310546875,16652.80078125,117600000,16950.758725932978,-0.017577852974046015,0.00884295928736445,0.019437896326394588,0.04030363685698024,0.010560742793489286,上昇トレンド,uptrend,4.0
2016-05-18,16611.400390625,16795.470703125,16513.169921875,16644.689453125,165100000,16936.947596604623,-0.01725565612178026,0.00453241373664115,0.01319955197227518,0.04026956232299006,-0.0007971398741233315,上昇トレンド,uptrend,4.0
2016-05-19,16807.4609375,16841.0390625,16590.16015625,16646.66015625,141600000,16901.597246814377,-0.015083609367891437,-0.0007402882305336256,0.005917060047168521,0.03858964182902325,-0.013900497103681131,上昇トレンド,uptrend,4.0
2016-05-20,16594.990234375,16770.869140625,16548.33984375,16736.349609375,126300000,16905.612634130437,-0.010012238445219923,-0.002663367022826657,0.002673933316305499,0.04186662163393762,-0.01975112427570025,上昇トレンド,uptrend,4.0
2016-05-23,16671.279296875,16691.5,16417.83984375,16654.599609375,116500000,16898.295318323097,-0.014421319095060059,-0.0022821277600973966,-0.0009355055265262147,0.041068718542612404,-0.023883487971192552,下降トレンドへの転換期,transition_to_downtrend,2.0
2016-05-24,16605.0390625,16605.0390625,16471.369140625,16498.759765625,109700000,16846.19411654745,-0.02062390760303401,-0.003277981924304285,-0.006168727375344907,0.037993747556364754,-0.025606623701739495,下降トレンドへの転換期,transition_to_downtrend,2.0
2016-05-25,16764.349609375,16806.029296875,16731.119140625,16757.349609375,107400000,16796.767761478895,-0.0023467700847954465,-0.006438386765812765,-0.008276570162726982,0.031763203824276776,-0.021476122135002162,下降トレンドへの転換期,transition_to_downtrend,2.0
2016-05-26,16927.689453125,16957.560546875,16743.169921875,16772.4609375,122000000,16719.95590442408,0.003140261456193505,-0.010553692579016505,-0.010746992709492642,0.02258427288716791,-0.016664052756661163,下降トレンドへの転換期,transition_to_downtrend,2.0
2016-05-27,16830.5,16901.08984375,16792.73046875,16834.83984375,108400000,16648.9409445277,0.0111658092752982,-0.011709064412714576,-0.015182631659532153,0.01525495400834398,-0.017856564975837652,下降トレンドへの転換期,transition_to_downtrend,2.0
2016-05-30,16973.720703125,17068.01953125,16910.189453125,17068.01953125,100300000,16612.682865181177,0.02740897841511014,-0.010959542866330052,-0.016901850024613085,0.010767212037934959,-0.01596634449808687,下降トレンドへの転換期,transition_to_downtrend,2.0
2016-05-31,17029.4609375,17251.359375,16988.640625,17234.98046875,156700000,16600.54885900356,0.03821750805560531,-0.0071415885366614695,-0.01458164709752452,0.007238612816748535,-0.008412919722179613,下降トレンドへの転換期,transition_to_downtrend,2.0
2016-06-01,17097.220703125,17145.94921875,16908.919921875,16955.73046875,133700000,16595.463722807057,0.021708748364038133,-0.0032120494570089253,-0.01198468905032446,0.006666869351201088,-0.003708118887597478,下降トレンドへの転換期,transition_to_downtrend,2.0
2016-06-02,16817.259765625,16819.849609375,16525.470703125,16562.55078125,142800000,16606.085576696823,-0.00262161695155394,-0.0003971236035680281,-0.006810444260629156,0.00791563310989396,0.003936548448863486,下降トレンドへの転換期,transition_to_downtrend,2.0
2016-06-03,16599.509765625,16716.140625,16554.599609375,16642.23046875,107300000,16649.634425923672,-0.00044469187636597685,0.0029568640975077276,4.165318372395532e-05,0.009636396044281126,0.015224284843256108,上昇トレンド,uptrend,4.0
2016-06-06,16373.3203125,16581.30078125,16322.6396484375,16580.029296875,122200000,16682.729792713853,-0.006156096581010795,0.005258429132466214,0.004216472926205528,0.008953834205459588,0.021118322950818613,上昇トレンド,uptrend,4.0
2016-06-07,16651.05078125,16701.009765625,16536.23046875,16675.44921875,109000000,16703.569904405183,-0.0016835135133458357,0.005870397768222846,0.006205881882378028,0.004571679640284154,0.020787528979902548,上昇トレンド,uptrend,4.0
2016-06-08,16722.490234375,16830.919921875,16581.7109375,16830.919921875,112100000,16723.806242033817,0.006404862522980004,0.004454861543065514,0.007733590417867031,0.00044904166183434846,0.01971827946819149,上昇トレンド,uptrend,4.0
2016-06-09,16742.029296875,16785.830078125,16587.76953125,16668.41015625,115500000,16726.060473857553,-0.00344673616944402,0.0025973375869592363,0.0072247548410258045,-0.004530203131829391,0.01403519910165496,上昇トレンドへの転換期,transition_to_uptrend,3.0
2016-06-10,16637.509765625,16643.359375,16496.109375,16601.359375,155000000,16731.769973066523,-0.007794190230707598,0.0016882659708510328,0.004933174209216462,-0.007636695971107832,0.004891521025492507,上昇トレンドへの転換期,transition_to_uptrend,3.0
2016-06-13,16319.1103515625,16335.3798828125,16019.1796875,16019.1796875,126200000,16691.79518266823,-0.04029617472580982,-0.0019141013057859535,0.0005433996754138359,-0.01314424905659295,-0.003673073250791692,上昇トレンドへの転換期,transition_to_uptrend,3.0
2016-06-14,16001.1904296875,16082.5,15762.08984375,15859.0,131700000,16627.70275603542,-0.04623024402793119,-0.005880507126938994,-0.004541972093627278,-0.01905849614880728,-0.010747853976005306,下降トレンド,downtrend,1.0
2016-06-15,15799.0703125,15997.2998046875,15752.009765625,15919.580078125,136800000,16563.586384533904,-0.03888084931957969,-0.010051751177750257,-0.009580346434367004,-0.022044185349287315,-0.017313936852234035,下降トレンド,downtrend,1.0
2016-06-16,15871.2197265625,15913.080078125,15395.98046875,15434.1396484375,154200000,16455.420893549566,-0.06206351400664589,-0.014161106491655251,-0.016180712770409444,-0.02639847268570472,-0.02340546761143525,下降トレンド,downtrend,1.0
2016-06-17,15631.7900390625,15774.8701171875,15582.9404296875,15599.66015625,167200000,16361.18255938274,-0.04654445975214827,-0.016028684212312072,-0.02214872749746888,-0.032204102065402695,-0.02708190170668534,下降トレンド,downtrend,1.0
2016-06-20,15839.0595703125,16035.4404296875,15835.8603515625,15965.2998046875,132000000,16304.565848225846,-0.020808039091409603,-0.01563795003658852,-0.023198783007142287,-0.035135465377591046,-0.023742182682556123,下降トレンド,downtrend,1.0
2016-06-21,15875.8095703125,16202.2998046875,15770.9599609375,16169.1103515625,120900000,16279.28478227813,-0.0067677684977639485,-0.010703835071182,-0.020954065565721325,-0.03365207181795815,-0.016412093472094047,下降トレンド,downtrend,1.0
2016-06-22,16095.8095703125,16160.990234375,15980.650390625,16065.7197265625,111700000,16239.284728106351,-0.0106879708342974,-0.007450429138233794,-0.019579193110639825,-0.03318989946691142,-0.009998846676272821,下降トレンド,downtrend,1.0
2016-06-23,16098.6103515625,16263.8701171875,16057.8603515625,16238.349609375,110800000,16202.549654445773,0.0022095260124324057,-0.006256909550963252,-0.015367047779550669,-0.03094543149132367,0.0008136649908587756,下降トレンド,downtrend,1.0
2016-06-24,16333.8701171875,16389.169921875,14864.009765625,14952.01953125,263000000,16042.748355601323,-0.06798890066554553,-0.014529902869830247,-0.01946278654526734,-0.03641027924515683,0.0026859409522015376,下降トレンド,downtrend,1.0
2016-06-27,15153.080078125,15323.9501953125,15061.66015625,15309.2099609375,161900000,15905.345226345138,-0.037480183983697346,-0.0205636829055188,-0.024485204058601107,-0.042578170219486955,-0.0012864210514588192,下降トレンド,downtrend,1.0
2016-06-28,15094.7099609375,15443.8203125,14987.7900390625,15323.1396484375,180900000,15754.121646033052,-0.027356777310658553,-0.02767638538232642,-0.03225959514000132,-0.05098790528913355,-0.011305529574279993,下降トレンド,downtrend,1.0
2016-06-29,15523.349609375,15626.66015625,15398.3095703125,15566.830078125,147400000,15634.506802577689,-0.004328676645017793,-0.025447108187114154,-0.03724166031044063,-0.05790479472464094,-0.017662467199800802,下降トレンド,downtrend,1.0
2016-06-30,15752.7099609375,15781.6904296875,15575.919921875,15575.919921875,150700000,15550.634036393662,0.0016260356601640602,-0.022301382642354928,-0.040235372330627905,-0.06355811762070329,-0.024868324551077237,下降トレンド,downtrend,1.0
2016-07-01,15698.01953125,15765.0,15635.5703125,15682.48046875,119900000,15493.762032021026,0.01218028496493928,-0.016526444308469945,-0.03422021659952168,-0.069423289685144,-0.014757430054254339,下降トレンド,downtrend,1.0
2016-07-04,15554.0400390625,15805.3095703125,15553.919921875,15775.7998046875,108500000,15447.513338443148,0.021251735412156414,-0.01196030463229647,-0.02878478155530073,-0.07404162685714555,-0.004299577496699625,下降トレンド,downtrend,1.0
2016-07-05,15682.16015625,15702.0400390625,15602.73046875,15669.330078125,109200000,15392.48205136998,0.0179859249360228,-0.010170130983312542,-0.02295523690805923,-0.078491475806584,0.00930435823194209,下降トレンド,downtrend,1.0
2016-07-06,15434.4599609375,15434.4599609375,15167.98046875,15378.990234375,158400000,15301.804567038302,0.005044219915274928,-0.012389338663263638,-0.021279995572647925,-0.08502859064591639,0.015961664737792702,下降トレンド,downtrend,1.0
2016-07-07,15346.8095703125,15418.900390625,15241.91015625,15276.240234375,127300000,15205.699976816237,0.004639066775374623,-0.015653869741295345,-0.0221813502118412,-0.09089770417951104,0.018054022118786706,下降トレンド,downtrend,1.0
2016-07-08,15326.83984375,15399.7001953125,15106.51953125,15106.98046875,129500000,15108.084903037538,-7.310220286860236e-05,-0.018476367059146903,-0.02489241335877035,-0.09704203874680706,0.009327803240751331,下降トレンド,downtrend,1.0
2016-07-11,15375.9404296875,15816.669921875,15375.9404296875,15708.8203125,138900000,15098.053305488927,0.04045336141375433,-0.013315505413542872,-0.022622413413590947,-0.09548055555067847,0.006162368141709784,下降トレンド,downtrend,1.0
2016-07-12,15961.2998046875,16237.6201171875,15956.91015625,16095.650390625,185100000,15157.913712915572,0.06186449504000091,-0.0031426546606551087,-0.015239149714228906,-0.0883939931261013,0.007716087193830323,下降トレンド,downtrend,1.0
2016-07-13,16343.0,16444.25,16196.4404296875,16231.4296875,195600000,15233.466463844978,0.0655112364624022,0.008298971154327539,-0.004466015945631119,-0.08030385991350963,0.016813979627016806,下降トレンド,downtrend,1.0
2016-07-14,16242.2001953125,16398.73046875,16229.259765625,16385.890625,136100000,15342.40744922165,0.06801300116894549,0.016184480130553514,0.008990541219006554,-0.06763810245438395,0.031171891430847753,上昇トレンドへの転換期,transition_to_uptrend,3.0
2016-07-15,16396.119140625,16607.3203125,16396.119140625,16497.849609375,171900000,15473.745342214073,0.06618334763252554,0.020836088348318738,0.02420296427530788,-0.05424040798687513,0.04909537763407823,上昇トレンドへの転換期,transition_to_uptrend,3.0
2016-07-19,16612.08984375,16726.7109375,16514.66015625,16723.310546875,131600000,15597.187202004838,0.07220041218235895,0.023876426224005654,0.03305948696938632,-0.0433853101521241,0.05568190038297727,上昇トレンドへの転換期,transition_to_uptrend,3.0
2016-07-20,16646.919921875,16692.83984375,16554.029296875,16681.890625,120500000,15687.052666527417,0.06341777385597358,0.022463568279387003,0.03490842893247126,-0.03637949232237925,0.050147578646700164,上昇トレンドへの転換期,transition_to_uptrend,3.0
2016-07-21,16855.1796875,16938.9609375,16740.0,16810.220703125,134800000,15783.22319058698,0.06506893428146632,0.02000019009803755,0.0360887476298839,-0.028083843910319373,0.04055476357551502,上昇トレンドへの転換期,transition_to_uptrend,3.0
2016-07-22,16612.900390625,16691.810546875,16566.98046875,16627.25,100800000,15856.13242313888,0.04863213526999988,0.016602046111285906,0.0334839871524395,-0.021380414730705066,0.024493445933432945,上昇トレンドへの転換期,transition_to_uptrend,3.0
2016-07-25,16655.810546875,16778.650390625,16612.330078125,16620.2890625,102900000,15981.527716948129,0.03996872870135415,0.01877185323977737,0.03281573811020211,-0.0038160941813825122,0.008612773834894227,上昇トレンドへの転換期,transition_to_uptrend,3.0
2016-07-26,16535.810546875,16535.810546875,16323.099609375,16383.0400390625,129400000,16121.920404412856,0.016196558976818265,0.021459318526767968,0.033642809797177486,0.013616502816234943,0.0005833228277911662,上昇トレンド,uptrend,4.0
2016-07-27,16526.060546875,16821.4296875,16526.060546875,16664.8203125,155500000,16264.68401204957,0.02460154160720185,0.025766156462876832,0.03682217162148538,0.03240817720517475,0.0019137426890141196,上昇トレンド,uptrend,4.0
2016-07-28,16596.150390625,16616.279296875,16450.279296875,16476.83984375,126400000,16368.316436591744,0.006630089757774238,0.024202236888368978,0.037070580510685014,0.04693525950515243,0.0009818328808011145,上昇トレンド,uptrend,4.0
2016-07-29,16359.6796875,16679.189453125,16174.349609375,16569.26953125,234600000,16462.71518084965,0.006472465157163265,0.021138596884742844,0.03825540437752539,0.058652344484566576,0.004771417225085894,上昇トレンド,uptrend,4.0
2016-08-01,16415.310546875,16677.490234375,16319.150390625,16635.76953125,174100000,16552.940941535457,0.005003859435437574,0.017722873021838836,0.03575460586170087,0.06836163530364159,0.0029388677514987638,上昇トレンド,uptrend,4.0
2016-08-02,16469.6796875,16541.880859375,16391.44921875,16391.44921875,131900000,16604.050797630294,-0.012804199497548852,0.014401869731181405,0.0299052706577978,0.07486884353800494,-0.0037375391393796864,上昇トレンド,uptrend,4.0
2016-08-03,16227.2802734375,16275.33984375,16056.669921875,16083.1103515625,155400000,16621.262349502813,-0.03237732409394345,0.009630681628847837,0.021923471565083785,0.07982989968946996,-0.014898700056401593,上昇トレンド,uptrend,4.0
2016-08-04,16168.33984375,16270.1201171875,15921.0400390625,16254.8896484375,160000000,16670.88413505557,-0.024953354797980776,0.007125210797083392,0.018484961458065996,0.08947177190894262,-0.018585619052619018,上昇トレンド,uptrend,4.0
2016-08-05,16278.990234375,16355.98046875,16230.7001953125,16254.4501953125,129400000,16733.078679622435,-0.028603731176666813,0.007770867697571404,0.01642277691150773,0.10044777321234499,-0.021832627466017662,上昇トレンド,uptrend,4.0
2016-08-08,16462.2890625,16652.0390625,16455.5703125,16650.5703125,141600000,16841.340612912903,-0.011327500868109741,0.013240767083895655,0.017422865966601808,0.11472372051118729,-0.018331739895099064,上昇トレンド,uptrend,4.0
2016-08-09,16632.41015625,16779.58984375,16630.560546875,16764.970703125,127500000,16932.286507881916,-0.009881465487784569,0.015680174531155666,0.019768411591372992,0.12148805977033805,-0.010136859066424808,上昇トレンド,uptrend,4.0
2016-08-10,16699.080078125,16822.859375,16657.58984375,16735.119140625,113800000,16969.315444298252,-0.013801163897388835,0.014117949792676665,0.020940232304669015,0.11950204795263097,-0.00098323926041477,上昇トレンド,uptrend,4.0
2016-08-12,16877.1796875,16943.669921875,16818.4296875,16919.919921875,119100000,16998.9358508837,-0.004648286792881318,0.009357642101838426,0.019678123437874673,0.1158941329098584,0.0011931619798086768,上昇トレンド,uptrend,4.0
2016-08-15,16866.890625,16932.109375,16844.580078125,16869.560546875,83700000,17008.751004316055,-0.008183461407938464,0.004515899042845994,0.016474692432381532,0.108610305169476,5.1915520873802024e-05,上昇トレンド,uptrend,4.0
2016-08-16,16878.66015625,16887.5703125,16596.509765625,16596.509765625,110000000,16979.836637372264,-0.022575415767167595,0.0006200128171667263,0.00822357481168523,0.0973320461109961,-0.009199291154916578,上昇トレンド,uptrend,4.0
2016-08-17,16596.259765625,16772.109375,16596.259765625,16745.640625,117400000,16952.044487507912,-0.012175750403440322,-0.002758488165795936,0.0011668819575429978,0.0868654884983957,-0.018601529633829994,上昇トレンド,uptrend,4.0
2016-08-18,16649.91015625,16714.609375,16481.41015625,16486.009765625,130400000,16892.005175267284,-0.02403476706464247,-0.006863868429795028,-0.004555886139587573,0.07681191198592452,-0.025496118444256588,下降トレンドへの転換期,transition_to_downtrend,2.0
2016-08-19,16558.380859375,16613.0390625,16452.619140625,16545.8203125,121900000,16836.080826744095,-0.017240384934658737,-0.00846626582447585,-0.009580307000872534,0.06670739071757126,-0.029258430438747207,下降トレンドへの転換期,transition_to_downtrend,2.0
2016-08-22,16599.259765625,16631.23046875,16540.939453125,16598.189453125,95300000,16790.750525060655,-0.011468282590957002,-0.009514720337485905,-0.012816959881421064,0.058943636252550835,-0.029291652313802596,下降トレンドへの転換期,transition_to_downtrend,2.0
2016-08-23,16549.8203125,16663.640625,16452.009765625,16497.359375,107600000,16745.872846545695,-0.014840281771096642,-0.008650975843622843,-0.013778918833154075,0.047826787472075694,-0.022002493644839305,下降トレンドへの転換期,transition_to_downtrend,2.0
2016-08-24,16550.2109375,16648.0703125,16544.390625,16597.30078125,91100000,16726.471643315916,-0.007722540941115574,-0.006510374032777655,-0.01330652738424698,0.03749871130349858,-0.014473409341789978,下降トレンドへの転換期,transition_to_downtrend,2.0
2016-08-25,16580.150390625,16628.7890625,16520.83984375,16555.94921875,92900000,16703.022390650982,-0.008805183185487508,-0.005224789343319491,-0.011187705820325244,0.026950316297363663,-0.006631819680737672,下降トレンドへの転換期,transition_to_downtrend,2.0
2016-08-26,16485.55078125,16490.529296875,16320.4296875,16360.7099609375,104600000,16659.815971929016,-0.017953740395181716,-0.005138990090590045,-0.010469470693861394,0.017808767106042733,-0.0008891636929888591,下降トレンドへの転換期,transition_to_downtrend,2.0
2016-08-29,16631.060546875,16764.640625,16616.650390625,16737.490234375,113900000,16659.91265465336,0.0046565418036554895,-0.003979260544715868,-0.0077922586135752425,0.011978429538348712,0.005024701267845821,下降トレンドへの転換期,transition_to_downtrend,2.0
2016-08-30,16690.98046875,16752.16015625,16677.849609375,16725.359375,103700000,16653.25109900453,0.004329981909645175,-0.002979777580512044,-0.0055310193974315025,0.006059959847821927,0.008247899435722572,下降トレンドへの転換期,transition_to_downtrend,2.0
2016-08-31,16857.830078125,16917.859375,16836.9609375,16887.400390625,150300000,16672.52511812451,0.012887986131560947,0.0007628623399507095,-0.0032252184645864546,0.0041239527226686334,0.010081308919660525,下降トレンドへの転換期,transition_to_downtrend,2.0
2016-09-01,16885.16015625,16941.1796875,16864.560546875,16926.83984375,131500000,16721.826097080368,0.012260248700076248,0.003716312546795608,0.0011257667019539674,0.006050307459382731,0.012313472522279212,上昇トレンド,uptrend,4.0
2016-09-02,16903.779296875,16946.490234375,16848.119140625,16925.6796875,116200000,16776.396997813074,0.008898376076006409,0.007394706179377986,0.0069977379150221175,0.006329170180940258,0.01746720860888351,上昇トレンド,uptrend,4.0
2016-09-05,17131.51953125,17156.359375,17009.2109375,17037.630859375,127400000,16834.14223875978,0.012087852040759017,0.009693619862031433,0.010458013059135629,0.006039746843503613,0.01825027167271087,上昇トレンド,uptrend,4.0
2016-09-06,17035.029296875,17097.58984375,17022.640625,17081.98046875,108300000,16877.871528370368,0.012093286765250122,0.009331841533577911,0.013488082779179678,0.0021691215858110624,0.01901910217661118,上昇トレンド,uptrend,4.0
2016-09-07,16937.380859375,17024.259765625,16903.19921875,17012.439453125,132500000,16893.171902731534,0.007060103992322597,0.006960666520569481,0.013234155177080043,-0.002310060435852801,0.016459373641666497,上昇トレンドへの転換期,transition_to_uptrend,3.0
2016-09-08,16984.0,17001.83984375,16836.650390625,16958.76953125,111300000,16901.12559696645,0.003410656524196032,0.003979018191520467,0.010722483229112623,-0.00401842063432889,0.009596716527158655,上昇トレンドへの転換期,transition_to_uptrend,3.0
2016-09-09,16994.369140625,17029.779296875,16902.08984375,16965.759765625,123900000,16903.32267790571,0.003693776005406324,0.0015079596673408524,0.007565729405973443,-0.0056246563794767335,0.0005679914909513251,上昇トレンドへの転換期,transition_to_uptrend,3.0
2016-09-12,16748.359375,16802.0,16601.5390625,16672.919921875,112800000,16872.314032081427,-0.01181782829713185,-0.001234692381644087,0.002267522323398108,-0.008021575023351546,-0.008190490735737521,上昇トレンドへの転換期,transition_to_uptrend,3.0
2016-09-13,16764.650390625,16787.060546875,16658.400390625,16729.0390625,98200000,16863.868145602693,-0.007995145712631158,-0.0022044360980574274,-0.0008296889062187063,-0.006829776648988872,-0.014317771685398384,下降トレンド,downtrend,1.0
2016-09-14,16632.060546875,16706.609375,16585.80078125,16614.240234375,116300000,16850.215941111674,-0.014004313509177857,-0.003141792759091877,-0.0025428002430327723,-0.006006859318430702,-0.015776955420112815,下降トレンド,downtrend,1.0
2016-09-15,16512.419921875,16528.01953125,16359.7802734375,16405.009765625,117800000,16822.111368565835,-0.024794842561810637,-0.0029754462500007905,-0.004675086753677338,-0.004137685607851105,-0.01539756998278996,下降トレンド,downtrend,1.0
2016-09-16,16458.740234375,16532.83984375,16415.859375,16519.2890625,127100000,16814.300855878573,-0.017545290518305,-0.0029392598006671156,-0.005266527991179992,-0.0012936485093920647,-0.012832257397153435,下降トレンド,downtrend,1.0
2016-09-20,16403.220703125,16591.69921875,16403.220703125,16492.150390625,121500000,16798.012140889005,-0.018208211048942435,-0.0030981086773671507,-0.004403775975906021,0.0004324771437411723,-0.006671298299304129,下降トレンドへの転換期,transition_to_downtrend,2.0
2016-09-21,16471.849609375,16823.630859375,16399.650390625,16807.619140625,191100000,16814.501417782594,-0.00040930604997391207,-0.0004523778624757613,-0.002927366805401177,0.00409823792798325,-0.0020976778991824707,下降トレンドへの転換期,transition_to_downtrend,2.0
2016-09-23,16759.83984375,16808.58984375,16725.529296875,16754.01953125,138000000,16824.84096300871,-0.004209337366957611,0.0006268537253188988,-0.001505914119536711,0.0058810561958597685,0.0010368861234960614,下降トレンドへの転換期,transition_to_downtrend,2.0
2016-09-26,16707.44921875,16707.44921875,16514.9296875,16544.560546875,102900000,16812.43807018548,-0.015933294278449806,0.0008587878836781027,-0.0005750347366283437,0.006550651551286757,0.004100052017048994,下降トレンドへの転換期,transition_to_downtrend,2.0
2016-09-27,16390.91015625,16683.9296875,16285.41015625,16683.9296875,157100000,16824.38009583773,-0.008348028726031687,0.0005875094247329571,0.000599444487495937,0.009877907666326902,0.005865972478675929,上昇トレンド,uptrend,4.0
2016-09-28,16504.990234375,16515.83984375,16385.029296875,16465.400390625,112200000,16805.76247136485,-0.020252700900645793,-0.0011339478147702753,0.0004613837882032623,0.008754536697451076,0.004865159764109284,上昇トレンド,uptrend,4.0
2016-09-29,16606.30078125,16756.4296875,16584.140625,16693.7109375,122700000,16792.845980393115,-0.005903409285648253,-0.001165333053455675,-0.0012879024391753147,0.008382440194931506,0.0016394643662258623,下降トレンドへの転換期,transition_to_downtrend,2.0
2016-09-30,16474.44921875,16497.55078125,16407.779296875,16449.83984375,124400000,16749.91061806401,-0.017914768690789007,-0.004426283604478498,-0.004453554426424922,0.004641498476758654,-0.0029476403068882107,下降トレンドへの転換期,transition_to_downtrend,2.0
2016-10-03,16566.029296875,16652.16015625,16554.830078125,16598.669921875,99200000,16713.93379294141,-0.006896274240064781,-0.0054641185474272325,-0.005859012050057899,-0.00047197621199612794,-0.005283977313429555,下降トレンド,downtrend,1.0
2016-10-04,16661.509765625,16747.19921875,16637.8203125,16735.650390625,100300000,16691.91754770545,0.0026200011349541974,-0.006010204155120991,-0.007873249853945663,-0.005035613434674735,-0.0084726943414416,下降トレンド,downtrend,1.0
2016-10-05,16787.890625,16844.349609375,16728.189453125,16819.240234375,115100000,16674.568728703354,0.00867617675907928,-0.004498047248049253,-0.007806473695259997,-0.009479158949305844,-0.008267857483463259,下降トレンド,downtrend,1.0
2016-10-06,16913.599609375,16971.279296875,16888.76953125,16899.099609375,110600000,16659.67008200083,0.014371804855418446,-0.0032466151662929876,-0.007930513895487268,-0.012928256149050465,-0.006642611456311953,下降トレンド,downtrend,1.0
2016-10-07,16883.119140625,16895.130859375,16820.2109375,16860.08984375,100300000,16643.678123731857,0.013002637903070546,-0.0028899869554066537,-0.006342272311446462,-0.014768912578184024,-0.0018887178850215403,下降トレンド,downtrend,1.0
2016-10-11,16936.310546875,17074.4609375,16931.119140625,17024.759765625,111600000,16650.066096301627,0.022504034948341856,-0.0014694612376719984,-0.0038212246997625376,-0.014854602388723936,0.0020377873502953614,下降トレンド,downtrend,1.0
2016-10-12,16850.73046875,16951.5390625,16839.41015625,16840.0,116300000,16641.516313312197,0.01192701932629947,-0.0010896835651172943,-0.0030194993624432787,-0.015488455706742288,0.004853750491502384,下降トレンド,downtrend,1.0
2016-10-13,16923.8203125,16974.25,16739.73046875,16774.240234375,111100000,16640.744113056335,0.008022244703223658,-0.00017628379098122426,-0.0020285151716574745,-0.013724846430950732,0.005777958523602522,下降トレンド,downtrend,1.0
2016-10-14,16751.0390625,16866.560546875,16727.779296875,16856.369140625,109400000,16658.323486273694,0.011888690630512455,0.0004959373689152891,-8.082967552824893e-05,-0.01218846456544409,0.007849684219959019,下降トレンド,downtrend,1.0
2016-10-17,16871.83984375,16954.439453125,16821.490234375,16900.119140625,95100000,16682.897857852186,0.013020596578823707,0.002486645072533822,0.0023564343066937443,-0.009929729318854608,0.008698706618140206,上昇トレンドへの転換期,transition_to_uptrend,3.0
2016-10-18,16862.310546875,16966.900390625,16844.169921875,16963.609375,98600000,16728.007805123812,0.014084257529101807,0.005243977761728358,0.004681165129998943,-0.005594039973951581,0.00850238982976148,上昇トレンドへの転換期,transition_to_uptrend,3.0
2016-10-19,16952.91015625,17016.66015625,16938.4609375,16998.91015625,101700000,16779.598849121834,0.013070116222691608,0.007280166155259948,0.008297473211571482,-0.0020638388151956732,0.01131697257401476,上昇トレンドへの転換期,transition_to_uptrend,3.0
2016-10-20,16999.359375,17235.5,16992.140625,17235.5,112400000,16848.59281192457,0.022963768689430175,0.009932024728809052,0.012490348836333265,0.0030111105178001196,0.01451886400799074,上昇トレンド,uptrend,4.0
2016-10-21,17283.75,17288.890625,17151.98046875,17184.58984375,114200000,16897.002062953157,0.017020047682149597,0.010102473635717812,0.01432788700952603,0.004906517482778927,0.01440871668505428,上昇トレンド,uptrend,4.0
2016-10-24,17216.560546875,17244.740234375,17162.2109375,17234.419921875,87700000,16937.570783248393,0.017526075163045052,0.009414523883854775,0.015265508880181855,0.0067002012374162145,0.01290907457348811,上昇トレンド,uptrend,4.0
2016-10-25,17298.630859375,17381.80078125,17298.630859375,17365.25,108400000,17002.679274494956,0.021324328927907255,0.009145360938471514,0.01641985540483848,0.011315503647673975,0.011738690274839536,上昇トレンド,uptrend,4.0
2016-10-26,17329.029296875,17391.83984375,17295.4609375,17391.83984375,98100000,17071.83863220298,0.018744390597940308,0.010347194644259039,0.017416374831656922,0.014708330111162349,0.00911890162008544,上昇トレンド,uptrend,4.0
2016-10-27,17346.390625,17414.2109375,17278.119140625,17336.419921875,107600000,17138.555251879803,0.011545002894774115,0.011866192100592698,0.01720989065330203,0.019802301804633604,0.004719541816968764,上昇トレンド,uptrend,4.0
2016-10-28,17448.25,17461.029296875,17406.720703125,17446.41015625,167900000,17212.78752777233,0.013572620245310585,0.012357361442002057,0.018688845727937498,0.025007169592904388,0.004360958718411467,上昇トレンド,uptrend,4.0
2016-10-31,17360.890625,17433.130859375,17327.619140625,17425.01953125,157200000,17283.716619545055,0.008175493432075465,0.012410964741806252,0.020436569135345417,0.03186918507525416,0.005171060255163562,上昇トレンド,uptrend,4.0
2016-11-01,17380.5390625,17473.119140625,17339.640625,17442.400390625,123000000,17357.402936792958,0.004896899273558519,0.012769319332745388,0.020862809712002717,0.038498964506087585,0.0044429543071642374,上昇トレンド,uptrend,4.0
2016-11-02,17238.0,17283.599609375,17080.58984375,17134.6796875,135200000,17384.04426431327,-0.014344451326851249,0.009949390025562277,0.01828775674585925,0.041464781660329075,0.0008713819142023294,上昇トレンド,uptrend,4.0
2016-11-04,16964.5,16996.08984375,16801.98046875,16905.359375,134800000,17376.05113929407,-0.027088534703356926,0.005342283825956695,0.013857404193286404,0.04206899872517811,-0.0033524864600156246,上昇トレンド,uptrend,4.0
2016-11-07,17126.029296875,17186.890625,17056.83984375,17177.2109375,113000000,17386.19760311313,-0.012020262876553889,0.0016589271116784765,0.010074491134048458,0.04360995851275851,-0.00861435459388904,上昇トレンド,uptrend,4.0
2016-11-08,17242.69921875,17247.0390625,17130.830078125,17171.380859375,100000000,17392.68074924741,-0.012723736671932384,0.0004968052774618759,0.006304438570760684,0.0450022296722723,-0.014132130564584733,上昇トレンド,uptrend,4.0
2016-11-09,17281.94921875,17427.7109375,16111.8095703125,16251.5400390625,274900000,17302.37133135754,-0.060733368401970966,-0.004240307958688794,-0.0031704976623413428,0.039177336070804314,-0.02403330737434406,下降トレンドへの転換期,transition_to_downtrend,2.0
2016-11-10,16562.859375,17393.8203125,16560.66015625,17344.419921875,229400000,17321.90835170376,0.0012996010436128191,-0.0036977177458202837,-0.0035743070867038096,0.04088521896573161,-0.02186206383256306,下降トレンドへの転換期,transition_to_downtrend,2.0
2016-11-11,17526.609375,17621.73046875,17333.490234375,17374.7890625,241800000,17354.74099248898,0.0011551926945896351,-0.002181363373790046,-0.0012264090750113699,0.04290654760278678,-0.015083813268297774,下降トレンドへの転換期,transition_to_downtrend,2.0
2016-11-14,17467.490234375,17697.330078125,17455.779296875,17672.619140625,165300000,17414.60592136787,0.014815909152474438,0.006486659421470531,0.00163395809154121,0.04539967276523038,-0.008440533042507248,上昇トレンド,uptrend,4.0
2016-11-15,17690.220703125,17727.580078125,17605.76953125,17668.150390625,173200000,17466.306075160654,0.011556210832203151,0.008336132516408856,0.004233121217752878,0.046958761240616154,-0.0020713173530078066,上昇トレンド,uptrend,4.0
2016-11-16,17832.509765625,17886.439453125,17807.470703125,17862.2109375,200300000,17530.6761183405,0.01891169609896859,0.01013758291913791,0.01319499984196959,0.04798349705281879,0.016365497504310933,上昇トレンド,uptrend,4.0
2016-11-17,17766.609375,17884.060546875,17764.080078125,17862.630859375,161100000,17589.45126155202,0.01553087664651076,0.010040154854702443,0.015445348423284155,0.04826411046605994,0.019019655509987965,上昇トレンド,uptrend,4.0
2016-11-18,18024.2109375,18043.720703125,17967.41015625,17967.41015625,166800000,17644.55859317737,0.01829751429414994,0.010205507521147572,0.016699621205169324,0.047242270623897964,0.017926030280180694,上昇トレンド,uptrend,4.0
2016-11-21,18038.08984375,18129.029296875,18007.7890625,18106.01953125,135700000,17704.380637523962,0.022685848319075053,0.009908603525093485,0.016639751566271954,0.04778235639451034,0.015005793474730744,上昇トレンド,uptrend,4.0
2016-11-22,18091.05078125,18175.630859375,18050.55078125,18162.939453125,121900000,17768.428699005875,0.02220290610959852,0.010175271234587724,0.017297453883215796,0.049054136888343924,0.013064332665462919,上昇トレンド,uptrend,4.0
2016-11-24,18329.779296875,18382.720703125,18310.310546875,18333.41015625,149400000,17839.50647674229,0.027685949729137516,0.011048612099613386,0.017616568597641935,0.04921737267035464,0.004421568755672345,上昇トレンド,uptrend,4.0
2016-11-25,18387.58984375,18482.939453125,18288.5,18381.220703125,164900000,17907.288012397654,0.02646591099664186,0.011460857006408531,0.018069736577875917,0.04893728192924374,0.0026243881545917613,上昇トレンド,uptrend,4.0
2016-11-28,18302.580078125,18374.9296875,18222.8203125,18356.890625,145000000,17973.170802016204,0.021349589741880726,0.011522802971417612,0.018623997143566884,0.04869812757670222,0.00192437593839756,上昇トレンド,uptrend,4.0
2016-11-29,18263.630859375,18327.509765625,18258.8203125,18307.0390625,125600000,18030.92876277455,0.015313149053945985,0.010730245608634004,0.018444481732305285,0.047531013421398205,0.0018047301660333304,上昇トレンド,uptrend,4.0
2016-11-30,18356.029296875,18370.310546875,18280.66015625,18308.48046875,164700000,18084.143051068626,0.012405200348607037,0.00987614866910791,0.01776827638565548,0.04631101337419641,0.0004708225024396828,上昇トレンド,uptrend,4.0
2016-12-01,18535.240234375,18746.279296875,18469.26953125,18513.119140625,188000000,18157.978047037115,0.01955840527331376,0.010282395190957638,0.017852039276424092,0.04612297779566754,0.000235470678782157,上昇トレンド,uptrend,4.0
2016-12-02,18435.55078125,18469.6796875,18315.380859375,18426.080078125,197200000,18236.251444185567,0.010409410866066837,0.011387249326552329,0.018370365828715318,0.04902237746953664,0.0003006292508394015,上昇トレンド,uptrend,4.0
2016-12-05,18349.919921875,18365.740234375,18227.390625,18274.990234375,134500000,18322.660952692375,-0.0026017355470614456,0.013189339464424021,0.019445102621345134,0.05447784458101923,0.00082110547777825,上昇トレンド,uptrend,4.0
2016-12-06,18457.19921875,18484.80078125,18318.990234375,18360.5390625,158800000,18412.12912441963,-0.0028019606842321076,0.013996661782724518,0.021141471227598574,0.059008389570057496,0.0026969894952932894,上昇トレンド,uptrend,4.0
2016-12-07,18434.5390625,18502.470703125,18410.880859375,18496.689453125,151700000,18499.90029497407,-0.0001735599542632693,0.014457403792409673,0.02299015456421527,0.06366008562392378,0.005221878178559791,上昇トレンド,uptrend,4.0
2016-12-08,18674.189453125,18765.470703125,18614.009765625,18765.470703125,187400000,18655.896243865445,0.005873449220944682,0.018187057656824823,0.02742145604199453,0.07822771148454533,0.009569416765570438,上昇トレンド,uptrend,4.0
2016-12-09,18839.98046875,19042.48046875,18821.41015625,18996.369140625,212300000,18818.486034207745,0.00945257265084476,0.022070066261330457,0.03192731750843536,0.08639796794426413,0.013556951679720042,上昇トレンド,uptrend,4.0
2016-12-12,19183.8203125,19280.9296875,19054.0,19155.029296875,200600000,18939.911607172842,0.011357903572300154,0.023784523439745797,0.03368782820760363,0.0913393415303585,0.014242725586258498,上昇トレンド,uptrend,4.0
2016-12-13,19120.759765625,19253.509765625,19060.720703125,19250.51953125,147600000,19051.870935867966,0.010426723761184364,0.021225176578301808,0.03474567265552464,0.09401677085848714,0.013604201427926066,上昇トレンド,uptrend,4.0
2016-12-14,19270.009765625,19284.279296875,19184.75,19253.609375,133200000,19147.57719007656,0.005537629323588256,0.017487653112508772,0.03500975058111244,0.09625796706419187,0.012019596016897172,上昇トレンド,uptrend,4.0
2016-12-15,19327.69921875,19436.900390625,19192.599609375,19273.7890625,154600000,19233.677113249392,0.002085506011899163,0.015510394777412673,0.030970416099625142,0.09714405670453408,0.0035489600576306124,上昇トレンド,uptrend,4.0
2016-12-16,19438.390625,19439.970703125,19360.359375,19401.150390625,148700000,19321.71657892081,0.004111115665098364,0.014163734572903097,0.02674128746586235,0.09848319265964056,-0.005186030042573009,上昇トレンド,uptrend,4.0
2016-12-19,19345.83984375,19399.259765625,19307.140625,19391.599609375,106000000,19401.494507282958,-0.0005100069947829855,0.013261067689440686,0.02437091099914679,0.09957380938874505,-0.009316917208456843,上昇トレンド,uptrend,4.0
2016-12-20,19367.83984375,19511.19921875,19356.810546875,19494.529296875,119600000,19477.996089021693,0.0008488146202383362,0.012702665971448424,0.022366577780635888,0.10017946901449926,-0.012379094874888752,上昇トレンド,uptrend,4.0
2016-12-21,19547.279296875,19592.900390625,19375.189453125,19444.490234375,130300000,19538.36685742975,-0.004804732337137629,0.01121278627724509,0.02040935328129767,0.09961140562321646,-0.014600397299814771,上昇トレンド,uptrend,4.0
2016-12-22,19396.849609375,19427.669921875,19327.509765625,19427.669921875,113500000,19584.930511534956,-0.008029673098269852,0.009454735777346457,0.0182624152530666,0.0978403767541558,-0.012708000846558543,上昇トレンド,uptrend,4.0
2016-12-26,19394.41015625,19432.48046875,19385.939453125,19396.640625,85500000,19617.369132428114,-0.011251687519262865,0.007155409764404652,0.015301567658323467,0.09549637660635879,-0.011439719807538884,上昇トレンド,uptrend,4.0
2016-12-27,19353.4296875,19478.580078125,19352.060546875,19403.060546875,110200000,19649.118929605364,-0.012522616592219205,0.005668440611426906,0.012763162251725024,0.09324721531056457,-0.011607748747421764,上昇トレンド,uptrend,4.0
2016-12-28,19392.109375,19442.130859375,19364.73046875,19401.720703125,77700000,19683.999061630624,-0.01434049847400476,0.0050584070256118885,0.010576189237713196,0.09167970882725096,-0.011790388542922692,上昇トレンド,uptrend,4.0
2016-12-29,19301.0390625,19301.0390625,19092.220703125,19145.140625,163500000,19694.346744163115,-0.02788648571579988,0.003923951841623641,0.007983261235267936,0.08903953527393371,-0.012426092046029735,上昇トレンド,uptrend,4.0
2016-12-30,18997.6796875,19176.810546875,18991.58984375,19114.369140625,117800000,19692.129308121785,-0.02933964928101984,0.0021889214814418967,0.00547353469156775,0.08448910209664007,-0.01278888056149885,上昇トレンド,uptrend,4.0
