date,open,high,low,close,volume,ssa_40,price_to_ssa_gap,ssa_slope_3,ssa_slope_5,ssa_slope_20,ssa_curvature,trend_label_ja,trend_label_en,trend_score
2018-01-04,23073.73046875,23506.330078125,23065.19921875,23506.330078125,102200000,22976.551357160937,0.02305736455958396,0.0020350562297650754,0.0040274823788573055,0.0020202124954247225,-0.0018411546755345842,上昇トレンド,uptrend,4.0
2018-01-05,23643.0,23730.470703125,23520.51953125,23714.529296875,101900000,23065.636698266462,0.028132438184865105,0.005996076821277896,0.006855812786003224,0.007783672415167864,0.0014036247227722232,上昇トレンド,uptrend,4.0
2018-01-09,23948.970703125,23952.609375,23789.029296875,23849.990234375,94100000,23190.915760757613,0.028419510484904542,0.012014899053043315,0.011383745851313076,0.01771602415270035,0.0065518459576898724,上昇トレンド,uptrend,4.0
2018-01-10,23832.810546875,23864.759765625,23755.44921875,23788.19921875,88800000,23310.32355034478,0.020500602120477662,0.014526644490528318,0.016667970099603524,0.026496411025309863,0.012832504356000252,上昇トレンド,uptrend,4.0
2018-01-11,23656.390625,23734.970703125,23601.83984375,23710.4296875,83700000,23387.569252988436,0.013804787963174414,0.01395723685989414,0.02059654654560039,0.03167296278503051,0.01814279105785732,上昇トレンド,uptrend,4.0
2018-01-12,23719.66015625,23743.05078125,23588.0703125,23653.8203125,93700000,23435.76208925096,0.00930450746250977,0.010557855110993941,0.01998605991611968,0.03430737459214184,0.015958577537262375,上昇トレンド,uptrend,4.0
2018-01-15,23827.98046875,23833.26953125,23685.01953125,23714.880859375,75400000,23486.112090051847,0.00974059769645974,0.007541231220038913,0.01822951593688238,0.036158446111516085,0.011373703150879155,上昇トレンド,uptrend,4.0
2018-01-16,23721.169921875,23962.0703125,23701.830078125,23951.810546875,68500000,23567.394810369722,0.016311337744303156,0.007688937462293488,0.01623390182155582,0.03912346695514701,0.004850155970242742,上昇トレンド,uptrend,4.0
2018-01-17,23783.419921875,23891.630859375,23739.169921875,23868.33984375,82200000,23646.539669407037,0.009379815289842108,0.008993843654555356,0.014423485728806362,0.041430842064401174,-0.002244484370797162,上昇トレンド,uptrend,4.0
2018-01-18,24078.9296875,24084.419921875,23699.470703125,23763.369140625,99400000,23723.704198596795,0.0016719539957235074,0.010116280959315826,0.014372376281276411,0.04420706769990246,-0.0062241702643239805,上昇トレンド,uptrend,4.0
2018-01-19,23854.109375,23872.689453125,23735.609375,23808.060546875,71800000,23792.73018035045,0.0006443298607745618,0.009561318584164313,0.01523176800225401,0.045794378247738576,-0.004754291913865671,上昇トレンド,uptrend,4.0
2018-01-22,23797.83984375,23816.330078125,23697.810546875,23816.330078125,65200000,23846.33910601116,-0.001258433328183095,0.008449415406966088,0.015337873487877074,0.04661022543593396,-0.002891642449005305,上昇トレンド,uptrend,4.0
2018-01-23,23924.400390625,24129.33984375,23916.01953125,24124.150390625,73400000,23929.889961565674,0.008117898969503434,0.008691128554076055,0.015381214347733208,0.04865392541018765,-0.0008526874738226109,上昇トレンド,uptrend,4.0
2018-01-24,24026.4296875,24072.76953125,23917.140625,23940.779296875,79900000,23993.264848663828,-0.0021875118755150247,0.008428400893605525,0.014662829492357865,0.050467748248003375,0.00023934376355150278,上昇トレンド,uptrend,4.0
2018-01-25,23750.650390625,23828.400390625,23649.029296875,23669.490234375,81500000,24027.224806127724,-0.01488871788728141,0.007585470428497221,0.012793980442096453,0.051082891012332654,-0.001578395839179958,上昇トレンド,uptrend,4.0
2018-01-26,23757.33984375,23797.9609375,23592.279296875,23631.880859375,87200000,24052.845736518862,-0.01750166619597615,0.005138167168786456,0.01093256445127233,0.05105930709473072,-0.004299203550981678,上昇トレンド,uptrend,4.0
2018-01-29,23707.140625,23787.23046875,23580.169921875,23629.33984375,68800000,24077.998240618483,-0.01863354222327407,0.0035315490613347933,0.009714662430046817,0.05104718356376026,-0.005623211057830257,上昇トレンド,uptrend,4.0
2018-01-30,23559.330078125,23581.98046875,23233.369140625,23291.970703125,88800000,24070.318425227237,-0.032336411523599895,0.0017935329380411869,0.005868328850952009,0.04973555438178656,-0.009512885496781198,上昇トレンド,uptrend,4.0
2018-01-31,23205.23046875,23375.380859375,23092.849609375,23098.2890625,99800000,24048.706848902555,-0.03952053606765671,-0.00017207475829039698,0.0023107318069643945,0.048872184154327813,-0.01235209768539347,上昇トレンド,uptrend,4.0
2018-02-01,23276.099609375,23492.76953125,23211.119140625,23486.109375,101800000,24071.688424310523,-0.024326463478113736,-0.00026205734566897565,0.0018505515531472838,0.05045042559238255,-0.01094342888894917,上昇トレンド,uptrend,4.0
2018-02-02,23361.669921875,23367.9609375,23122.44921875,23274.529296875,98600000,24038.003462151253,-0.031761130514785574,-0.0013425232896842054,-0.0006170693700943142,0.04619718984326604,-0.011549633821366645,下降トレンドへの転換期,transition_to_downtrend,2.0
2018-02-05,22921.16015625,22967.689453125,22659.4296875,22682.080078125,107600000,23904.860568765573,-0.05115196079571682,-0.005981455927787094,-0.00719070041133385,0.0363841623570782,-0.016905362841380667,下降トレンドへの転換期,transition_to_downtrend,2.0
2018-02-06,22267.0,22277.44921875,21078.7109375,21610.240234375,190100000,23658.916351704698,-0.08659213663359877,-0.01714761612604443,-0.0170916755754823,0.020180341120423106,-0.02296000442643431,下降トレンドへの転換期,transition_to_downtrend,2.0
2018-02-07,22001.2890625,22353.869140625,21627.130859375,21645.369140625,143500000,23424.920235945177,-0.07596828836110547,-0.02550474822800486,-0.02593846799649624,0.004916134490921875,-0.028249199803460634,下降トレンドへの転換期,transition_to_downtrend,2.0
2018-02-08,21721.5703125,21977.029296875,21649.69921875,21890.859375,104700000,23230.76145617823,-0.05767792345962386,-0.028199248878620575,-0.034934274376990704,-0.006704749652004627,-0.03678482593013799,下降トレンド,downtrend,1.0
2018-02-09,21507.740234375,21510.30078125,21119.009765625,21382.619140625,127600000,23003.111173762783,-0.07044664614698326,-0.027719155357454173,-0.043052339601246326,-0.01846114130364096,-0.04243527023115201,下降トレンド,downtrend,1.0
2018-02-13,21633.33984375,21679.19921875,21211.529296875,21244.6796875,114700000,22771.089914641074,-0.06703281366253977,-0.027911741628934617,-0.04742845710658106,-0.03044446746524898,-0.04023775669524721,下降トレンド,downtrend,1.0
2018-02-14,21251.240234375,21371.009765625,20950.150390625,21154.169921875,103900000,22526.028657426305,-0.06090104724691603,-0.030336190231271987,-0.047884175142990704,-0.04418673176745069,-0.030792499567508402,下降トレンド,downtrend,1.0
2018-02-15,21384.099609375,21578.990234375,21308.919921875,21464.98046875,86400000,22312.235038041683,-0.03797264450859095,-0.03003403020149331,-0.04750006346643165,-0.05642705655963798,-0.021561595469935413,下降トレンド,downtrend,1.0
2018-02-16,21555.990234375,21866.369140625,21499.880859375,21720.25,77800000,22138.48942115065,-0.018891958398528974,-0.027780861428318482,-0.04701834836916585,-0.06681986776499715,-0.012084073992175148,下降トレンド,downtrend,1.0
2018-02-19,21903.66015625,22152.849609375,21858.330078125,22149.2109375,68500000,22013.062215525522,0.0061849060635668085,-0.022772165023046353,-0.04303978495598049,-0.07479881255051135,1.2554645265838715e-05,下降トレンド,downtrend,1.0
2018-02-20,22054.3203125,22063.869140625,21831.44921875,21925.099609375,67500000,21870.339690077355,0.002503844022253121,-0.019805068708307783,-0.039556746204957305,-0.08286384786986856,0.007871710901623752,下降トレンド,downtrend,1.0
2018-02-21,21942.419921875,22130.580078125,21836.73046875,21970.810546875,77900000,21722.658773157757,0.0114236372402019,-0.01878315363267824,-0.035664070950371274,-0.09223741487959203,0.01222010419261943,下降トレンド,downtrend,1.0
2018-02-22,21789.880859375,21799.400390625,21626.849609375,21736.439453125,77300000,21555.153543565408,0.008410327915001625,-0.020801679815230734,-0.03393122621671363,-0.10161648781342059,0.013568837249718024,下降トレンド,downtrend,1.0
2018-02-23,21789.720703125,21903.390625,21741.630859375,21892.779296875,64600000,21428.960098897984,0.021644503318706043,-0.02018165229411717,-0.032049581557032414,-0.10813836088831608,0.014968766812133438,下降トレンド,downtrend,1.0
2018-02-26,22134.640625,22226.529296875,22040.869140625,22153.630859375,64600000,21344.92054498504,0.03788771725271012,-0.017389134180917032,-0.030352054793596595,-0.11258232066164386,0.012687730162383892,下降トレンド,downtrend,1.0
2018-02-27,22391.669921875,22502.05078125,22325.0703125,22389.859375,74300000,21287.713008674025,0.05177382680219744,-0.012407266519853577,-0.02664003804511872,-0.11588526604497273,0.012916708159838586,下降トレンド,downtrend,1.0
2018-02-28,22292.529296875,22380.279296875,22068.240234375,22068.240234375,88800000,21222.07898566684,0.03987174156121309,-0.009654276842009812,-0.02304413068024025,-0.11832994434237554,0.012619940270131025,下降トレンド,downtrend,1.0
2018-03-01,21901.130859375,21901.130859375,21645.220703125,21724.470703125,90300000,21154.350010920945,0.02695051806884785,-0.008928144457715947,-0.018594325103479026,-0.12035394901550356,0.015336901113234602,下降トレンド,downtrend,1.0
2018-03-02,21339.98046875,21366.08984375,21088.9609375,21181.640625,97100000,21032.749813357488,0.007078998845312823,-0.011977012054448899,-0.01848947796402267,-0.12624534504542462,0.013560103593009742,下降トレンド,downtrend,1.0
2018-03-05,21047.810546875,21164.380859375,20937.259765625,21042.08984375,87200000,20896.484095586617,0.006967954393540143,-0.015342271146013942,-0.021009047489932375,-0.1306896960686056,0.00934300730366422,下降トレンド,downtrend,1.0
2018-03-06,21390.19921875,21551.140625,21381.419921875,21417.759765625,76400000,20835.35947206158,0.027952495580619408,-0.01507919357931986,-0.02124951310777845,-0.1284048943884929,0.005390524937340269,下降トレンド,downtrend,1.0
2018-03-07,21261.9609375,21484.080078125,21201.939453125,21252.720703125,87000000,20839.897046127007,0.01980929445497015,-0.009169165655553257,-0.01800869461460186,-0.11915251162273,0.005035436065638388,下降トレンド,downtrend,1.0
2018-03-08,21488.16015625,21488.16015625,21299.400390625,21368.0703125,72100000,20900.63842037031,0.022364479147877203,0.0001988049647341228,-0.011993353159972187,-0.1077605298182146,0.006600971943506839,下降トレンド,downtrend,1.0
2018-03-09,21594.220703125,21884.44921875,21357.55078125,21469.19921875,110500000,20953.402168676505,0.02461638668132693,0.005665498441397743,-0.0037725758821413047,-0.09803205511785151,0.014716902081881367,下降トレンド,downtrend,1.0
2018-03-12,21826.099609375,21971.16015625,21689.970703125,21824.029296875,70600000,21048.387835064383,0.03685039765936282,0.010004405898738522,0.007269344392239141,-0.08497647661364816,0.028278391882171516,上昇トレンドへの転換期,transition_to_uptrend,3.0
2018-03-13,21742.44921875,21968.099609375,21700.779296875,21968.099609375,68100000,21182.882768920797,0.03706845989849228,0.013504101782623401,0.016679496090538537,-0.06974664593015856,0.03792900919831699,上昇トレンドへの転換期,transition_to_uptrend,3.0
2018-03-14,21764.990234375,21881.08984375,21684.01953125,21777.2890625,65000000,21304.96284852522,0.022169774119435992,0.01677821467934537,0.022316127635795713,-0.05420688340012947,0.040324822250397574,上昇トレンドへの転換期,transition_to_uptrend,3.0
2018-03-15,21704.140625,21825.970703125,21555.490234375,21803.94921875,65300000,21411.539606749284,0.018327015208052577,0.017253187015108473,0.024444286155442807,-0.040367781612050124,0.036437639315414994,上昇トレンドへの転換期,transition_to_uptrend,3.0
2018-03-16,21876.529296875,21879.279296875,21632.849609375,21676.509765625,75700000,21472.690585175165,0.00949201869422689,0.013681226460808604,0.024783011957597578,-0.030074266735624522,0.028555587839738883,上昇トレンドへの転換期,transition_to_uptrend,3.0
2018-03-19,21537.900390625,21659.0390625,21366.880859375,21480.900390625,67300000,21477.62836052308,0.0001523459688843598,0.008104473742830631,0.020393035743270893,-0.024323460759803295,0.013123691351031752,上昇トレンドへの転換期,transition_to_uptrend,3.0
2018-03-20,21297.98046875,21384.859375,21223.970703125,21380.970703125,66500000,21460.752931780204,-0.003717587584592952,0.0022984486839707774,0.013117674581435868,-0.0187279559486212,-0.0035618215091026695,上昇トレンドへの転換期,transition_to_uptrend,3.0
2018-03-22,21352.16015625,21592.0,21349.7109375,21591.990234375,82600000,21468.83675711308,0.005736383328785344,-0.00017947578794552665,0.007691818556689212,-0.011684666167951718,-0.014624309079106501,上昇トレンドへの転換期,transition_to_uptrend,3.0
2018-03-23,21188.80078125,21188.80078125,20559.609375,20617.859375,121000000,21390.598787042647,-0.036125188440761846,-0.0040521035199768685,-0.0009780155977217042,-0.007634125926784807,-0.02542230175316451,下降トレンド,downtrend,1.0
2018-03-26,20423.369140625,20766.099609375,20347.490234375,20766.099609375,97500000,21327.008945184873,-0.026300422025964054,-0.00623202676161827,-0.006784507950339136,-0.0047576342128872184,-0.031567519907936714,下降トレンド,downtrend,1.0
2018-03-27,20958.900390625,21317.3203125,20943.310546875,21317.3203125,101900000,21292.85448199262,0.0011490160010283468,-0.008197103416055063,-0.008603085751780704,-0.0024392718109532696,-0.028996121495051597,下降トレンド,downtrend,1.0
2018-03-28,20893.05078125,21031.310546875,20776.8203125,21031.310546875,88100000,21206.466352333406,-0.008259546996104428,-0.008608100995320389,-0.011848912303083159,-0.003816598631685486,-0.024966586884519026,下降トレンド,downtrend,1.0
2018-03-29,21250.9609375,21298.5703125,20996.220703125,21159.080078125,78900000,21136.21914260663,0.00108160004228397,-0.008945924065986599,-0.015493043161560527,-0.004045779073680755,-0.02318486171824974,下降トレンド,downtrend,1.0
2018-03-30,21392.419921875,21512.80078125,21311.5,21454.30078125,63600000,21124.405637146217,0.015616777568580487,-0.00791105039434059,-0.012444399174915799,-0.00141551849899757,-0.011466383577194095,下降トレンド,downtrend,1.0
2018-04-02,21441.5703125,21597.470703125,21388.580078125,21388.580078125,47500000,21146.278384209563,0.011458361112675508,-0.0028381894052433854,-0.008474257287546805,0.005397704620628163,-0.0016897493372076688,下降トレンドへの転換期,transition_to_downtrend,2.0
2018-04-03,21115.48046875,21333.5,21056.01953125,21292.2890625,63800000,21185.77263473119,0.00502773392338729,0.0023444823215648114,-0.0050290038544146265,0.013843885785823407,0.003574081897366077,下降トレンドへの転換期,transition_to_downtrend,2.0
2018-04-04,21415.849609375,21415.849609375,21238.1796875,21319.55078125,75600000,21210.680628304955,0.00513279865238081,0.004084138159467399,0.00019872598770254157,0.018013663586973427,0.0120476382907857,上昇トレンド,uptrend,4.0
2018-04-05,21541.1796875,21737.66015625,21462.099609375,21645.419921875,80700000,21253.402053604532,0.018444946709319066,0.0050658403076240255,0.0055441756260787844,0.01984198897730982,0.02103721878763931,上昇トレンド,uptrend,4.0
2018-04-06,21633.73046875,21742.83984375,21550.419921875,21567.51953125,74400000,21289.544855822434,0.013056863230758164,0.004898203283892677,0.007817461069097531,0.0186073950292871,0.02026186024401333,上昇トレンド,uptrend,4.0
2018-04-09,21534.330078125,21737.08984375,21517.76953125,21678.259765625,62100000,21324.80125516948,0.016574996701075317,0.005380337805484414,0.008442283210138068,0.017725001577461486,0.016916540497684873,上昇トレンド,uptrend,4.0
2018-04-10,21599.669921875,21933.990234375,21542.369140625,21794.3203125,74700000,21347.885335616185,0.02091237468560858,0.004445560375386126,0.00765196076064889,0.014228999527121644,0.012680964615063517,上昇トレンド,uptrend,4.0
2018-04-11,21819.08984375,21837.359375,21687.099609375,21687.099609375,69500000,21338.182962987867,0.016351750614958416,0.0022846006100563088,0.006011232591601301,0.007331400346270334,0.005812506603898759,上昇トレンド,uptrend,4.0
2018-04-12,21657.869140625,21719.4296875,21591.390625,21660.279296875,58400000,21330.53040124021,0.015459010602737688,0.00026866117072676943,0.003628988311666248,0.0012000749729894622,-0.0019151873144125364,上昇トレンド,uptrend,4.0
2018-04-13,21801.41015625,21917.349609375,21746.689453125,21778.740234375,73100000,21343.682032562363,0.020383465287240554,-0.00019689552326807025,0.002542899677121291,-0.0031692057382707306,-0.00527456139197624,上昇トレンドへの転換期,transition_to_uptrend,3.0
2018-04-16,21843.55078125,21879.689453125,21775.609375,21835.529296875,53400000,21367.99687146684,0.021880030599988887,0.001397209337397065,0.0020256046366147196,-0.004875668155932322,-0.006416678573523349,上昇トレンドへの転換期,transition_to_uptrend,3.0
2018-04-17,21801.830078125,21889.890625,21772.419921875,21847.58984375,57400000,21408.63881300019,0.020503453516309555,0.003661812917481022,0.0028458780075348855,-0.0032121585477143944,-0.004806082753114005,上昇トレンドへの転換期,transition_to_uptrend,3.0
2018-04-18,21929.009765625,22194.109375,21914.9609375,22158.19921875,70400000,21490.80476094,0.03105488441377524,0.006893034114412888,0.007152520822267805,0.0014003156951354345,0.001141288230666504,上昇トレンド,uptrend,4.0
2018-04-19,22231.859375,22360.650390625,22176.859375,22191.1796875,79700000,21567.938217000137,0.028896664309276288,0.00935704674312654,0.011129953699891448,0.004616060991484483,0.0075009653882252,上昇トレンド,uptrend,4.0
2018-04-20,22148.220703125,22261.349609375,22076.630859375,22162.240234375,69600000,21676.95021633527,0.022387375216372796,0.01253285674436011,0.015614371656421211,0.013386788847915776,0.01307147197929992,上昇トレンド,uptrend,4.0
2018-04-23,22157.880859375,22204.859375,22065.51953125,22088.0390625,64000000,21812.52615340325,0.012630949169257999,0.014970188228967007,0.020803507442010316,0.022765368058233815,0.018777902805395597,上昇トレンド,uptrend,4.0
2018-04-24,22228.8203125,22304.689453125,22149.58984375,22278.119140625,76500000,21926.996781375845,0.01601324443789709,0.0166477926987334,0.024212560775273895,0.029781929891998127,0.02136668276773901,上昇トレンド,uptrend,4.0
2018-04-25,22118.619140625,22228.779296875,22080.759765625,22215.3203125,73300000,22018.10169612866,0.008957112610939344,0.015737983267420264,0.024535932509471836,0.03827301212330192,0.01738341168720403,上昇トレンド,uptrend,4.0
2018-04-26,22278.76953125,22381.66015625,22265.19921875,22319.609375,72800000,22120.687239848434,0.008992583864809944,0.014127711952203414,0.02562827365726661,0.046577303660582325,0.014498319957375161,上昇トレンド,uptrend,4.0
2018-04-27,22466.66015625,22495.560546875,22357.529296875,22467.869140625,89100000,22212.29386896099,0.011506027840787025,0.013011224949303957,0.024696447022436674,0.05149911673262775,0.009082075366015463,上昇トレンド,uptrend,4.0
2018-05-01,22453.419921875,22519.44921875,22411.4296875,22508.029296875,89900000,22293.546150477032,0.009620862690495668,0.012509909262377716,0.022052466261397674,0.05425388550281074,0.001248958819387358,上昇トレンド,uptrend,4.0
2018-05-02,22568.189453125,22568.189453125,22426.55078125,22472.779296875,70700000,22376.72665192549,0.004292524391240393,0.011574659019446099,0.020510326837446025,0.056214802156513866,-0.00370223393782787,上昇トレンド,uptrend,4.0
2018-05-07,22513.220703125,22513.48046875,22350.91015625,22467.16015625,69000000,22460.215565794366,0.0003091951827127737,0.011161463030156193,0.02007956343227546,0.05891064786586564,-0.004456369077196376,上昇トレンド,uptrend,4.0
2018-05-08,22440.650390625,22566.6796875,22423.23046875,22508.689453125,77000000,22527.592135691404,-0.0008390902344355133,0.010498373997326782,0.018394767370064624,0.05995228805596198,-0.007233506287201985,上昇トレンド,uptrend,4.0
2018-05-09,22463.009765625,22478.640625,22364.75,22408.880859375,86000000,22571.80935091017,-0.007218229119439257,0.008718107077019255,0.016185427946798336,0.06022977493279069,-0.008511019075638337,上昇トレンド,uptrend,4.0
2018-05-10,22482.509765625,22530.640625,22418.75,22497.1796875,73300000,22621.483428797404,-0.0054949420840882945,0.007180156509656976,0.014709964763203631,0.06080629582953723,-0.007342501498194043,上昇トレンド,uptrend,4.0
2018-05-11,22573.94921875,22769.16015625,22545.470703125,22758.48046875,80200000,22684.555008754654,0.0032588454993636162,0.006967583224954055,0.013756630342654397,0.06261368056481031,-0.006753696494791628,上昇トレンド,uptrend,4.0
2018-05-14,22705.30078125,22894.759765625,22683.640625,22865.859375,68900000,22755.22639802821,0.00486187107245728,0.008125934623430808,0.013134817489602879,0.06640881454143854,-0.006944745942672581,上昇トレンド,uptrend,4.0
2018-05-15,22889.470703125,22912.060546875,22805.720703125,22818.01953125,86400000,22823.725551409294,-0.00025000388943696716,0.008940267920468647,0.013145364756880218,0.07000272014249909,-0.005249402613184406,上昇トレンド,uptrend,4.0
2018-05-16,22730.119140625,22796.140625,22695.83984375,22717.23046875,80200000,22874.455510372554,-0.00687338946936944,0.008371356702594035,0.013408147958248628,0.0717202156345289,-0.002777279988549708,上昇トレンド,uptrend,4.0
2018-05-17,22820.619140625,22887.029296875,22799.16015625,22838.369140625,75600000,22926.351286965975,-0.003837599155649074,0.007520245500725498,0.013476917158335988,0.072929363705591,-0.001233047604867643,上昇トレンド,uptrend,4.0
2018-05-18,22907.19921875,22954.189453125,22867.30078125,22930.359375,65300000,22981.872330774233,-0.00224146035765993,0.006929051920499196,0.013106597061517622,0.07348591993708209,-0.0006500332811367748,上昇トレンド,uptrend,4.0
2018-05-21,22937.580078125,23050.390625,22935.310546875,23002.369140625,59100000,23027.308989424593,-0.0010830552893109635,0.006682278359925409,0.01195692746084731,0.07149589071123219,-0.0011778900287555683,上昇トレンド,uptrend,4.0
2018-05-22,23025.94921875,23031.669921875,22952.869140625,22960.33984375,59400000,23051.952457772502,-0.00397418024309748,0.005478463155100144,0.009999546561718864,0.06880649535627126,-0.003145818195161354,上昇トレンド,uptrend,4.0
2018-05-23,22868.7890625,22949.73046875,22649.849609375,22689.740234375,75000000,23049.108607154394,-0.015591421729335253,0.002925622221394253,0.007635289797505385,0.06330034331974876,-0.005772858160743244,上昇トレンド,uptrend,4.0
2018-05-24,22621.2890625,22644.689453125,22366.599609375,22437.009765625,85600000,23028.656919574492,-0.025691778552946687,5.8536155940647205e-05,0.004462359986025399,0.05575377916424862,-0.009014557172310589,上昇トレンド,uptrend,4.0
2018-05-25,22380.220703125,22509.359375,22318.150390625,22450.7890625,70400000,23006.649944216184,-0.024160878835639665,-0.001965235423737166,0.0010781372851320636,0.04923853337532136,-0.012028459776385558,上昇トレンド,uptrend,4.0
2018-05-28,22488.94921875,22547.669921875,22410.91015625,22481.08984375,52900000,22983.745717340058,-0.021870058943909698,-0.002835809875703754,-0.0018918090735022819,0.04385682446825934,-0.013848736534349593,下降トレンドへの転換期,transition_to_downtrend,2.0
2018-05-29,22431.94921875,22439.099609375,22240.390625,22358.4296875,59800000,22949.27652246256,-0.025745771740744994,-0.003447026780118434,-0.0044541101452482135,0.03745766456665489,-0.014453656706967077,下降トレンドへの転換期,transition_to_downtrend,2.0
2018-05-30,22051.970703125,22079.23046875,21931.650390625,22018.51953125,90500000,22872.783240531713,-0.037348480956524543,-0.005818609141663655,-0.00764998636727976,0.029735306739016032,-0.015285276164785144,下降トレンドへの転換期,transition_to_downtrend,2.0
2018-05-31,22163.400390625,22254.419921875,22098.0,22201.8203125,132400000,22809.31947390453,-0.026633813520808958,-0.007589113001016834,-0.009524543547458242,0.023135544248821027,-0.013986903533483641,下降トレンドへの転換期,transition_to_downtrend,2.0
2018-06-01,22126.25,22316.91015625,22098.0390625,22171.349609375,82500000,22746.470050232667,-0.025283942501301837,-0.008837161904924784,-0.011308899584005938,0.016523569513030578,-0.012387036869138002,下降トレンドへの転換期,transition_to_downtrend,2.0
2018-06-04,22365.08984375,22515.720703125,22355.830078125,22475.939453125,71900000,22718.708476774053,-0.010685863762776915,-0.006736161582847178,-0.011531507693545717,0.011508923866846432,-0.009639698620043435,下降トレンドへの転換期,transition_to_downtrend,2.0
2018-06-05,22552.169921875,22602.130859375,22470.0390625,22539.5390625,65800000,22698.137003950716,-0.006987266903143219,-0.004874431702401871,-0.010943243385735046,0.007570488103302964,-0.006489133240486833,下降トレンドへの転換期,transition_to_downtrend,2.0
2018-06-06,22520.310546875,22662.8203125,22498.58984375,22625.73046875,67900000,22690.601697745882,-0.0028589470592278454,-0.002456132857687643,-0.007964992317288089,0.0052628632906170925,-0.0003150059500083291,下降トレンドへの転換期,transition_to_downtrend,2.0
2018-06-07,22748.720703125,22856.369140625,22732.1796875,22823.259765625,72200000,22704.04044287203,0.00525101789934479,-0.0006456367850760092,-0.004615614733834872,0.0036494960347970284,0.00490892881362337,下降トレンドへの転換期,transition_to_downtrend,2.0
2018-06-08,22799.380859375,22879.0,22694.5,22694.5,85200000,22689.761599644225,0.00020883429448859125,-0.00036899082532781957,-0.0024930659774113906,0.00022952140289111966,0.008815833606594548,下降トレンドへの転換期,transition_to_downtrend,2.0
2018-06-11,22686.94921875,22856.080078125,22667.30078125,22804.0390625,55700000,22671.02302813189,0.005867226820909455,-0.0008628536992889568,-0.0020989506815896064,-0.003700396929630978,0.00943255701195611,下降トレンド,downtrend,1.0
2018-06-12,22977.220703125,23011.5703125,22797.73046875,22878.349609375,63900000,22659.451184466587,0.009660358634743682,-0.001963934944427037,-0.0017043610000854192,-0.007197526388612041,0.009238882385649627,下降トレンド,downtrend,1.0
2018-06-13,22896.169921875,22993.259765625,22895.310546875,22966.380859375,57000000,22665.822462985245,0.013260423127401832,-0.0010550633841545087,-0.001092048377152488,-0.009120787478097747,0.006872943940135601,下降トレンド,downtrend,1.0
2018-06-14,22842.9609375,22898.390625,22738.609375,22738.609375,72100000,22651.00013519264,0.003867786821087904,-0.000883193180757913,-0.0023361616102142158,-0.012010247436532895,0.002279453123620656,下降トレンド,downtrend,1.0
2018-06-15,22883.240234375,22885.83984375,22770.380859375,22851.75,88500000,22639.440984143697,0.009377838260449911,-0.0008830840676585794,-0.0022177674842258632,-0.014900063045429013,0.00027529849318552735,下降トレンド,downtrend,1.0
2018-06-18,22806.5703125,22806.890625,22601.130859375,22680.330078125,65000000,22606.422788595337,0.003269304932532302,-0.002620671475165315,-0.0028494629226212265,-0.018277698059402048,-0.0007505122410316201,下降トレンド,downtrend,1.0
2018-06-19,22565.919921875,22618.51953125,22278.48046875,22278.48046875,79400000,22536.514408174564,-0.011449593967866156,-0.005054334304656183,-0.005425408377776497,-0.02235984351183007,-0.003721047377691078,下降トレンド,downtrend,1.0
2018-06-20,22338.529296875,22581.400390625,22167.16015625,22555.4296875,88900000,22511.199858952146,0.0019647921401340085,-0.005664500518425708,-0.006821839546551023,-0.02333750763946174,-0.005729791169398535,下降トレンド,downtrend,1.0
2018-06-21,22523.279296875,22782.009765625,22491.080078125,22693.0390625,76000000,22525.352194595365,0.0074443616444261895,-0.00358617525462146,-0.005547125506482953,-0.021855583099651632,-0.003210963896268737,下降トレンド,downtrend,1.0
2018-06-22,22456.44921875,22535.650390625,22414.1796875,22516.830078125,85900000,22534.36881277548,-0.000778310446420627,-9.520529041107118e-05,-0.0046411115646277645,-0.020528027008966387,-0.0024233440804019013,下降トレンド,downtrend,1.0
2018-06-25,22543.560546875,22556.55078125,22312.7890625,22338.150390625,60600000,22524.581936750375,-0.008276803833646262,0.0005944631064571659,-0.003620247776939256,-0.019977761076745093,-0.0007707848543180296,下降トレンド,downtrend,1.0
2018-06-26,22160.330078125,22368.779296875,22104.119140625,22342.0,71300000,22520.53430377768,-0.007927622913801446,-0.0002138874800298174,-0.0007090761289637593,-0.018682167094253632,0.004716332248812738,下降トレンド,downtrend,1.0
2018-06-27,22320.880859375,22356.5390625,22205.33984375,22271.76953125,65800000,22531.95242511115,-0.011547285781199568,-0.00010723121132905078,0.000921877389434389,-0.014901151811581581,0.007743716935985412,上昇トレンドへの転換期,transition_to_uptrend,3.0
2018-06-28,22195.189453125,22299.390625,22038.400390625,22270.390625,70000000,22549.018109237964,-0.012356524035244565,0.0010848668604019895,0.0010506346110883413,-0.011412061853242395,0.006597760117571294,上昇トレンドへの転換期,transition_to_uptrend,3.0
2018-06-29,22314.470703125,22332.8203125,22145.48046875,22304.509765625,67900000,22561.126320848336,-0.011374279438620127,0.0018024446721873755,0.001187408810744639,-0.008148241418339808,0.0058285203753724035,上昇トレンドへの転換期,transition_to_uptrend,3.0
2018-07-02,22233.80078125,22312.25,21784.48046875,21811.9296875,67100000,22512.391261646335,-0.031114490060400235,-0.0008681521732228914,-0.000541216486870777,-0.009081379574839898,0.003079031290068479,下降トレンド,downtrend,1.0
2018-07-03,21889.060546875,21927.810546875,21574.560546875,21785.5390625,76500000,22445.398765736973,-0.029398439748116734,-0.0045952929302292,-0.003336312408365183,-0.01113475692607524,-0.0026272362794014237,下降トレンド,downtrend,1.0
2018-07-04,21679.0,21784.0,21604.1796875,21717.0390625,62200000,22366.854575835296,-0.02905261046572649,-0.008610906310715372,-0.007327276667416505,-0.014267894973571726,-0.008249154056850894,下降トレンド,downtrend,1.0
2018-07-05,21697.439453125,21751.5,21462.94921875,21546.990234375,66700000,22261.712310702504,-0.03210544033416041,-0.01113515432591583,-0.012741388434015954,-0.01948235307642765,-0.013792023045104296,下降トレンド,downtrend,1.0
2018-07-06,21647.66015625,21866.16015625,21642.9609375,21788.140625,71600000,22179.869332870905,-0.01766145246357953,-0.011830016282508682,-0.016898845498911075,-0.0224723501185361,-0.018086254309655714,下降トレンド,downtrend,1.0
2018-07-09,21838.529296875,22105.94921875,21825.759765625,22052.1796875,61200000,22125.629360120045,-0.003319664784425691,-0.010784941391619118,-0.017179956452924805,-0.02405686180703359,-0.016638739966054028,下降トレンド,downtrend,1.0
2018-07-10,22215.33984375,22321.599609375,22196.890625,22196.890625,90700000,22077.77354835122,0.005395339180733538,-0.008262561288371995,-0.01637864496071839,-0.025670420319540588,-0.013042332552353209,下降トレンド,downtrend,1.0
2018-07-11,22002.140625,22044.619140625,21744.25,21932.2109375,74900000,21999.204516685706,-0.0030452728022457576,-0.008145440961523254,-0.016437271405465803,-0.029410710658665407,-0.009109994738049298,下降トレンド,downtrend,1.0
2018-07-12,22036.869140625,22233.51953125,22019.189453125,22187.9609375,64400000,21953.96616664059,0.010658428143839105,-0.007758567708309738,-0.013824010469938752,-0.030772767842117354,-0.0010826220359227978,下降トレンド,downtrend,1.0
2018-07-13,22397.619140625,22692.859375,22316.51953125,22597.349609375,72600000,21953.216841979433,0.029341156334038665,-0.005641724066921983,-0.010218837969237726,-0.030311002053667546,0.0066800075296733485,下降トレンド,downtrend,1.0
2018-07-16,22397.619140625,22692.859375,22316.51953125,22597.349609375,0,21955.678518827208,0.029225746314218926,-0.0019785259883140505,-0.007681175460670153,-0.028785813476708944,0.009498780992254652,下降トレンド,downtrend,1.0
2018-07-17,22605.73046875,22832.220703125,22575.419921875,22697.359375,75800000,21994.250912148433,0.031967829486895916,0.0018349643614308242,-0.0037831095612910204,-0.024061551232139045,0.012595535399427371,下降トレンド,downtrend,1.0
2018-07-18,22917.51953125,22949.3203125,22794.189453125,22794.189453125,56500000,22045.46430921414,0.03396277499122213,0.004202002280518258,0.0021027938757216535,-0.020689059341845506,0.018540065281187457,上昇トレンドへの転換期,transition_to_uptrend,3.0
2018-07-19,22871.619140625,22926.470703125,22761.869140625,22764.6796875,62400000,22073.509820752024,0.03131218697708804,0.005366780253398984,0.005445196243997419,-0.020059281201905255,0.01926920671393617,上昇トレンドへの転換期,transition_to_uptrend,3.0
2018-07-20,22734.560546875,22869.98046875,22541.349609375,22697.880859375,69700000,22097.67957816278,0.02716128085255365,0.004702531876510596,0.0065804814494021535,-0.01937880924204649,0.01679931941863988,上昇トレンドへの転換期,transition_to_uptrend,3.0
2018-07-23,22480.330078125,22507.169921875,22341.869140625,22396.990234375,88000000,22110.287544424362,0.012966936290384812,0.0029404341093022257,0.007041869622228969,-0.01839298920128074,0.014723045082899122,上昇トレンドへの転換期,transition_to_uptrend,3.0
2018-07-24,22555.05078125,22555.05078125,22416.23046875,22510.48046875,70400000,22141.548744247302,0.016662417284543096,0.003082379016648762,0.00669710610682861,-0.016828444406259302,0.01048021566811963,上昇トレンドへの転換期,transition_to_uptrend,3.0
2018-07-25,22594.279296875,22645.66015625,22547.140625,22614.25,58700000,22185.50288042183,0.01932555335297481,0.003974322369387551,0.006352262272342202,-0.015375922075142157,0.004249468396620548,上昇トレンドへの転換期,transition_to_uptrend,3.0
2018-07-26,22711.58984375,22717.150390625,22549.76953125,22586.869140625,69600000,22230.29338761971,0.01604008308787641,0.005427602103963203,0.0071027928109688165,-0.014134749463333818,0.0016575965669713977,上昇トレンドへの転換期,transition_to_uptrend,3.0
2018-07-27,22646.48046875,22712.75,22593.19921875,22712.75,73200000,22285.08518869848,0.01919062941336236,0.006482674094262286,0.00848078233159355,-0.012235254934713669,0.001900300882191397,上昇トレンドへの転換期,transition_to_uptrend,3.0
2018-07-30,22613.30078125,22631.3203125,22518.939453125,22544.83984375,76200000,22345.506860611382,0.008920495040995569,0.007212096162613868,0.010638455773784639,-0.0074130019816806,0.0035965861515556696,上昇トレンドへの転換期,transition_to_uptrend,3.0
2018-07-31,22472.119140625,22678.060546875,22352.2109375,22553.720703125,115400000,22428.601795009476,0.005578542490480398,0.008920638334904085,0.01296445221957443,-0.0007483480646883756,0.00626734611274582,上昇トレンドへの転換期,transition_to_uptrend,3.0
2018-08-01,22642.1796875,22775.470703125,22615.98046875,22746.69921875,100800000,22531.26048656537,0.009561770071101483,0.011046639300788197,0.01558484421142703,0.00735042605891012,0.009232581939084827,上昇トレンド,uptrend,4.0
2018-08-02,22676.73046875,22754.73046875,22464.810546875,22512.529296875,94500000,22618.170581015107,-0.004670637873284922,0.012202172101289488,0.017448136496993394,0.016012167677741163,0.010345343686024577,上昇トレンド,uptrend,4.0
2018-08-03,22585.5390625,22613.5,22490.5703125,22525.1796875,71700000,22697.290846446842,-0.007582894368813431,0.011979750405000766,0.018496929863988543,0.023328429298233422,0.010016147532394992,上昇トレンド,uptrend,4.0
2018-08-06,22536.05078125,22635.6796875,22486.740234375,22507.3203125,67000000,22746.1842614931,-0.010501275565478974,0.00953891483594016,0.01793100525224589,0.0280468813461896,0.007292549478461252,上昇トレンド,uptrend,4.0
2018-08-07,22514.310546875,22666.6796875,22499.05078125,22662.740234375,69400000,22787.427432592674,-0.005471754044483967,0.007483224647692577,0.01599857364550661,0.03214336276650753,0.003034121425932179,上昇トレンド,uptrend,4.0
2018-08-08,22666.560546875,22800.609375,22610.2890625,22644.310546875,72800000,22829.69098105353,-0.008120146450180887,0.005833301229755117,0.013245175282852184,0.03775074974815218,-0.002339668928574845,上昇トレンド,uptrend,4.0
2018-08-09,22591.5390625,22648.880859375,22497.990234375,22598.390625,61800000,22863.53798609722,-0.011596952372745273,0.005159270814612427,0.010848242752580006,0.04143086550068298,-0.006599893744413388,上昇トレンド,uptrend,4.0
2018-08-10,22606.91015625,22608.859375,22272.689453125,22298.080078125,73900000,22833.987636099682,-0.023469731459757504,0.00204324088994845,0.006022603780232227,0.04012035231374478,-0.012474326083756315,上昇トレンド,uptrend,4.0
2018-08-13,22117.5703125,22124.599609375,21851.3203125,21857.4296875,77800000,22742.6227376721,-0.038922206131741244,-0.0038138161157629247,-0.00015657675942726268,0.035842400323455204,-0.018087582011673153,下降トレンドへの転換期,transition_to_downtrend,2.0
2018-08-14,22053.0703125,22356.080078125,22047.189453125,22356.080078125,59700000,22696.68786965678,-0.015006938170354811,-0.0072976508072327695,-0.003982001180445227,0.03193729853833571,-0.019980574825951836,下降トレンドへの転換期,transition_to_downtrend,2.0
2018-08-15,22368.119140625,22380.279296875,22110.2890625,22204.220703125,61200000,22628.8141324871,-0.018763397271999827,-0.00898544340490981,-0.008798929811758671,0.02646121737745122,-0.022044105094610855,下降トレンドへの転換期,transition_to_downtrend,2.0
2018-08-16,21980.8203125,22240.419921875,21871.69921875,22192.0390625,77900000,22558.854749799702,-0.01626038605984459,-0.008080334005101109,-0.013326163102263089,0.0219876645349526,-0.024174405854843095,下降トレンドへの転換期,transition_to_downtrend,2.0
2018-08-17,22313.189453125,22340.94921875,22244.099609375,22270.380859375,56100000,22502.737075371755,-0.010325686836160863,-0.008545334693716211,-0.014506908123407825,0.018330318157443903,-0.020529511903640052,下降トレンドへの転換期,transition_to_downtrend,2.0
2018-08-20,22267.0703125,22288.310546875,22150.75,22199.0,46800000,22458.78985296455,-0.01156740210248941,-0.007513618633618657,-0.012480217782331438,0.0157619980219601,-0.012323641022904175,下降トレンドへの転換期,transition_to_downtrend,2.0
2018-08-21,22110.5390625,22306.830078125,22053.140625,22219.73046875,54500000,22426.367114586803,-0.009214004425282085,-0.005872977005363045,-0.011910141101749483,0.012863525204554582,-0.007928139921304256,下降トレンドへの転換期,transition_to_downtrend,2.0
2018-08-22,22270.0390625,22390.19921875,22162.810546875,22362.55078125,57100000,22398.422715695477,-0.0016015384163787783,-0.004635629849243816,-0.010181329672988126,0.009597250800275736,-0.0013823998612294552,下降トレンドへの転換期,transition_to_downtrend,2.0
2018-08-23,22420.669921875,22463.029296875,22377.880859375,22410.8203125,50100000,22372.886699471142,0.001695517147090042,-0.0038249235179547147,-0.008243683129801171,0.006414369318708424,0.005082479972461917,下降トレンドへの転換期,transition_to_downtrend,2.0
2018-08-24,22484.009765625,22602.240234375,22452.419921875,22601.76953125,50400000,22361.96211109343,0.01072389886742564,-0.002871842914382694,-0.006255904062106077,0.003449702872750926,0.008251004061301748,下降トレンドへの転換期,transition_to_downtrend,2.0
2018-08-27,22693.689453125,22838.060546875,22682.390625,22799.640625,50200000,22372.986957694196,0.019070036026596515,-0.0011356048737957147,-0.003820459420658784,0.0012297817746642625,0.008659758361672654,下降トレンドへの転換期,transition_to_downtrend,2.0
2018-08-28,22967.740234375,23006.76953125,22813.470703125,22813.470703125,60700000,22393.9030622354,0.01873579785192292,0.000939367505256028,-0.0014475840953431796,-0.0015470751628304802,0.010462557006406303,下降トレンド,downtrend,1.0
2018-08-29,22820.859375,22968.1796875,22819.970703125,22848.220703125,58800000,22409.724083919253,0.019567247573583524,0.002135857872781477,0.0005045608955249747,-0.005394123543091878,0.010685890568513101,上昇トレンドへの転換期,transition_to_uptrend,3.0
2018-08-30,23020.1796875,23032.169921875,22832.830078125,22869.5,73900000,22431.68284673529,0.01951780239833556,0.002623515990604286,0.002628008984890462,-0.008245040579734075,0.010871692114691633,上昇トレンドへの転換期,transition_to_uptrend,3.0
2018-08-31,22733.25,22890.609375,22678.029296875,22865.150390625,68100000,22465.192068056283,0.017803467753895852,0.003183411378657963,0.00461631928584838,-0.010225836200486116,0.010872223347954457,上昇トレンドへの転換期,transition_to_uptrend,3.0
2018-09-03,22819.169921875,22820.48046875,22684.4296875,22707.380859375,49900000,22484.908964666887,0.009894275981179534,0.00335501144351813,0.005002550941648032,-0.011486555011713584,0.008823010362306816,上昇トレンドへの転換期,transition_to_uptrend,3.0
2018-09-04,22740.05078125,22753.1796875,22612.150390625,22696.900390625,52300000,22497.689036371525,0.008854747433454824,0.0029425429240963474,0.004634563874269304,-0.012714835717117401,0.006082147969612484,上昇トレンドへの転換期,transition_to_uptrend,3.0
2018-09-05,22663.80078125,22692.25,22570.51953125,22580.830078125,65400000,22493.90223579516,0.003864506985875815,0.0012779845216503993,0.0037563225482242224,-0.01470842270870154,0.0032517616526992477,上昇トレンドへの転換期,transition_to_uptrend,3.0
2018-09-06,22458.970703125,22535.33984375,22416.630859375,22487.939453125,62200000,22486.19403967694,7.762155947688143e-05,5.7152777984237346e-05,0.002430098237127254,-0.016504180002663404,-0.00019791074776320805,上昇トレンドへの転換期,transition_to_uptrend,3.0
2018-09-07,22351.83984375,22372.890625,22172.900390625,22307.060546875,69800000,22479.083160836173,-0.007652563617935981,-0.0008270127436320607,0.0006183384828319927,-0.015542816301714169,-0.003997980803016388,上昇トレンドへの転換期,transition_to_uptrend,3.0
2018-09-10,22253.650390625,22396.880859375,22249.609375,22373.08984375,55700000,22512.945689290977,-0.006212241057708567,0.0008466051508622119,0.0012469129703014392,-0.010098969280296521,-0.0037556379713465926,上昇トレンドへの転換期,transition_to_uptrend,3.0
2018-09-11,22469.779296875,22667.849609375,22457.099609375,22664.689453125,76500000,22568.912207962898,0.004243768785998858,0.003678620229817575,0.0031657994506115728,-0.005629705198735402,-0.0014687644236577313,上昇トレンドへの転換期,transition_to_uptrend,3.0
2018-09-12,22702.7109375,22709.369140625,22522.169921875,22604.609375,79800000,22600.960945308983,0.0001614280782062938,0.005421830757099011,0.004759454735401958,-0.0012308725952249189,0.0010031321871777354,上昇トレンドへの転換期,transition_to_uptrend,3.0
2018-09-13,22657.94921875,22858.41015625,22643.880859375,22821.3203125,75000000,22659.256613919417,0.007152207212350881,0.006498968488963142,0.007696392459173307,0.004450663175647573,0.005266294222046053,上昇トレンド,uptrend,4.0
2018-09-14,23035.779296875,23105.279296875,22965.48046875,23094.669921875,102700000,22737.827257523928,0.015693789046312467,0.007484412540779584,0.011510438163178538,0.010447181663490568,0.010892099680346545,上昇トレンド,uptrend,4.0
2018-09-18,23042.189453125,23481.529296875,23039.259765625,23420.5390625,90600000,22844.6215451836,0.02521020171760391,0.010780984068077482,0.014732672501866162,0.017179540605039234,0.013485759531564723,上昇トレンド,uptrend,4.0
2018-09-19,23754.9609375,23842.05078125,23672.51953125,23672.51953125,93600000,22975.088147581184,0.030355982931984604,0.013938300759070543,0.017997142967084434,0.024467673707056825,0.014831343516472861,上昇トレンド,uptrend,4.0
2018-09-20,23752.7890625,23781.75,23582.150390625,23674.9296875,101600000,23093.914424612445,0.02515880383917657,0.01566056259710069,0.0218111734494979,0.03105092343978355,0.017051718714095943,上昇トレンド,uptrend,4.0
2018-09-21,23848.630859375,23971.41015625,23764.05078125,23869.9296875,120600000,23218.946436295366,0.02803672651516309,0.01638569018844982,0.024700272913284138,0.03781629738661407,0.01700388045411083,上昇トレンド,uptrend,4.0
2018-09-25,23881.849609375,23950.98046875,23808.94921875,23940.259765625,100800000,23335.46806278896,0.025917273277258568,0.015685681503934346,0.026283989164676003,0.043534013109368,0.014773551001497465,上昇トレンド,uptrend,4.0
2018-09-26,23846.599609375,24033.7890625,23833.919921875,24033.7890625,84200000,23438.954559225826,0.02537803048216758,0.014940738424390032,0.026016321297628542,0.047645296694057926,0.01128364879576238,上昇トレンド,uptrend,4.0
2018-09-27,23946.4296875,24089.3203125,23778.0390625,23796.740234375,76200000,23506.31900702648,0.012355027908100391,0.012376641270936295,0.02312203792355083,0.04967494686833018,0.005124894956466397,上昇トレンド,uptrend,4.0
2018-09-28,24080.009765625,24286.099609375,24021.26953125,24120.0390625,90700000,23601.476798526615,0.021971602387430123,0.011399331482098596,0.021978187178750108,0.053180160101236496,0.0001670137292522078,上昇トレンド,uptrend,4.0
2018-10-01,24173.369140625,24306.5390625,24123.5,24245.759765625,65000000,23703.42374483486,0.02288007110822199,0.0112833183297818,0.020865602574549724,0.05669395857585702,-0.003834670338734414,上昇トレンド,uptrend,4.0
2018-10-02,24376.169921875,24448.0703125,24217.259765625,24270.619140625,80500000,23804.354804554136,0.019587354494550846,0.012678965066311276,0.020093307770966407,0.059610562528954913,-0.006190681393709596,上昇トレンド,uptrend,4.0
2018-10-03,24219.189453125,24260.630859375,24030.58984375,24110.9609375,71300000,23894.286509076122,0.009068043456395891,0.012406414778578068,0.019426290908144406,0.06268104294413424,-0.006590030389484136,上昇トレンド,uptrend,4.0
2018-10-04,24242.060546875,24247.8203125,23923.259765625,23975.619140625,89400000,23975.52718256522,3.835496883208833e-06,0.01147949936091619,0.0199609379672967,0.06568844221308723,-0.003161099956254132,上昇トレンド,uptrend,4.0
2018-10-05,23781.759765625,23928.619140625,23730.189453125,23783.720703125,84600000,24040.240471535475,-0.010670432715271905,0.009909349315202265,0.018590517735578738,0.06874477445178817,-0.0033876694431713705,上昇トレンド,uptrend,4.0
2018-10-09,23550.470703125,23587.05078125,23442.4609375,23469.390625,86500000,24080.097046612205,-0.025361460148190074,0.007776358480739987,0.01589109260468846,0.07088362771053291,-0.004974509969861263,上昇トレンド,uptrend,4.0
2018-10-10,23538.919921875,23589.380859375,23373.5390625,23506.0390625,70600000,24133.708332728565,-0.026007991046173462,0.006597608843336378,0.013835851921994546,0.07360732464280995,-0.00625745584897186,上昇トレンド,uptrend,4.0
2018-10-11,23043.369140625,23051.189453125,22459.01953125,22590.859375,115300000,24098.491008777186,-0.0625612463962193,0.002423043035309158,0.008546164357052355,0.07042815904097455,-0.01088012655109205,上昇トレンド,uptrend,4.0
2018-10-12,22323.4296875,22711.130859375,22323.4296875,22694.66015625,99500000,24057.919527905204,-0.056665721658680224,-0.0009209895900366138,0.0034365186096887435,0.06597603403397279,-0.016524419357607956,上昇トレンド,uptrend,4.0
2018-10-15,22501.330078125,22520.58984375,22261.919921875,22271.30078125,79900000,23966.001057937778,-0.07071268471493608,-0.006949088489784816,-0.0030881310727984834,0.06039743690243937,-0.02167864880837722,下降トレンドへの転換期,transition_to_downtrend,2.0
2018-10-16,22298.19921875,22549.240234375,22269.529296875,22549.240234375,70100000,23896.90158040723,-0.05639481509758404,-0.008365230349756447,-0.007607754480821294,0.0546198398109643,-0.023498847085509755,下降トレンドへの転換期,transition_to_downtrend,2.0
2018-10-17,22806.58984375,22959.41015625,22765.580078125,22841.119140625,72100000,23836.296751397447,-0.04175051272232977,-0.009212050786465253,-0.012323492818871462,0.04831022249542505,-0.02615934474086601,下降トレンドへの転換期,transition_to_downtrend,2.0
2018-10-18,22871.279296875,22873.130859375,22637.2890625,22658.16015625,64300000,23733.134562083484,-0.045294244762378866,-0.009716535323992526,-0.015160967819961457,0.038893750773788316,-0.023707132177013812,下降トレンドへの転換期,transition_to_downtrend,2.0
2018-10-19,22342.0,22551.669921875,22212.5703125,22532.080078125,67400000,23596.514473812942,-0.04510981470883069,-0.012570127787636332,-0.019178925823451598,0.027047832079685863,-0.02261544443314034,下降トレンドへの転換期,transition_to_downtrend,2.0
2018-10-22,22374.2109375,22672.25,22271.58984375,22614.8203125,63000000,23463.164014880596,-0.03615640677627996,-0.01565397261195678,-0.020981265996007137,0.015989042978119983,-0.017893134923208653,下降トレンドへの転換期,transition_to_downtrend,2.0
2018-10-23,22404.140625,22410.150390625,21993.0703125,22010.779296875,80200000,23269.72285556768,-0.0541022154198737,-0.01952593768444555,-0.026245190102543003,0.00218685285362219,-0.01863743562172171,下降トレンドへの転換期,transition_to_downtrend,2.0
2018-10-24,22167.759765625,22207.08984375,21911.419921875,22091.1796875,83900000,23080.651739954395,-0.042870195504121855,-0.02186181922889685,-0.031701443362788795,-0.0109197005240661,-0.019377950543917333,下降トレンド,downtrend,1.0
2018-10-25,21676.830078125,21703.2109375,21204.400390625,21268.73046875,93600000,22815.902771615845,-0.06781113674759376,-0.027586272799962175,-0.03864773058393334,-0.026581893234002618,-0.02348676276397188,下降トレンド,downtrend,1.0
2018-10-26,21440.83984375,21476.66015625,20971.9296875,21184.599609375,92900000,22561.113359091796,-0.06101266935756433,-0.030451995534030996,-0.04387940921826483,-0.040210704519586526,-0.024700483394813233,下降トレンド,downtrend,1.0
2018-10-29,21323.609375,21465.990234375,21109.970703125,21149.80078125,70800000,22308.639115141395,-0.05194572057534719,-0.03344847595774714,-0.04920584875113132,-0.05477782998163605,-0.028224582755124183,下降トレンド,downtrend,1.0
2018-10-30,21049.51953125,21568.400390625,21035.880859375,21457.2890625,116900000,22073.60542647364,-0.027920964974506246,-0.03253420881796798,-0.05140230661612066,-0.0687587723995513,-0.02515711651357766,下降トレンド,downtrend,1.0
2018-10-31,21569.560546875,21920.4609375,21530.390625,21920.4609375,105000000,21882.43503833125,0.0017377361843935457,-0.03008177433260628,-0.05191433565755599,-0.08073815829090203,-0.020212892294767193,下降トレンド,downtrend,1.0
2018-11-01,21906.41015625,21906.41015625,21628.44921875,21687.650390625,101900000,21684.465213336385,0.0001468875186581009,-0.027979021875044308,-0.04958986587578851,-0.09248325096044818,-0.01094213529185517,下降トレンド,downtrend,1.0
2018-11-02,21761.580078125,22308.419921875,21751.330078125,22243.66015625,101900000,21557.017467556212,0.03185239747229418,-0.023402971509940418,-0.04450560021369465,-0.10087409951793369,-0.0006261909954298206,下降トレンド,downtrend,1.0
2018-11-05,22002.470703125,22051.650390625,21865.98046875,21898.990234375,78700000,21419.92449433407,0.02236542617914683,-0.02113615523989909,-0.03983724046188608,-0.10899707847365148,0.00936860828924524,下降トレンド,downtrend,1.0
2018-11-06,22018.869140625,22160.830078125,21994.279296875,22147.75,0,21334.18636019442,0.03813427079288734,-0.016153446704626817,-0.033497883648514026,-0.11403237624426865,0.017904422967606637,下降トレンド,downtrend,1.0
2018-11-07,22189.740234375,22444.650390625,21996.939453125,22085.80078125,96300000,21260.25853920098,0.03883030117093056,-0.013766233144351325,-0.028432690330870813,-0.11906374908951733,0.023481645326685174,下降トレンド,downtrend,1.0
2018-11-08,22446.009765625,22583.4296875,22421.0,22486.919921875,81900000,21268.49749337939,0.057287658842609446,-0.007069446066195861,-0.01918275206995501,-0.11743446983327932,0.030407113805833497,下降トレンド,downtrend,1.0
2018-11-09,22471.310546875,22494.580078125,22226.009765625,22250.25,78100000,21295.226433413623,0.04484683783816834,-0.00182617354714254,-0.012144121260586727,-0.11483507920487823,0.032361478953107925,下降トレンド,downtrend,1.0
2018-11-12,22121.69921875,22324.009765625,22046.2890625,22269.880859375,59300000,21340.685927058803,0.043541005921371445,0.003782991994642382,-0.003699292558021261,-0.10954331198318312,0.03613794790386482,下降トレンド,downtrend,1.0
2018-11-13,21885.240234375,21892.2890625,21484.650390625,21810.51953125,85700000,21352.046146080887,0.02147210539132627,0.00392828185101024,0.0008371439896948107,-0.10649311274784001,0.03433502763820884,上昇トレンドへの転換期,transition_to_uptrend,3.0
2018-11-14,21851.130859375,21990.41015625,21764.880859375,21846.48046875,75200000,21340.74637143208,0.023698051066991965,0.0021375653440824927,0.003785835063232712,-0.10469538980794324,0.032218525394103525,上昇トレンドへの転換期,transition_to_uptrend,3.0
2018-11-15,21670.349609375,21818.73046875,21613.529296875,21803.619140625,0,21322.243112833115,0.022576237652133457,-0.000864209064728505,0.00252700593779398,-0.10158335566436538,0.02170975800774899,上昇トレンドへの転換期,transition_to_uptrend,3.0
2018-11-16,21804.900390625,21873.740234375,21663.990234375,21680.33984375,74900000,21307.853436882066,0.017481179320634643,-0.0020697177636501696,0.0005929499509162994,-0.09699148742797581,0.012737071211503026,上昇トレンドへの転換期,transition_to_uptrend,3.0
2018-11-19,21679.029296875,21852.919921875,21665.2890625,21821.16015625,72100000,21307.701008664993,0.024097350876859158,-0.00154846331013625,-0.0015456353421136049,-0.09186582870275228,0.002153657215907656,下降トレンド,downtrend,1.0
2018-11-20,21582.689453125,21687.119140625,21526.94921875,21583.119140625,82500000,21310.855071559312,0.01277583973761054,-0.0005340920846620412,-0.0019291394482647828,-0.08418096752448756,-0.0027662834379595935,下降トレンド,downtrend,1.0
2018-11-21,21286.810546875,21555.609375,21243.380859375,21507.5390625,77300000,21329.341330768213,0.008354582027093826,0.0010084494878754846,-0.0005344255756272176,-0.07587785773633626,-0.00432026063885993,下降トレンド,downtrend,1.0
2018-11-22,21582.470703125,21684.640625,21484.98046875,21646.55078125,65900000,21393.781153855743,0.011815098302466298,0.004039860760001401,0.0033550898300926946,-0.06233028041867772,0.0008280838922987144,上昇トレンドへの転換期,transition_to_uptrend,3.0
2018-11-26,21647.689453125,21838.099609375,21622.599609375,21812.0,78000000,21510.573657135148,0.014012938365540295,0.009371683346595105,0.009513873410739393,-0.04656417816070657,0.008920923459823094,上昇トレンドへの転換期,transition_to_uptrend,3.0
2018-11-27,21967.98046875,22006.830078125,21816.05078125,21952.400390625,74000000,21639.12507601998,0.014477263452401967,0.014523830832267492,0.015554191755375646,-0.030011424527774055,0.01709982709748925,上昇トレンドへの転換期,transition_to_uptrend,3.0
2018-11-28,22036.720703125,22216.98046875,22032.720703125,22177.01953125,77600000,21766.870149256436,0.01884282761743661,0.01743913302270328,0.021398253433092096,-0.013896020667712339,0.02332739288135688,上昇トレンドへの転換期,transition_to_uptrend,3.0
2018-11-29,22360.98046875,22437.94921875,22241.169921875,22262.599609375,69300000,21857.04898779616,0.018554683287999252,0.016107210164805874,0.024740926071951108,-0.0011601108601771992,0.025275351647578326,上昇トレンドへの転換期,transition_to_uptrend,3.0
2018-11-30,22274.970703125,22362.19921875,22231.9609375,22351.060546875,104100000,21938.02243012847,0.018827499974623407,0.013812820668970494,0.02543922798680387,0.011693035281134856,0.022084138156711175,上昇トレンド,uptrend,4.0
2018-12-03,22629.390625,22698.7890625,22550.2890625,22574.759765625,70500000,22017.293620063803,0.025319467286987196,0.01150479922424319,0.023556785188784346,0.021351569306854,0.014042911778044953,上昇トレンド,uptrend,4.0
2018-12-04,22533.970703125,22576.619140625,22033.41015625,22036.05078125,89600000,22029.968855324216,0.00027607510322535944,0.007911400465113294,0.018061903054359618,0.028480229290794634,0.0025077112989839723,上昇トレンド,uptrend,4.0
2018-12-05,21755.169921875,21979.1796875,21708.8203125,21919.330078125,83700000,22031.134364910824,-0.0050748311427801784,0.004244317603325998,0.012140662109082045,0.03266813146512937,-0.00925759132401005,上昇トレンド,uptrend,4.0
2018-12-06,21766.5,21805.01953125,21307.720703125,21501.619140625,87600000,21980.746261302487,-0.021797582073953436,-0.0016599387459688142,0.005659376687831674,0.033888944519326,-0.019081549384119434,上昇トレンド,uptrend,4.0
2018-12-07,21643.75,21734.939453125,21506.44921875,21678.6796875,78100000,21928.940799007305,-0.011412366598145707,-0.004585937319311895,-0.0004139676285812577,0.031052654557920834,-0.025853195615385127,下降トレンドへの転換期,transition_to_downtrend,2.0
2018-12-10,21319.470703125,21365.779296875,21169.9609375,21219.5,79000000,21827.48289805833,-0.0278540086778587,-0.009243803041610543,-0.008620983363391344,0.024994167885886487,-0.03217776855217569,下降トレンドへの転換期,transition_to_downtrend,2.0
2018-12-11,21273.0390625,21279.01953125,21062.310546875,21148.01953125,87500000,21731.248268975232,-0.026838252939104468,-0.011350751669723769,-0.01355973711586922,0.018301302181726875,-0.03162164017022884,下降トレンドへの転換期,transition_to_downtrend,2.0
2018-12-12,21348.400390625,21631.470703125,21320.720703125,21602.75,89600000,21701.61275002752,-0.004555548528410447,-0.01036657680201658,-0.014957087974922123,0.01637157401941991,-0.02709775008400417,下降トレンドへの転換期,transition_to_downtrend,2.0
2018-12-13,21755.130859375,21871.33984375,21675.66015625,21816.189453125,79200000,21711.03055468824,0.004843570100086847,-0.005335124710162842,-0.012270543657068034,0.01735104184321523,-0.017929920344899708,下降トレンドへの転換期,transition_to_downtrend,2.0
2018-12-14,21638.9609375,21751.310546875,21353.939453125,21374.830078125,102800000,21676.82755779529,-0.013931811694543383,-0.0025042607081910973,-0.011496827116402542,0.016629790922361387,-0.011082859487821284,下降トレンドへの転換期,transition_to_downtrend,2.0
2018-12-17,21391.73046875,21563.26953125,21363.669921875,21506.880859375,63400000,21661.941780871763,-0.007158218919860904,-0.00182801940172439,-0.007584068119979692,0.016617738855702946,0.0010369152434116513,下降トレンドへの転換期,transition_to_downtrend,2.0
2018-12-18,21275.509765625,21330.359375,21101.439453125,21115.44921875,80500000,21607.774874009432,-0.02278465312278022,-0.0047559087726728455,-0.00568183628650909,0.014082883236554267,0.00787790082936013,下降トレンドへの転換期,transition_to_downtrend,2.0
2018-12-19,21107.169921875,21168.619140625,20880.73046875,20987.919921875,81300000,21546.098483936905,-0.025906247596428567,-0.006030821323361746,-0.007166023460188242,0.011038666050126711,0.007791064514733881,下降トレンドへの転換期,transition_to_downtrend,2.0
2018-12-20,20779.9296875,20841.33984375,20282.9296875,20392.580078125,96300000,21444.071541898724,-0.04903413336032092,-0.01005774279965177,-0.012296008340878628,0.005378985189993246,-2.5464683810594302e-05,下降トレンドへの転換期,transition_to_downtrend,2.0
2018-12-21,20310.5,20334.73046875,20006.669921875,20166.189453125,116600000,21319.61261664012,-0.054101506638768115,-0.013336044967588223,-0.01647911532269919,-0.003466826956966318,-0.004982288206296648,下降トレンド,downtrend,1.0
2018-12-25,19785.4296875,19785.4296875,19117.9609375,19155.740234375,0,21092.667918759194,-0.09182943057959725,-0.02104467152212053,-0.026279909154554915,-0.019427921590428276,-0.018695841034575222,下降トレンド,downtrend,1.0
2018-12-26,19302.58984375,19530.349609375,18948.580078125,19327.060546875,79900000,20875.90415250799,-0.07419288737474461,-0.026495313088310435,-0.03387071208251813,-0.03527041508520956,-0.02818887579600904,下降トレンド,downtrend,1.0
2018-12-27,19706.189453125,20211.5703125,19701.759765625,20077.619140625,93000000,20718.52039854362,-0.03093373684945533,-0.028194331149682395,-0.03840964924625512,-0.048162631720786386,-0.031243625786066875,下降トレンド,downtrend,1.0
2018-12-28,19957.880859375,20084.380859375,19900.0390625,20014.76953125,70600000,20547.244519588825,-0.025914666457158675,-0.025858435797269874,-0.041821676473967395,-0.05992595198641226,-0.029525668133088767,下降トレンド,downtrend,1.0
2019-01-04,19655.130859375,19692.580078125,19241.369140625,19561.9609375,91600000,20332.955469747256,-0.03791846853716829,-0.026008391243523832,-0.046279318702196814,-0.07316370313200626,-0.029800203379497625,下降トレンド,downtrend,1.0
2019-01-07,19944.609375,20266.220703125,19920.80078125,20038.970703125,81500000,20153.833175718642,-0.00569928666135977,-0.027255190619918546,-0.04451000445541453,-0.08463621717098946,-0.018230095300859617,下降トレンド,downtrend,1.0
2019-01-08,20224.669921875,20347.919921875,20106.359375,20204.0390625,86400000,20009.91981655519,0.009701150615516463,-0.02615069395418801,-0.04148248284847389,-0.09169550134342652,-0.007611770765955761,下降トレンド,downtrend,1.0
2019-01-09,20366.30078125,20494.349609375,20331.19921875,20427.060546875,72800000,19920.024917827526,0.025453563995981643,-0.020308437331410856,-0.038540178804091774,-0.09582391047669703,-0.0001305295578366561,下降トレンド,downtrend,1.0
2019-01-10,20270.880859375,20345.919921875,20101.9296875,20163.80078125,73700000,19834.30951925864,0.016612187163431713,-0.01585423743831338,-0.03469735319743261,-0.09765076747292645,0.007124323276534783,下降トレンド,downtrend,1.0
2019-01-11,20296.44921875,20389.890625,20294.740234375,20359.69921875,77700000,19778.332946315477,0.02939409878539978,-0.01157360311099842,-0.02727702444718294,-0.09807167032842656,0.019002294255013874,下降トレンド,downtrend,1.0
2019-01-15,20264.8203125,20571.279296875,20204.4296875,20555.2890625,78300000,19753.870136985668,0.040570223452760956,-0.00834109302208541,-0.019845507067849044,-0.09500008639370505,0.024664497387565487,下降トレンド,downtrend,1.0
2019-01-16,20575.720703125,20580.25,20323.3203125,20442.75,69500000,19743.661412399986,0.03540825447710283,-0.004570267836681574,-0.0133063203948931,-0.09146215771750388,0.02817616245358079,下降トレンド,downtrend,1.0
2019-01-17,20544.23046875,20571.75,20342.4609375,20402.26953125,63600000,19710.719817698413,0.03508495478336804,-0.0034185453749103756,-0.010507270999535523,-0.09173939998199365,0.02803290780455625,下降トレンド,downtrend,1.0
2019-01-18,20472.810546875,20682.119140625,20454.130859375,20666.0703125,64700000,19671.522057491708,0.050557768336463305,-0.004168706128110933,-0.008207367219356443,-0.09393881566603601,0.02648998597807617,下降トレンド,downtrend,1.0
2019-01-21,20848.380859375,20892.6796875,20678.259765625,20719.330078125,61200000,19650.367335404775,0.05439912264613178,-0.0047252672666184825,-0.006469989723503988,-0.09348509217908008,0.020807034723678952,下降トレンド,downtrend,1.0
2019-01-22,20770.060546875,20805.9296875,20558.30078125,20622.91015625,57100000,19635.88372906916,0.05026646321599659,-0.0037967202274398204,-0.005972824924853626,-0.09353076803076266,0.013872682142995418,下降トレンド,downtrend,1.0
2019-01-23,20453.439453125,20686.2890625,20438.220703125,20593.720703125,0,19633.066100329765,0.0489304420351897,-0.0019549050169860305,-0.005601560407674011,-0.09138880727857424,0.00770475998721909,下降トレンド,downtrend,1.0
2019-01-24,20506.240234375,20620.720703125,20467.58984375,20574.630859375,61400000,19653.463137092785,0.046870503984799416,0.0001575442145771433,-0.002904849804329146,-0.08784120931476858,0.007602421195206377,下降トレンド,downtrend,1.0
2019-01-25,20598.640625,20844.310546875,20598.640625,20773.560546875,68400000,19727.219558675544,0.05304046954449304,0.00465147537368904,0.0028313773088353145,-0.08006184739072009,0.011038744528191757,上昇トレンドへの転換期,transition_to_uptrend,3.0
2019-01-28,20746.2890625,20759.48046875,20624.55078125,20649.0,56800000,19827.492334810373,0.04143275666521573,0.009902999026593307,0.009013826376999434,-0.06998815169207784,0.015483816100503422,上昇トレンドへの転換期,transition_to_uptrend,3.0
2019-01-29,20555.439453125,20673.66015625,20406.220703125,20664.640625,63100000,19986.349925666662,0.03393769757139453,0.01693781835047714,0.017848251773800783,-0.052450358454115054,0.02382107669865441,上昇トレンドへの転換期,transition_to_uptrend,3.0
2019-01-30,20701.619140625,20706.26953125,20527.529296875,20556.5390625,72100000,20168.007879141416,0.019264727864392484,0.022344168632321137,0.027246980990028202,-0.03390973000235431,0.03284854139770221,上昇トレンドへの転換期,transition_to_uptrend,3.0
2019-01-31,20832.91015625,20869.419921875,20682.91015625,20773.490234375,75700000,20316.826602277983,0.02247711421850762,0.024679584246188435,0.03375300630519429,-0.01938815072401956,0.036657856109523435,上昇トレンドへの転換期,transition_to_uptrend,3.0
2019-02-01,20797.029296875,20929.630859375,20741.98046875,20788.390625,82200000,20427.173371219447,0.017683173644058137,0.022056225733678048,0.03548162529757426,-0.005843661823117352,0.032650247988738945,上昇トレンドへの転換期,transition_to_uptrend,3.0
2019-02-04,20831.900390625,20922.580078125,20823.6796875,20883.76953125,66600000,20564.779962278357,0.015511450623675982,0.019673340347476698,0.037185117261326894,0.01140141642841952,0.02817129088432746,上昇トレンド,uptrend,4.0
2019-02-05,20960.470703125,20981.23046875,20823.1796875,20844.44921875,65500000,20687.55615606886,0.007583934105001466,0.018247414374708892,0.03508425665567372,0.026482455009761985,0.017236004881872935,上昇トレンド,uptrend,4.0
2019-02-06,20928.869140625,20971.66015625,20860.990234375,20874.060546875,68900000,20773.37127473576,0.004847035698134272,0.016947910375308295,0.030016023358481414,0.038153649049054605,0.0027690423684532117,上昇トレンド,uptrend,4.0
2019-02-07,20812.220703125,20844.76953125,20665.509765625,20751.279296875,70600000,20822.051631751885,-0.003398912658969855,0.012510304994531207,0.02486732004777048,0.04528240891491486,-0.008885686257423808,上昇トレンド,uptrend,4.0
2019-02-08,20510.5,20562.390625,20315.310546875,20333.169921875,86200000,20827.402199238448,-0.02372990508540329,0.00675991122946451,0.019592961823239774,0.050069435440418975,-0.015888663474334486,上昇トレンド,uptrend,4.0
2019-02-12,20442.55078125,20885.880859375,20428.5703125,20864.2109375,84100000,20883.7099431952,-0.0009336945278516362,0.005311543658473639,0.01550855304563692,0.05588827935499219,-0.021676564215689975,上昇トレンド,uptrend,4.0
2019-02-13,21029.9296875,21213.740234375,20992.880859375,21144.48046875,78600000,20943.768390632405,0.009583379379203283,0.005845569929089578,0.012384847810473998,0.06023620917801109,-0.02269940884519972,上昇トレンド,uptrend,4.0
2019-02-14,21147.890625,21235.619140625,21102.16015625,21139.7109375,64500000,20996.214859407562,0.0068343784369373495,0.008105315226268894,0.010727367345656713,0.06344078845582879,-0.0192886560128247,上昇トレンド,uptrend,4.0
2019-02-15,21051.509765625,21051.509765625,20853.330078125,20900.630859375,65600000,21029.142284456608,-0.006111111111583245,0.006963913100545449,0.009945737162082802,0.06688860066766167,-0.014921582885687679,上昇トレンド,uptrend,4.0
2019-02-18,21217.3203125,21306.359375,21189.970703125,21281.849609375,61800000,21084.373479482652,0.009365994682484224,0.006713457016318758,0.012338134049843186,0.07182217104816635,-0.007254827773396588,上昇トレンド,uptrend,4.0
2019-02-19,21256.580078125,21344.169921875,21217.16015625,21302.650390625,53600000,21122.04736140504,0.008550450916513297,0.005993104130437965,0.011412599526527067,0.07489325776361877,-0.004095953519109852,上昇トレンド,uptrend,4.0
2019-02-20,21346.0390625,21494.849609375,21315.390625,21431.490234375,59700000,21171.376838617907,0.012286087850584604,0.006763687849809852,0.01086759764242351,0.07819831950194267,-0.001517250168050488,上昇トレンド,uptrend,4.0
2019-02-21,21422.310546875,21553.349609375,21318.740234375,21464.23046875,68400000,21225.75836059231,0.011235033590151433,0.006705671441802119,0.010932613460177931,0.0811229510522451,0.0002052461145212181,上昇トレンド,uptrend,4.0
2019-02-22,21376.359375,21451.23046875,21348.669921875,21425.509765625,52400000,21275.16747778386,0.007066561896545975,0.007249302766861865,0.011699250021675711,0.08251494046514196,0.0017535128595929095,上昇トレンド,uptrend,4.0
2019-02-25,21567.66015625,21590.029296875,21505.0703125,21528.23046875,51800000,21322.996703267323,0.00962499635200098,0.007161549567850978,0.01131753922007106,0.08089214700760983,-0.0010205948297721257,上昇トレンド,uptrend,4.0
2019-02-26,21556.01953125,21610.880859375,21405.83984375,21449.390625,56400000,21358.513515088725,0.004254842447114715,0.006254436342914671,0.01119522883542845,0.07721708597462906,-0.00021737069109861729,上昇トレンド,uptrend,4.0
2019-02-27,21504.609375,21578.810546875,21492.650390625,21556.509765625,67700000,21408.845783029617,0.006897335059157239,0.006283302135475566,0.011216509262569563,0.07117336895698867,0.0003489116201460529,上昇トレンド,uptrend,4.0
2019-02-28,21536.55078125,21536.55078125,21364.08984375,21385.16015625,71500000,21447.98129647625,-0.0029290001402868526,0.005861492873080687,0.010469493344299918,0.06346553536696287,-0.00046312011587801294,上昇トレンド,uptrend,4.0
2019-03-01,21490.01953125,21641.580078125,21490.01953125,21602.689453125,62600000,21504.18890355811,0.004580528473249634,0.006820483474492489,0.010764729632018355,0.05844231112092069,-0.0009345203896573562,上昇トレンド,uptrend,4.0
2019-03-04,21812.810546875,21860.390625,21740.919921875,21822.0390625,59100000,21570.501055361838,0.011661203719495195,0.007550863506166294,0.011607390628006309,0.05597091988034264,0.00028985140793524877,上昇トレンド,uptrend,4.0
2019-03-05,21712.80078125,21798.380859375,21659.0390625,21726.279296875,59200000,21621.29560162738,0.004855569119535996,0.008080681475584939,0.012303388358605227,0.05137500334489209,0.0011081595231767771,上昇トレンド,uptrend,4.0
2019-03-06,21659.029296875,21684.599609375,21550.44921875,21596.810546875,57100000,21657.625494605567,-0.002808015483771076,0.007135195460548971,0.011620416817293089,0.046891441947923385,0.000403907554723526,上昇トレンド,uptrend,4.0
2019-03-07,21456.880859375,21472.16015625,21402.119140625,21456.009765625,75200000,21680.543760053137,-0.010356474307708363,0.0051015367890097085,0.010843093359797606,0.043669969275553555,0.0003736000154976882,上昇トレンド,uptrend,4.0
2019-03-08,21339.169921875,21359.3203125,20993.0703125,21025.560546875,99800000,21665.696054299275,-0.029546039315789585,0.0020535519004030167,0.007510497208961908,0.04051687304726981,-0.0032542324230564468,上昇トレンド,uptrend,4.0
2019-03-11,21062.75,21145.939453125,20938.0,21125.08984375,55600000,21686.490775696126,-0.02588712658736303,0.0013327998998666768,0.005377238110352289,0.0412479947445914,-0.0062301525176540196,上昇トレンド,uptrend,4.0
2019-03-12,21361.609375,21568.48046875,21348.810546875,21503.689453125,67800000,21737.602918655197,-0.010760775528264599,0.0026318140003107615,0.005379294523824241,0.040887992496669856,-0.006924093834780987,上昇トレンド,uptrend,4.0
2019-03-13,21425.76953125,21474.169921875,21198.990234375,21290.240234375,66200000,21728.783887339385,-0.020182613773424674,0.0029118765850861816,0.003285604543838083,0.03748205585858644,-0.008334812273455006,上昇トレンド,uptrend,4.0
2019-03-14,21474.580078125,21522.75,21287.01953125,21287.01953125,64100000,21707.788318041956,-0.019383309834574147,0.0009820649438450069,0.001256636285987378,0.03389055900785687,-0.009586457073810228,上昇トレンド,uptrend,4.0
2019-03-15,21376.73046875,21521.6796875,21374.849609375,21450.849609375,83200000,21715.796619620316,-0.012200658114744689,-0.0010031602434031894,0.002312437375447285,0.032652512683374546,-0.005198059833514623,上昇トレンド,uptrend,4.0
2019-03-18,21576.359375,21612.669921875,21500.3203125,21584.5,55200000,21730.020270373196,-0.006696738823184556,5.690070094210853e-05,0.0020072170793927757,0.03062205246548233,-0.0033700210309595136,上昇トレンド,uptrend,4.0
2019-03-19,21558.4296875,21585.55078125,21425.7890625,21566.849609375,59900000,21724.247577317004,-0.007245266717837873,0.0007582190794337418,-0.0006143888720467894,0.028510504005986093,-0.00599368339587103,下降トレンドへの転換期,transition_to_downtrend,2.0
2019-03-20,21548.650390625,21614.169921875,21499.16015625,21608.919921875,65300000,21716.31771094793,-0.004945488019766242,2.399595726276793e-05,-0.0005737171696350574,0.02573951030600985,-0.0038593217134731406,下降トレンドへの転換期,transition_to_downtrend,2.0
2019-03-22,21713.259765625,21713.259765625,21542.029296875,21627.33984375,78900000,21704.091358296344,-0.0035362694194063238,-0.0011932299995229823,-0.00017030568436759985,0.022535496238952124,-0.001426941970354978,下降トレンドへの転換期,transition_to_downtrend,2.0
2019-03-25,21267.41015625,21275.4296875,20911.5703125,20977.109375,77700000,21630.921779316315,-0.030225822597236496,-0.004295927749328965,-0.003908437797180198,0.01672157466698887,-0.0062208751726274825,下降トレンドへの転換期,transition_to_downtrend,2.0
2019-03-26,21174.33984375,21460.990234375,21174.33984375,21428.390625,101300000,21601.74896250336,-0.00802519915421096,-0.005275698669061746,-0.00590295389851625,0.01307284633183503,-0.007910170977909026,下降トレンドへの転換期,transition_to_downtrend,2.0
2019-03-27,21353.609375,21388.58984375,21242.51953125,21378.73046875,76000000,21568.80164981484,-0.008812319949470626,-0.006233373526129737,-0.007155411341586371,0.009845635304982947,-0.006541022469539581,下降トレンドへの転換期,transition_to_downtrend,2.0
2019-03-28,21191.3203125,21191.3203125,20974.189453125,21033.759765625,71100000,21503.58184048145,-0.021848549620323676,-0.0058869400081058565,-0.00979612995619572,0.004425089442557706,-0.009222412786560663,下降トレンドへの転換期,transition_to_downtrend,2.0
2019-03-29,21228.509765625,21267.25,21149.419921875,21205.810546875,61600000,21461.432817267916,-0.011910773738612712,-0.0064955918837408255,-0.011180313288520649,0.0006271695506316899,-0.01101000760415305,下降トレンドへの転換期,transition_to_downtrend,2.0
2019-04-01,21500.890625,21682.939453125,21471.119140625,21509.029296875,77400000,21448.509286932753,0.0028216417809101557,-0.0055771463262132,-0.008432950488406199,-0.002589245140798835,-0.004524512691226001,下降トレンド,downtrend,1.0
2019-04-02,21744.640625,21744.640625,21490.560546875,21505.310546875,71000000,21416.76354250802,0.004134471774469128,-0.004037387753234256,-0.008563446428177746,-0.007127211021164648,-0.0026604925296614956,下降トレンド,downtrend,1.0
2019-04-03,21563.640625,21722.720703125,21489.94921875,21713.2109375,68500000,21402.137332989067,0.014534698085104214,-0.0027628856276147307,-0.007727101372236089,-0.010136222762793912,-0.0005716900306497186,下降トレンド,downtrend,1.0
2019-04-04,21724.689453125,21787.599609375,21662.900390625,21724.94921875,57900000,21401.21713222828,0.015126807252201058,-0.002204915692359255,-0.004760356158919565,-0.011839172417177135,0.005035773797276155,下降トレンド,downtrend,1.0
2019-04-05,21743.140625,21839.1796875,21731.33984375,21807.5,58500000,21422.376227487155,0.017977640221755076,0.0002620697085251589,-0.0018198500590946853,-0.011907797858910718,0.009360463229425964,下降トレンド,downtrend,1.0
2019-04-08,21900.55078125,21900.55078125,21740.529296875,21761.650390625,54600000,21466.769212132956,0.013736635242036277,0.0030198796567979524,0.0008513377296262004,-0.00918165018413264,0.0092842882180324,上昇トレンドへの転換期,transition_to_uptrend,3.0
2019-04-09,21750.2890625,21811.880859375,21698.419921875,21802.58984375,54300000,21529.743372739962,0.012673001544249995,0.006005557521218341,0.0052752989501752,-0.007227882305966715,0.013838745378352946,上昇トレンドへの転換期,transition_to_uptrend,3.0
2019-04-10,21579.6796875,21687.5703125,21571.669921875,21687.5703125,58700000,21559.307741322114,0.00594928987130916,0.006391985295228997,0.007343678151751076,-0.008202154487791713,0.015070779523987166,上昇トレンドへの転換期,transition_to_uptrend,3.0
2019-04-11,21662.650390625,21721.419921875,21627.869140625,21711.380859375,61200000,21584.37833061757,0.005884002161752333,0.005478659472341052,0.008558447739566377,-0.006645818627979305,0.013318803898485942,上昇トレンドへの転換期,transition_to_uptrend,3.0
2019-04-12,21782.349609375,21878.779296875,21698.7109375,21870.560546875,61600000,21634.412838322965,0.010915374053217963,0.004861621607414657,0.009897903415763132,-0.0033801453489393785,0.011717753474857817,上昇トレンドへの転換期,transition_to_uptrend,3.0
2019-04-15,22122.970703125,22211.029296875,22102.9296875,22169.109375,66100000,21704.522947025827,0.021405051339211,0.006735615421703978,0.011075431637775024,-0.0005191461677396259,0.010224093908148824,上昇トレンドへの転換期,transition_to_uptrend,3.0
2019-04-16,22108.150390625,22261.330078125,22095.3203125,22221.66015625,57300000,21765.163250006986,0.020973741432555926,0.00837572973473022,0.010934634621103001,0.001617254802182888,0.005659335670927801,上昇トレンド,uptrend,4.0
2019-04-17,22236.41015625,22345.189453125,22185.869140625,22277.970703125,75400000,21824.947638637084,0.020757120337183466,0.008807024333778335,0.012321355606693452,0.004635376252350554,0.004977677454942375,上昇トレンド,uptrend,4.0
2019-04-18,22274.130859375,22305.630859375,22058.390625,22090.119140625,67300000,21864.31096779189,0.010327705874918491,0.007361968800514873,0.01296922398627709,0.006814841208984124,0.0044107762467107126,上昇トレンド,uptrend,4.0
2019-04-19,22238.0703125,22250.369140625,22162.23046875,22200.560546875,0,21910.747615224995,0.013226975945294761,0.006688870813682524,0.012772927047621785,0.00952153460456473,0.002875023631858653,上昇トレンド,uptrend,4.0
2019-04-22,22188.619140625,22280.189453125,22099.380859375,22217.900390625,42900000,21988.165078916634,0.01044813475266504,0.007478480268635401,0.013068342141547618,0.016515398800152736,0.0019929105037725936,上昇トレンド,uptrend,4.0
2019-04-23,22241.740234375,22268.369140625,22119.939453125,22259.740234375,52000000,22075.14516262908,0.008362122667189498,0.009642846515848014,0.014242112915095806,0.0219147163013258,0.003307478293992805,上昇トレンド,uptrend,4.0
2019-04-24,22356.830078125,22362.919921875,22125.48046875,22200.0,67900000,22134.63925371574,0.0029528715392679317,0.010218347745248657,0.014189798766362394,0.026234077028834735,0.0018684431596689421,上昇トレンド,uptrend,4.0
2019-04-25,22183.3203125,22334.689453125,22155.23046875,22307.580078125,63300000,22221.297618708893,0.003882872229003409,0.010602637325831221,0.01632736798533818,0.033376568775919546,0.0033581439990610917,上昇トレンド,uptrend,4.0
2019-04-26,22167.48046875,22270.2890625,22073.099609375,22258.73046875,71900000,22306.912704057817,-0.0021599687929496625,0.010499026834083658,0.018080856746190754,0.03939531409615982,0.0053079296985689695,上昇トレンド,uptrend,4.0
2019-05-07,22184.400390625,22190.490234375,21875.109375,21923.720703125,90700000,22333.61766375994,-0.018353361591752604,0.008989458005772333,0.015710841882597082,0.04126666170531612,0.0026424997410494644,上昇トレンド,uptrend,4.0
2019-05-08,21628.0390625,21639.119140625,21514.849609375,21602.58984375,85700000,22313.188666624137,-0.03184658335888335,0.004135269212985904,0.010783326779569169,0.04185623669687022,-0.003458786135526637,上昇トレンド,uptrend,4.0
2019-05-09,21492.91015625,21559.759765625,21315.0703125,21402.130859375,96900000,22262.647781820193,-0.03865294599629321,-0.0019843589664280126,0.005783176614589047,0.04020675297250542,-0.008406622151773346,上昇トレンド,uptrend,4.0
2019-05-10,21431.810546875,21584.08984375,21175.330078125,21344.919921875,98500000,22197.259788416824,-0.03839842731338394,-0.006105498777494445,-0.0010817473715770687,0.03719613941908828,-0.01740911535691525,下降トレンドへの転換期,transition_to_downtrend,2.0
2019-05-13,21180.740234375,21277.66015625,21127.9296875,21191.279296875,74500000,22114.280213201808,-0.041737777916723395,-0.00891438943999312,-0.008635551383180284,0.03229819037660575,-0.02671640812937104,下降トレンドへの転換期,transition_to_downtrend,2.0
2019-05-14,20870.76953125,21077.48046875,20751.44921875,21067.23046875,90200000,22020.567736628727,-0.043293037640122156,-0.01087382092031075,-0.014016982463131655,0.025797944675473916,-0.029727824345728737,下降トレンドへの転換期,transition_to_downtrend,2.0
2019-05-15,21112.849609375,21191.529296875,20968.080078125,21188.560546875,84100000,21942.7344721758,-0.034370097594587534,-0.011466519681579856,-0.01660247667795045,0.019182351237811313,-0.02738580345751962,下降トレンドへの転換期,transition_to_downtrend,2.0
2019-05-16,21153.19921875,21153.19921875,20951.669921875,21062.98046875,82500000,21859.883989689333,-0.036455066335906006,-0.01150370805922074,-0.01809145956393199,0.013941832083555816,-0.023874636178521036,下降トレンドへの転換期,transition_to_downtrend,2.0
2019-05-17,21246.859375,21398.849609375,21199.98046875,21250.08984375,75800000,21801.470096189583,-0.025290966618620514,-0.009949681727537851,-0.017830565394102216,0.010057818772758909,-0.016748818022525147,下降トレンドへの転換期,transition_to_downtrend,2.0
2019-05-20,21305.970703125,21430.060546875,21282.650390625,21301.73046875,65100000,21741.68016466348,-0.020235312661278426,-0.009162682425349677,-0.01684884359545613,0.004958180614474728,-0.008213292212275847,下降トレンドへの転換期,transition_to_downtrend,2.0
2019-05-21,21211.259765625,21318.80078125,21160.4296875,21272.44921875,70100000,21660.534110401335,-0.017916681540414037,-0.009119439031882615,-0.01634987937338772,-0.0020267128990513195,-0.002332896910256066,下降トレンド,downtrend,1.0
2019-05-22,21373.51953125,21404.5390625,21266.98046875,21283.369140625,64500000,21567.9466271192,-0.013194463590538441,-0.010711363409901309,-0.017080270717027002,-0.00906111388288,-0.00047779403907655116,下降トレンド,downtrend,1.0
2019-05-23,21180.240234375,21209.560546875,21072.720703125,21151.140625,63900000,21461.7041747439,-0.01447059130138284,-0.012877385179026923,-0.018215092776029507,-0.01664349761142736,-0.0001236332120975181,下降トレンド,downtrend,1.0
2019-05-24,20980.7890625,21117.220703125,20922.0,21117.220703125,67700000,21362.892083181363,-0.011499912048414829,-0.013741213660887763,-0.020116900882059086,-0.022933212272234993,-0.00228633548795687,下降トレンド,downtrend,1.0
2019-05-27,21148.4609375,21232.380859375,21113.759765625,21182.580078125,41600000,21277.189566899146,-0.004446521871541265,-0.013480980143675825,-0.021364061758173958,-0.028915400763669608,-0.004515218162717827,下降トレンド,downtrend,1.0
2019-05-28,21187.169921875,21297.69921875,21177.26953125,21260.140625,98500000,21196.322989599113,0.003010788023573685,-0.012365336088132617,-0.021431194560401323,-0.03601219503653719,-0.005081315187013602,下降トレンド,downtrend,1.0
2019-05-29,21055.419921875,21071.73046875,20884.609375,21003.369140625,70000000,21093.780403420344,-0.0042861573917154505,-0.012597155793006465,-0.02198476433090979,-0.04445564239686561,-0.004904493613882788,下降トレンド,downtrend,1.0
2019-05-30,20881.5,20942.529296875,20809.2890625,20942.529296875,58700000,20991.111336178004,-0.0023144100626665276,-0.013445301590309322,-0.021927095571454558,-0.05166236975584648,-0.003712002795425051,下降トレンド,downtrend,1.0
2019-05-31,20785.2109375,20823.099609375,20581.580078125,20601.189453125,79100000,20859.447083578816,-0.012380847364699576,-0.01589312949163868,-0.023566331639099602,-0.0612858240098223,-0.003449430757040517,下降トレンド,downtrend,1.0
2019-06-03,20327.869140625,20438.029296875,20305.740234375,20410.880859375,67400000,20714.22070838386,-0.014644038666928205,-0.01799391516254434,-0.02645879789458172,-0.07139903297260108,-0.005094736136407763,下降トレンド,downtrend,1.0
2019-06-04,20435.859375,20464.5703125,20289.640625,20408.5390625,69200000,20593.16716306083,-0.008965502931089109,-0.018957746769287187,-0.02845568199891313,-0.07792962729559416,-0.007024487438511806,下降トレンド,downtrend,1.0
2019-06-05,20667.890625,20800.640625,20646.150390625,20776.099609375,72300000,20540.38866681807,0.01147548599884618,-0.015295631542022847,-0.026234829699494755,-0.07945076906277426,-0.004250065368584965,下降トレンド,downtrend,1.0
2019-06-06,20745.83984375,20842.279296875,20745.83984375,20774.0390625,59600000,20514.01732063769,0.01267532038206487,-0.009665021463498236,-0.022728382880712328,-0.07854548472039546,-0.0008012873092577699,下降トレンド,downtrend,1.0
2019-06-07,20859.779296875,20907.76953125,20816.580078125,20884.7109375,50700000,20510.589363440093,0.018240410718122657,-0.004009961118018879,-0.016724207441402128,-0.07598552438697348,0.0068421241976974745,下降トレンド,downtrend,1.0
2019-06-10,21095.400390625,21166.119140625,21077.94921875,21134.419921875,58200000,20540.236801419105,0.028927763890961744,-7.393501721408846e-06,-0.008399249453508784,-0.07117769136537522,0.018059548441072937,下降トレンド,downtrend,1.0
2019-06-11,21099.5390625,21227.1796875,21066.619140625,21204.279296875,52100000,20588.592651753224,0.02990426084656872,0.0036353352904947567,-0.00022213733668952074,-0.06502898117806355,0.02823354466222361,下降トレンド,downtrend,1.0
2019-06-12,21130.390625,21259.69921875,21118.75,21129.720703125,56500000,20628.772563833263,0.02428395280143847,0.005762057749731486,0.004302932064667919,-0.059881411316747735,0.030537761764162674,上昇トレンドへの転換期,transition_to_uptrend,3.0
2019-06-13,21040.91015625,21111.23046875,20932.130859375,21032.0,65700000,20659.214754335102,0.01804450217967135,0.005792433362198368,0.0070779619334404575,-0.05492569109335399,0.029806344814152785,上昇トレンドへの転換期,transition_to_uptrend,3.0
2019-06-14,21049.41015625,21119.73046875,20971.1796875,21116.890625,60400000,20693.449963199044,0.020462545518219466,0.005092981012322362,0.00891542395582734,-0.050823184312887126,0.025639631397229468,上昇トレンドへの転換期,transition_to_uptrend,3.0
2019-06-17,21094.9609375,21185.25,21044.619140625,21124.0,49100000,20716.381503596098,0.01967614355495173,0.0042469293551876675,0.008575592573734303,-0.04715820733734233,0.016974842027243087,上昇トレンドへの転換期,transition_to_uptrend,3.0
2019-06-18,21111.76953125,21153.650390625,20924.189453125,20972.7109375,54600000,20723.441329884892,0.012028388704709903,0.003108858507621326,0.006549679252612073,-0.04326268113889464,0.006771816589301594,上昇トレンドへの転換期,transition_to_uptrend,3.0
2019-06-19,21223.169921875,21358.720703125,21213.4296875,21333.869140625,64100000,20763.728929033976,0.02745846921521866,0.003396193769521938,0.006542142281277696,-0.03728763391291101,0.002239210216609777,上昇トレンドへの転換期,transition_to_uptrend,3.0
2019-06-20,21417.740234375,21491.390625,21377.26953125,21462.859375,55700000,20819.92119885093,0.030880913045173042,0.004997962372765619,0.007778923179164288,-0.029903635362201086,0.0007009612457238301,上昇トレンドへの転換期,transition_to_uptrend,3.0
2019-06-21,21487.669921875,21497.8203125,21221.69921875,21258.640625,89000000,20861.868907264827,0.019018991994384615,0.006679758210829112,0.008138756194124186,-0.02345296572981259,-0.0007766677617031537,上昇トレンドへの転換期,transition_to_uptrend,3.0
2019-06-24,21223.560546875,21317.859375,21185.669921875,21285.990234375,43200000,20902.413275948926,0.018350845587166376,0.006679163814406586,0.008979935628262936,-0.017613994074351713,0.00040434305452863306,上昇トレンドへの転換期,transition_to_uptrend,3.0
2019-06-25,21238.0703125,21313.76953125,21114.470703125,21193.810546875,53900000,20924.78388897419,0.012856842839011007,0.005036651633871125,0.009715691321930509,-0.012810670075095842,0.0031660120693184357,上昇トレンドへの転換期,transition_to_uptrend,3.0
2019-06-26,21067.6796875,21129.640625,21035.83984375,21086.58984375,50300000,20943.581350219752,0.006828273118090422,0.003916832347003796,0.008661855575194277,-0.007120537444119668,0.002119713293916581,上昇トレンドへの転換期,transition_to_uptrend,3.0
2019-06-27,21156.880859375,21338.169921875,21123.970703125,21338.169921875,61300000,20998.409220568687,0.016180306695495084,0.004592577103535556,0.008572944153487416,0.00034766546057540815,0.0007940209743231286,上昇トレンド,uptrend,4.0
2019-06-28,21282.220703125,21324.9296875,21199.849609375,21275.919921875,62100000,21062.845600180008,0.010116122281842665,0.006597999383810338,0.00963368592759184,0.00975090642557408,0.0014949297334676537,上昇トレンド,uptrend,4.0
2019-07-01,21566.26953125,21758.33984375,21559.169921875,21729.970703125,66900000,21190.729664791375,0.0254470255089696,0.011800671071427349,0.013793449829747395,0.023003952845527698,0.004813514201484459,上昇トレンド,uptrend,4.0
2019-07-02,21699.4296875,21784.220703125,21697.310546875,21754.26953125,54700000,21322.807112508577,0.02023478505737253,0.015448688923641374,0.019021616932642038,0.03543116722504669,0.00930592561071153,上昇トレンド,uptrend,4.0
2019-07-03,21684.0703125,21708.720703125,21566.650390625,21638.16015625,55000000,21419.218204025838,0.010221752733393874,0.016919489921285003,0.022710387772389984,0.04278543855537986,0.014048532197195707,上昇トレンド,uptrend,4.0
2019-07-04,21740.9296875,21755.630859375,21672.5,21702.44921875,37800000,21500.134304850326,0.009409937213928687,0.014600943193241234,0.023893480644723297,0.048070398342726195,0.015320536491235881,上昇トレンド,uptrend,4.0
2019-07-05,21703.609375,21746.380859375,21647.73046875,21746.380859375,44800000,21576.276451426864,0.007883863016451498,0.011887240623660311,0.024376138960182425,0.05195789692354458,0.014742453032590586,上昇トレンド,uptrend,4.0
2019-07-08,21665.7890625,21672.650390625,21499.5703125,21534.349609375,51900000,21611.106732759,-0.0035517442180620362,0.008958708338715038,0.019837781644021613,0.05213522812287685,0.0060443318142742175,上昇トレンド,uptrend,4.0
2019-07-09,21598.150390625,21687.2890625,21508.220703125,21565.150390625,53900000,21632.425713388304,-0.003109929679391721,0.006153050332719623,0.014520536590048483,0.05069958298223898,-0.004501080342593555,上昇トレンド,uptrend,4.0
2019-07-10,21499.4609375,21601.859375,21488.220703125,21533.48046875,58900000,21650.292915885268,-0.005395421096107245,0.0034304558817195296,0.01078819542610554,0.04951920182798242,-0.011922192346284444,上昇トレンド,uptrend,4.0
2019-07-11,21547.189453125,21649.9296875,21532.5703125,21643.529296875,49600000,21685.989375005345,-0.0019579497802061363,0.003465007284094268,0.008644367868580805,0.04970056378618093,-0.015249112776142493,上昇トレンド,uptrend,4.0
2019-07-12,21720.140625,21720.140625,21589.830078125,21685.900390625,45400000,21724.810562134666,-0.0017910476778787432,0.004270665249028749,0.0068841401361439125,0.049839954225601835,-0.017491998824038513,上昇トレンド,uptrend,4.0
2019-07-16,21644.380859375,21655.51953125,21514.890625,21535.25,49800000,21742.71198239909,-0.009541679187354046,0.00426872129965572,0.00608970430193656,0.04954197617112022,-0.013748077342085052,上昇トレンド,uptrend,4.0
2019-07-17,21474.630859375,21488.26953125,21380.55078125,21469.1796875,53300000,21759.55693555949,-0.013344814369126934,0.003392400470274781,0.0058768824104873385,0.049997275509470196,-0.008643654179561144,上昇トレンド,uptrend,4.0
2019-07-18,21336.80078125,21347.83984375,20993.439453125,21046.240234375,70200000,21723.255545485466,-0.03116546273153631,-7.157791524814439e-05,0.0033700527694322524,0.046211671310627755,-0.007418142656673288,上昇トレンド,uptrend,4.0
2019-07-19,21146.5,21474.30078125,21121.900390625,21466.990234375,57900000,21705.609966247142,-0.010993458937261114,-0.001706411609645686,0.0009047588700015208,0.04254044762883602,-0.007739608998579284,上昇トレンド,uptrend,4.0
2019-07-22,21394.75,21445.029296875,21317.849609375,21416.7890625,46900000,21687.505693551764,-0.012482607953032354,-0.003311245822748332,-0.001717155069141163,0.039576357705872756,-0.008601295205285076,下降トレンドへの転換期,transition_to_downtrend,2.0
2019-07-23,21425.439453125,21686.529296875,21411.9296875,21620.880859375,48100000,21697.627341352203,-0.0035370909809542272,-0.0011797589030613231,-0.002073551868018275,0.038044127006056305,-0.008163256169954836,下降トレンドへの転換期,transition_to_downtrend,2.0
2019-07-24,21726.98046875,21744.880859375,21677.7109375,21709.5703125,51100000,21718.85971894366,-0.0004277115172651724,0.0006104298712230616,-0.0018703145811449495,0.037949057642974626,-0.007747196991632288,下降トレンドへの転換期,transition_to_downtrend,2.0
2019-07-25,21715.94921875,21823.0703125,21715.689453125,21756.55078125,46900000,21752.65378860885,0.0001791502167514114,0.0030039459575315064,0.0013533074295346559,0.03863104522859495,-0.0020167453398975965,上昇トレンド,uptrend,4.0
2019-07-26,21700.19921875,21709.740234375,21590.66015625,21658.150390625,47600000,21768.620319333717,-0.005074732669695381,0.0032719235548033243,0.0029029524249517547,0.0366794975121536,0.001998193554950234,上昇トレンド,uptrend,4.0
2019-07-29,21627.55078125,21652.94921875,21518.69921875,21616.80078125,47000000,21771.797096094237,-0.007119132801032824,0.0024373921023306266,0.0038866342553876,0.03365886591829592,0.005603789324528763,上昇トレンド,uptrend,4.0
2019-07-30,21681.8203125,21792.98046875,21665.859375,21709.310546875,54500000,21766.20942960662,-0.0026140924038995372,0.0006231718267344366,0.003160810496717792,0.027157147201561926,0.005234362364736067,上昇トレンド,uptrend,4.0
2019-07-31,21526.380859375,21589.109375,21476.0703125,21521.529296875,76500000,21723.063199822704,-0.009277416407339256,-0.002092788557231273,0.00019354058792409035,0.01877126614719149,0.00206385516906904,上昇トレンド,uptrend,4.0
2019-08-01,21361.580078125,21556.689453125,21288.900390625,21540.990234375,75700000,21689.948958694167,-0.006867638305781187,-0.003759365248482527,-0.0028826289667479577,0.012639618873551806,-0.0042359363962826135,下降トレンドへの転換期,transition_to_downtrend,2.0
2019-08-02,21211.060546875,21211.060546875,20960.08984375,21087.16015625,91500000,21618.103202732458,-0.02456011249013501,-0.006804410632597624,-0.006914407729716188,0.005486891207722389,-0.009817360154667942,下降トレンドへの転換期,transition_to_downtrend,2.0
2019-08-05,20909.98046875,20941.830078125,20514.189453125,20720.2890625,85800000,21510.11208009982,-0.03671868443356596,-0.009802996831709265,-0.012019449512569613,-0.0030665333509233283,-0.015906083767957213,下降トレンド,downtrend,1.0
2019-08-06,20325.51953125,20607.830078125,20110.759765625,20585.310546875,89700000,21402.209816734234,-0.03816892166062713,-0.013266012866507748,-0.016723151270302106,-0.009666183162573061,-0.019883961767019898,下降トレンド,downtrend,1.0
2019-08-07,20548.0703125,20570.189453125,20406.51953125,20516.560546875,73600000,21299.988965926786,-0.03678069600435108,-0.014715178007174257,-0.019475809189717364,-0.015367520585348515,-0.019669349777641454,下降トレンド,downtrend,1.0
2019-08-08,20529.2890625,20682.240234375,20462.98046875,20593.349609375,64800000,21208.699100852864,-0.029014013945490857,-0.014012617792252713,-0.022187689733977,-0.02039666699882836,-0.019305060767229043,下降トレンド,downtrend,1.0
2019-08-09,20758.150390625,20782.060546875,20676.919921875,20684.8203125,63700000,21125.643921760475,-0.02086675373745195,-0.01292230556292906,-0.02277994865478017,-0.025839054126380212,-0.01586554092506398,下降トレンド,downtrend,1.0
2019-08-13,20432.6796875,20503.380859375,20369.26953125,20455.439453125,72900000,21017.80236899851,-0.026756504129232916,-0.013248203901874644,-0.022887361500862458,-0.032543813954743483,-0.010867911988292844,下降トレンド,downtrend,1.0
2019-08-14,20669.990234375,20697.419921875,20581.169921875,20655.130859375,60900000,20937.9240647943,-0.013506267600559174,-0.012767168545838592,-0.02169335577566911,-0.03701414608519271,-0.004970204505367004,下降トレンド,downtrend,1.0
2019-08-15,20324.25,20419.880859375,20184.849609375,20405.650390625,68200000,20848.10793081041,-0.021222911050432614,-0.01313739794052804,-0.021215083061274953,-0.04188729611766995,-0.0017392738715575895,下降トレンド,downtrend,1.0
2019-08-16,20323.970703125,20465.7109375,20300.349609375,20418.810546875,58400000,20786.107292390152,-0.017670299702995385,-0.011023753698917171,-0.019925399783040865,-0.043140322643309914,0.002262289950936136,下降トレンド,downtrend,1.0
2019-08-19,20590.470703125,20633.900390625,20502.66015625,20563.16015625,50600000,20738.262355493294,-0.008443436399911852,-0.00953588849988829,-0.01833702999548137,-0.04456670935569662,0.0044429186592988,下降トレンド,downtrend,1.0
2019-08-20,20605.349609375,20684.060546875,20582.009765625,20677.220703125,50100000,20685.54024643921,-0.0004021912512360837,-0.007797718858263747,-0.015808604378609536,-0.046200123761141576,0.007078757122252921,下降トレンド,downtrend,1.0
2019-08-21,20489.970703125,20626.05078125,20482.619140625,20618.5703125,53000000,20622.10697200805,-0.00017149845613972925,-0.00788990059924033,-0.015083495947780134,-0.049568570444307736,0.006609859827888975,下降トレンド,downtrend,1.0
2019-08-22,20706.0703125,20731.189453125,20584.2890625,20628.009765625,54600000,20548.651864891726,0.0038619516869065063,-0.009143026901255458,-0.014363704702244573,-0.05387980166524353,0.00685137835903038,下降トレンド,downtrend,1.0
2019-08-23,20579.98046875,20719.310546875,20579.98046875,20710.91015625,50700000,20479.81297237644,0.011284145230489484,-0.009945462947151373,-0.014735530597681845,-0.05851427731999104,0.0051898691853590195,下降トレンド,downtrend,1.0
2019-08-26,20325.439453125,20329.009765625,20173.759765625,20261.0390625,69900000,20375.93897411814,-0.005638999594771432,-0.011937092471882238,-0.017471250732787658,-0.06397655546312564,0.0008657792626937111,下降トレンド,downtrend,1.0
2019-08-27,20467.220703125,20529.939453125,20439.919921875,20456.080078125,60800000,20300.092410940102,0.007684086556218439,-0.012096144096747197,-0.018633684733733724,-0.06759684001547817,-0.0028250803551241876,下降トレンド,downtrend,1.0
2019-08-28,20474.310546875,20511.2109375,20433.310546875,20479.419921875,51500000,20227.04561234956,0.012477072250796306,-0.012342268963482006,-0.019157177304663153,-0.07071345252993266,-0.004073681356883019,下降トレンド,downtrend,1.0
2019-08-29,20500.5,20520.6796875,20361.119140625,20460.9296875,55100000,20159.326555476913,0.014960972589689314,-0.010630794434375312,-0.01894651347322651,-0.07198508930170366,-0.004582808770981939,下降トレンド,downtrend,1.0
2019-08-30,20641.490234375,20748.349609375,20633.30078125,20704.369140625,72000000,20123.34332693894,0.028873224704577094,-0.00870681179293109,-0.017405903360460995,-0.07222726225583265,-0.0026703727627791496,下降トレンド,downtrend,1.0
2019-09-02,20625.75,20667.560546875,20614.2890625,20620.189453125,42400000,20102.019475190376,0.02577701103981833,-0.0061811368578142956,-0.013443282259320677,-0.0701302844807612,0.004027968473466981,下降トレンド,downtrend,1.0
2019-09-03,20581.580078125,20662.23046875,20578.01953125,20625.16015625,0,20120.027528740007,0.025105961052411363,-0.001949421605367485,-0.008870150862123838,-0.06462470052147506,0.009763533871609886,下降トレンド,downtrend,1.0
2019-09-04,20578.669921875,20694.349609375,20554.16015625,20649.140625,51500000,20162.333329926667,0.02414439276979774,0.0019375509503698485,-0.0031992948284738087,-0.05793217137036555,0.015957882476189345,下降トレンド,downtrend,1.0
2019-09-05,20800.2890625,21164.609375,20787.9296875,21085.939453125,83000000,20252.76932479501,0.0411385778887019,0.007499239058577523,0.004635212841110903,-0.049165266836851296,0.023581726314337415,上昇トレンドへの転換期,transition_to_uptrend,3.0
2019-09-06,21201.830078125,21241.2890625,21145.810546875,21199.5703125,71100000,20350.45280315741,0.04172474772703083,0.01145253276061653,0.011285871961168592,-0.040466711023352864,0.028691775321629587,上昇トレンドへの転換期,transition_to_uptrend,3.0
2019-09-09,21214.560546875,21333.509765625,21182.259765625,21318.419921875,57800000,20448.357289619733,0.04254926789140856,0.014186054511286406,0.017229006013888437,-0.03205992842864791,0.030672288273209114,上昇トレンドへの転換期,transition_to_uptrend,3.0
2019-09-10,21363.5703125,21438.349609375,21350.349609375,21392.099609375,92400000,20556.89147453168,0.040629106588322195,0.01501632418063159,0.021712890062781653,-0.021929547455764364,0.03058304092490549,上昇トレンドへの転換期,transition_to_uptrend,3.0
2019-09-11,21466.66015625,21619.2109375,21437.8203125,21597.759765625,110100000,20681.985847009964,0.044278819519037116,0.016291187575006694,0.02577343150616329,-0.01222366730303881,0.0289727263346371,上昇トレンドへの転換期,transition_to_uptrend,3.0
2019-09-12,21761.08984375,21825.919921875,21743.9609375,21759.609375,96000000,20821.450877895782,0.045057306650045925,0.01824565088489738,0.028079199638370023,-0.0012786317589631446,0.02344398679725912,上昇トレンドへの転換期,transition_to_uptrend,3.0
2019-09-13,21907.830078125,22019.66015625,21820.939453125,21988.2890625,116300000,20989.518756115416,0.04758424040063258,0.02104536486558417,0.03140303359042984,0.009785933501831545,0.02011716162926125,上昇トレンド,uptrend,4.0
2019-09-17,21947.58984375,22041.080078125,21878.630859375,22001.3203125,81500000,21146.916117804918,0.040403252650901056,0.02247996271896535,0.034162100079295765,0.01970530391151004,0.016933094065407328,上昇トレンド,uptrend,4.0
2019-09-18,22014.650390625,22027.859375,21942.029296875,21960.7109375,69400000,21282.665121568727,0.03185906520908954,0.022150917646309276,0.035305612618338866,0.02886677688934447,0.013592722555557213,上昇トレンド,uptrend,4.0
2019-09-19,22064.4609375,22255.560546875,22003.30078125,22044.44921875,78200000,21419.327488875286,0.029184937304842506,0.020477302874542636,0.035651394760620736,0.038658538526124664,0.009877963254457445,上昇トレンド,uptrend,4.0
2019-09-20,22130.740234375,22204.75,22047.900390625,22079.08984375,85000000,21556.022200442912,0.024265499378467892,0.019345898019311747,0.03527954544834122,0.049023670368970595,0.007200345809971198,上昇トレンド,uptrend,4.0
2019-09-24,22095.349609375,22168.740234375,22077.939453125,22098.83984375,68400000,21683.900553320982,0.019135823345466596,0.018852687361303522,0.03308231147525742,0.05879387583122164,0.0016792778848275791,上昇トレンド,uptrend,4.0
2019-09-25,21961.8203125,22036.48046875,21906.0,22020.150390625,61600000,21815.533944344916,0.00937939207915317,0.018497614160641218,0.03161774619123059,0.07065171190664499,-0.002544353888065176,上昇トレンド,uptrend,4.0
2019-09-26,22160.51953125,22184.91015625,21986.240234375,22048.240234375,81600000,21954.150007052624,0.004285760427625407,0.018469446863045524,0.03155078941703526,0.08148029883948316,-0.003754823201303603,上昇トレンド,uptrend,4.0
2019-09-27,21934.9296875,21955.7890625,21733.689453125,21878.900390625,76400000,22057.674904024094,-0.008104866636078678,0.01723741306523685,0.029802402315401988,0.09050403735466173,-0.005848992445218748,上昇トレンド,uptrend,4.0
2019-09-30,21793.830078125,21811.98046875,21666.599609375,21755.83984375,69900000,22141.35188123449,-0.017411404667265207,0.014935134648585313,0.02715388188733403,0.09831803261399608,-0.00812566356100719,上昇トレンド,uptrend,4.0
2019-10-01,21831.439453125,21938.76953125,21811.98046875,21885.240234375,62300000,22220.79083732933,-0.015100749807276381,0.012145349748956313,0.024759857327703916,0.10422957439594827,-0.008322454147553504,上昇トレンド,uptrend,4.0
2019-10-02,21744.619140625,21795.009765625,21725.23046875,21778.609375,63300000,22276.274963709206,-0.022340610785239634,0.009910385416245004,0.021119859845728062,0.10816104775951807,-0.010497886345502527,上昇トレンド,uptrend,4.0
2019-10-03,21422.220703125,21437.740234375,21277.359375,21341.740234375,67700000,22287.234037806178,-0.04242311099831064,0.00658867432098087,0.015171802627136799,0.10771389382894592,-0.016378986789898464,上昇トレンド,uptrend,4.0
2019-10-04,21316.1796875,21410.19921875,21276.009765625,21410.19921875,57700000,22301.68625991183,-0.03997397464802077,0.003640528511100527,0.011062424165260376,0.10610641610659965,-0.018739978150141612,上昇トレンド,uptrend,4.0
2019-10-07,21445.73046875,21475.279296875,21328.259765625,21375.25,47400000,22289.201940198673,-0.04100424692865989,0.0005803024298509651,0.006677553374213385,0.1005508225934566,-0.020476328513120645,上昇トレンド,uptrend,4.0
2019-10-08,21494.48046875,21629.240234375,21483.1796875,21587.779296875,60800000,22272.906813987633,-0.03076057933679155,-0.0006428444101337361,0.002345370020348403,0.09446738258973553,-0.022414487307355513,上昇トレンド,uptrend,4.0
2019-10-09,21359.83984375,21467.76953125,21359.83984375,21456.380859375,55400000,22233.48581470423,-0.03495200715738811,-0.003058084685290896,-0.0019208395063665673,0.0872993610098296,-0.02304069935209463,下降トレンドへの転換期,transition_to_downtrend,2.0
2019-10-10,21456.26953125,21601.4609375,21308.880859375,21551.98046875,59900000,22196.224466215728,-0.02902493613030066,-0.0041714133252684915,-0.004083484358627376,0.0797461519760927,-0.019255286985764175,下降トレンドへの転換期,transition_to_downtrend,2.0
2019-10-11,21749.9296875,21820.76953125,21658.26953125,21798.869140625,67400000,22172.494589009184,-0.016850853064110716,-0.0045082676373157105,-0.005792910428251918,0.07206797031121193,-0.016855334593512294,下降トレンドへの転換期,transition_to_downtrend,2.0
2019-10-15,22063.7109375,22219.630859375,22049.7109375,22207.2109375,74500000,22173.729753820233,0.0015099482158160704,-0.0026876604677290583,-0.0051806335053291575,0.06494642875055545,-0.011858186879542543,下降トレンドへの転換期,transition_to_downtrend,2.0
2019-10-16,22479.5703125,22615.470703125,22434.349609375,22472.919921875,78700000,22184.85162025573,0.012984909998507765,-0.0005123774981330431,-0.003953466625047919,0.05694903623228842,-0.006298836645396322,下降トレンドへの転換期,transition_to_downtrend,2.0
2019-10-17,22451.150390625,22522.390625,22424.919921875,22451.859375,57800000,22184.96715632789,0.012030318403964069,0.0005625243144669057,-0.002182233536418776,0.04908758481568731,-0.00026139403005220885,下降トレンドへの転換期,transition_to_downtrend,2.0
2019-10-18,22528.560546875,22649.849609375,22466.259765625,22492.6796875,59200000,22192.595341528948,0.013521822993343369,0.0008508080470974733,-0.00016350189160796447,0.042754524152055495,0.003919982467019412,下降トレンドへの転換期,transition_to_downtrend,2.0
2019-10-21,22541.220703125,22581.279296875,22515.73046875,22548.900390625,48400000,22205.33465476881,0.015472216077698553,0.0009232892274284588,0.0014811173198303607,0.03669616454119562,0.007274027748082279,上昇トレンド,uptrend,4.0
2019-10-23,22619.76953125,22648.810546875,22457.890625,22625.380859375,68000000,22221.986972472685,0.018152917081718067,0.0016686892472697057,0.0021763239287309055,0.03089460410817768,0.007356957434060063,上昇トレンド,uptrend,4.0
2019-10-24,22725.439453125,22780.990234375,22704.330078125,22750.599609375,61300000,22250.25002852577,0.022487368915304895,0.0025979244928120426,0.002947885764100766,0.026118431682165655,0.006901352389148685,上昇トレンド,uptrend,4.0
2019-10-25,22753.240234375,22819.919921875,22715.130859375,22799.810546875,57200000,22287.636207322103,0.022980200088901004,0.003706386498238068,0.004627865809795795,0.021640646714474077,0.006810099346214571,上昇トレンド,uptrend,4.0
2019-10-28,22854.439453125,22896.220703125,22830.5703125,22867.26953125,48100000,22336.06103244667,0.023782550469918062,0.005133387042089987,0.006464574724581951,0.017395846583509567,0.006628076616189915,上昇トレンド,uptrend,4.0
2019-10-29,22950.7890625,23008.4296875,22935.349609375,22974.130859375,72900000,22403.263448593916,0.02548143988446072,0.006876930365814937,0.008913569504911845,0.01566749650965127,0.007432452185081484,上昇トレンド,uptrend,4.0
2019-10-30,22953.169921875,22961.23046875,22827.9296875,22843.119140625,101600000,22472.058276619206,0.016512099578873896,0.008274635658155338,0.011253327817008163,0.014936142885882298,0.009077003888277257,上昇トレンド,uptrend,4.0
2019-10-31,22910.099609375,22988.80078125,22875.5,22927.0390625,78300000,22549.136670904754,0.016759062535766756,0.00953953511089356,0.013432956573332877,0.014776514300464338,0.010485070809232111,上昇トレンド,uptrend,4.0
2019-11-01,22730.490234375,22852.720703125,22705.599609375,22850.76953125,65400000,22617.818107648007,0.010299464895034305,0.00957693773259427,0.014814576891623465,0.015332147968869059,0.01018671108182767,上昇トレンド,uptrend,4.0
2019-11-05,23118.7890625,23328.51953125,23090.939453125,23251.990234375,102100000,22752.067629367524,0.021972623022717963,0.012460334042460719,0.018624886291120912,0.020856495282135068,0.012160311566538962,上昇トレンド,uptrend,4.0
2019-11-06,23343.509765625,23352.560546875,23246.5703125,23303.8203125,77400000,22906.151454037117,0.017360788837043728,0.015832747317240825,0.022447087077162475,0.02710401299169196,0.01353351757225063,上昇トレンド,uptrend,4.0
2019-11-07,23283.140625,23336.0,23253.3203125,23330.3203125,70900000,23058.340552586797,0.011795287665776533,0.019476787851160138,0.026089389265138374,0.034507229754196844,0.014836061448130211,上昇トレンド,uptrend,4.0
2019-11-08,23550.0390625,23591.08984375,23313.41015625,23391.869140625,94600000,23203.772794747878,0.008106282867917702,0.019853367735128913,0.02903153825342697,0.04179364590955181,0.015598581680094092,上昇トレンド,uptrend,4.0
2019-11-11,23422.130859375,23471.8203125,23323.01953125,23331.83984375,61500000,23335.322642611205,-0.00014925008385546779,0.018736067009565094,0.03172297750155573,0.04955753843953126,0.01690840060993226,上昇トレンド,uptrend,4.0
2019-11-12,23336.369140625,23545.69921875,23312.25,23520.009765625,63000000,23482.722224425866,0.0015878713227015506,0.01840469269118583,0.03211376684355671,0.05796020670850033,0.0134888805524358,上昇トレンド,uptrend,4.0
2019-11-13,23439.25,23452.630859375,23270.9296875,23319.869140625,63400000,23588.371366426873,-0.011382821714602587,0.016574829234927257,0.029783262097025753,0.06385735135637516,0.007336175019863278,上昇トレンド,uptrend,4.0
2019-11-14,23325.5,23360.060546875,23062.16015625,23141.55078125,79900000,23640.7974729237,-0.021118013986012873,0.01309066238298695,0.02526014042548086,0.06616242442707287,-0.0008292488396575148,上昇トレンド,uptrend,4.0
2019-11-15,23160.529296875,23340.76953125,23121.58984375,23303.3203125,72200000,23675.82017209681,-0.015733345535198007,0.008222979679506137,0.020343561433931123,0.06720660464006722,-0.008687976819495846,上昇トレンド,uptrend,4.0
2019-11-18,23304.25,23420.619140625,23271.2890625,23416.759765625,57300000,23709.591162136257,-0.012350756894488502,0.005138964188172723,0.01603871200999052,0.06872329334837413,-0.015684265491565208,上昇トレンド,uptrend,4.0
2019-11-19,23366.359375,23389.529296875,23244.9296875,23292.650390625,64200000,23728.563253798344,-0.018370807305560954,0.0037124712470111287,0.010469017476890441,0.0692108285953894,-0.02164474936666627,上昇トレンド,uptrend,4.0
2019-11-20,23176.490234375,23303.169921875,23086.119140625,23148.5703125,65700000,23727.825321894168,-0.02441247782027789,0.002196551140333902,0.0059119789705268655,0.06856418472388981,-0.023871283126498888,上昇トレンド,uptrend,4.0
2019-11-21,23071.490234375,23108.080078125,22726.7109375,23038.580078125,69800000,23709.76554674067,-0.028308397537399332,7.355023678767836e-06,0.002917332797083505,0.06695074459862482,-0.022342807628397354,上昇トレンド,uptrend,4.0
2019-11-22,23030.330078125,23219.509765625,23030.330078125,23112.880859375,55600000,23690.246940003726,-0.024371467384486256,-0.0016147759720970267,0.0006093460670866246,0.06471823505946306,-0.0197342153668445,上昇トレンド,uptrend,4.0
2019-11-25,23292.849609375,23347.1796875,23255.390625,23292.810546875,50300000,23681.403435834705,-0.016409200156257908,-0.001956432392336782,-0.001188874414104979,0.06253544411563539,-0.017227586424095498,下降トレンドへの転換期,transition_to_downtrend,2.0
2019-11-26,23451.400390625,23608.060546875,23350.099609375,23373.3203125,94300000,23675.9332311383,-0.01278145683568277,-0.0014269358984454472,-0.002218002923190854,0.05998695100023488,-0.012687020400081295,下降トレンドへの転換期,transition_to_downtrend,2.0
2019-11-27,23452.849609375,23507.8203125,23418.23046875,23437.76953125,52200000,23669.546836025074,-0.009792215557853812,-0.0008737816887716132,-0.0024561241950529222,0.056522273656101296,-0.008368103165579788,下降トレンドへの転換期,transition_to_downtrend,2.0
2019-11-28,23458.880859375,23482.3203125,23367.330078125,23409.140625,44800000,23663.091829694622,-0.010731953648421388,-0.0007732483503225529,-0.001968544014239071,0.05300064366220569,-0.004885876811322576,下降トレンドへの転換期,transition_to_downtrend,2.0
2019-11-29,23497.439453125,23498.76953125,23273.369140625,23293.91015625,52100000,23648.852092163743,-0.015008844172667346,-0.0011438256186219187,-0.0017473371191452092,0.04876973505943383,-0.002356683186231834,下降トレンドへの転換期,transition_to_downtrend,2.0
2019-12-02,23388.630859375,23562.05078125,23378.400390625,23529.5,47700000,23659.1204570597,-0.00547866761551663,-0.00044049761651987485,-0.0009409484043199079,0.04603902748070943,0.00024792600978507107,下降トレンドへの転換期,transition_to_downtrend,2.0
2019-12-03,23231.140625,23388.1796875,23186.83984375,23379.810546875,58800000,23640.427160067735,-0.011024192220729256,-0.0009578067730965367,-0.0014996693361116753,0.0390452219627524,0.0007183335870791785,下降トレンドへの転換期,transition_to_downtrend,2.0
2019-12-04,23186.740234375,23203.76953125,23044.779296875,23135.23046875,58100000,23580.983235033666,-0.018903061074290628,-0.0028698584128135085,-0.0037416686345940198,0.02946072291325974,-0.0012855444395410975,下降トレンドへの転換期,transition_to_downtrend,2.0
2019-12-05,23292.69921875,23363.439453125,23259.8203125,23300.08984375,61400000,23539.022275565327,-0.010150482420986151,-0.0050761896120503636,-0.005243167504155211,0.02084632768270067,-0.0032746234899161397,下降トレンドへの転換期,transition_to_downtrend,2.0
2019-12-06,23347.669921875,23412.48046875,23338.400390625,23354.400390625,54400000,23502.94214461756,-0.006320134435874314,-0.005815673909751018,-0.00616985327564934,0.012893133910421462,-0.0044225161565041304,下降トレンドへの転換期,transition_to_downtrend,2.0
2019-12-09,23544.310546875,23544.310546875,23360.009765625,23430.69921875,55800000,23478.526853293035,-0.002037079874810277,-0.004344873185288312,-0.007633149511810267,0.006136800115218222,-0.006692201107490359,下降トレンドへの転換期,transition_to_downtrend,2.0
2019-12-10,23372.390625,23449.470703125,23336.9296875,23410.189453125,52800000,23450.212377579966,-0.001706719061241091,-0.003772879644094229,-0.008046165206738287,-0.0013844155943761871,-0.006546495870626612,下降トレンド,downtrend,1.0
2019-12-11,23421.140625,23438.4296875,23333.630859375,23391.859375,61300000,23425.546804038062,-0.001438063722476457,-0.0032930064714140617,-0.006591600928865238,-0.006902747114646335,-0.002849932294271218,下降トレンド,downtrend,1.0
2019-12-12,23449.279296875,23468.150390625,23360.4296875,23424.810546875,56300000,23425.290826052827,-2.0502591895010802e-05,-0.0022674347318660804,-0.00483161314777969,-0.009115878900349927,0.00041155435637552085,下降トレンド,downtrend,1.0
2019-12-13,23810.560546875,24050.0390625,23775.73046875,24023.099609375,115500000,23484.869995082878,0.022918143230293175,0.0014779233955273252,-0.0007689313713781232,-0.00806519797945493,0.0054009219042712164,下降トレンド,downtrend,1.0
2019-12-16,23955.19921875,24036.30078125,23950.05078125,23952.349609375,53300000,23524.804115619434,0.01817424245720689,0.004237139581487304,0.001971046250710984,-0.007793767731091195,0.00960419576252125,上昇トレンドへの転換期,transition_to_uptrend,3.0
2019-12-17,24091.119140625,24091.119140625,23996.509765625,24066.119140625,64000000,23577.1934663591,0.020737229601289098,0.006484557286150272,0.005414922762086993,-0.006379222619600222,0.01346108796882528,上昇トレンドへの転換期,transition_to_uptrend,3.0
2019-12-18,24023.26953125,24046.08984375,23919.359375,23934.4296875,66300000,23629.637011364783,0.012898745587527571,0.006164267305384996,0.00871229214131053,-0.004138108284149622,0.015303893070175767,上昇トレンドへの転換期,transition_to_uptrend,3.0
2019-12-19,23911.4609375,23945.529296875,23835.2890625,23864.849609375,55600000,23686.960777425025,0.0075099897205685995,0.006893007950613539,0.011170403531604256,-0.0009618302328079364,0.016002016679383946,上昇トレンドへの転換期,transition_to_uptrend,3.0
2019-12-20,23893.44921875,23908.76953125,23746.630859375,23816.630859375,70300000,23740.284672582406,0.0032158917993416747,0.006917329089911162,0.010875711790314657,0.0021121659350111788,0.01164464316169278,上昇トレンド,uptrend,4.0
2019-12-23,23921.2890625,23923.08984375,23810.8203125,23821.109375,45200000,23781.0551762038,0.0016842902259559533,0.00640797676097149,0.010892803158952802,0.0042080166675553254,0.008921756908241818,上昇トレンド,uptrend,4.0
2019-12-24,23839.1796875,23853.560546875,23796.349609375,23830.580078125,37900000,23810.18889902638,0.0008564055995143871,0.005202361027202729,0.009882237807469663,0.005670554422391616,0.004467315045382669,上昇トレンド,uptrend,4.0
2019-12-25,23813.58984375,23824.849609375,23782.869140625,23782.869140625,31600000,23827.853852333694,-0.0018879044662383215,0.003688632253530777,0.008388484379746375,0.0066882149204341435,-0.00032380776156415436,上昇トレンド,uptrend,4.0
2019-12-26,23787.69921875,23931.509765625,23775.400390625,23924.919921875,40300000,23857.847728178163,0.0028113262546149986,0.003229148219259903,0.007214389062357052,0.008230365663338457,-0.003956014469247204,上昇トレンド,uptrend,4.0
2019-12-27,23953.75,23967.1796875,23837.720703125,23837.720703125,44800000,23886.31399404584,-0.002034357035286094,0.003197164681989273,0.006151119225292323,0.010041159755097784,-0.004724592565022334,上昇トレンド,uptrend,4.0
2019-12-30,23770.9296875,23782.490234375,23656.619140625,23656.619140625,41600000,23891.000423146193,-0.009810442357789162,0.002650115751247739,0.004623228285194347,0.009800870091825509,-0.0062695748737584545,上昇トレンド,uptrend,4.0
2020-01-06,23319.759765625,23365.359375,23148.529296875,23204.859375,72800000,23849.191749817164,-0.02701694806165089,-0.0003628147207418442,0.0016380739756491902,0.008830829846512511,-0.008244163831820472,上昇トレンド,uptrend,4.0
2020-01-07,23320.119140625,23577.439453125,23299.919921875,23575.720703125,64300000,23862.877234085812,-0.012033608862163425,-0.0009811794304415145,0.0014698504518773081,0.011954293688370976,-0.006918633927869067,上昇トレンド,uptrend,4.0
2020-01-08,23217.490234375,23303.2109375,22951.1796875,23204.759765625,79400000,23843.038779461338,-0.026770036308717438,-0.0020075192681504594,-0.0006207160379909649,0.012915426152240617,-0.007835105100348017,下降トレンドへの転換期,transition_to_downtrend,2.0
2020-01-09,23530.2890625,23767.08984375,23506.150390625,23739.869140625,62200000,23864.664629244657,-0.005229299910912144,0.000648780033713825,-0.0009063501721772171,0.015390519297599381,-0.00705746939746954,下降トレンドへの転換期,transition_to_downtrend,2.0
2020-01-10,23813.279296875,23903.2890625,23761.080078125,23850.5703125,55900000,23889.734260143203,-0.0016393630509545787,0.001125473084990336,-5.2997487780537256e-05,0.01751419113386543,-0.004676225772974885,下降トレンドへの転換期,transition_to_downtrend,2.0
2020-01-14,23969.0390625,24059.859375,23951.66015625,24025.169921875,64200000,23928.229686580657,0.004051291573346383,0.003572988657498666,0.0033140719229656224,0.02038434881970219,0.0016759979473164321,上昇トレンド,uptrend,4.0
2020-01-15,23923.48046875,23997.390625,23875.8203125,23916.580078125,57200000,23956.27119915002,-0.0016568154824706527,0.0038385860990941545,0.003913776371057276,0.022655795382350297,0.002443925919179968,上昇トレンド,uptrend,4.0
2020-01-16,23960.19921875,23975.380859375,23905.380859375,23933.130859375,55400000,23984.0898524048,-0.002124699888275683,0.003949629210359795,0.005915817788501254,0.023854518200068453,0.006536533826492219,上昇トレンド,uptrend,4.0
2020-01-17,24103.44921875,24115.94921875,24013.75,24041.259765625,59400000,23991.845318928932,0.0020596350984758427,0.0026586017094256675,0.005329246886982109,0.021587316597971418,0.006235597059159326,上昇トレンド,uptrend,4.0
2020-01-20,24080.6796875,24108.109375,24061.669921875,24083.509765625,38300000,23980.337131092758,0.004302384656572178,0.0010045775380767008,0.0037925441096560153,0.01936394510383499,0.0038455415974365525,上昇トレンド,uptrend,4.0
2020-01-21,24072.810546875,24081.75,23843.48046875,23864.560546875,44600000,23946.645962228602,-0.0034278460325123383,-0.001561197043816187,0.0007696463921136321,0.0156699098387878,-0.0025444255308519903,上昇トレンド,uptrend,4.0
2020-01-22,23835.490234375,24040.869140625,23831.099609375,24031.349609375,49000000,23932.248155443172,0.0041409170291126784,-0.002484059174837183,-0.0010027872663128656,0.012806423726815952,-0.004916563637370142,下降トレンドへの転換期,transition_to_downtrend,2.0
2020-01-23,23843.509765625,23910.009765625,23779.23046875,23795.439453125,55500000,23906.336600281946,-0.00463881810965705,-0.0030858836723718364,-0.00324186794668202,0.009261459286325824,-0.009157685735183274,下降トレンドへの転換期,transition_to_downtrend,2.0
2020-01-24,23850.119140625,23869.380859375,23755.3203125,23827.1796875,48700000,23891.209840471,-0.002680071599494127,-0.00231498481436776,-0.004194570159992361,0.006357344487233574,-0.00952381704697447,下降トレンドへの転換期,transition_to_downtrend,2.0
2020-01-27,23427.900390625,23463.890625,23317.3203125,23343.509765625,62400000,23833.508430959628,-0.020559233515873077,-0.004125802299985271,-0.006122878895758022,0.0022056739857494456,-0.009915423005414037,下降トレンドへの転換期,transition_to_downtrend,2.0
2020-01-28,23126.9296875,23243.359375,23115.150390625,23215.7109375,64400000,23765.53102676492,-0.023135190568462694,-0.005889885007114293,-0.007563269434448516,-0.001875578243030529,-0.008332915826562148,下降トレンド,downtrend,1.0
2020-01-29,23309.3203125,23392.609375,23214.279296875,23379.400390625,54900000,23717.67443119179,-0.014262529892977827,-0.007263567246613367,-0.008965882471955733,-0.00462397586558605,-0.007963095205642867,下降トレンド,downtrend,1.0
2020-01-30,23284.580078125,23318.5703125,22892.94921875,22977.75,69600000,23629.135534299767,-0.02756704888142114,-0.008575023574556084,-0.011595296703841629,-0.009586455429014595,-0.008353428757159609,下降トレンド,downtrend,1.0
2020-01-31,23148.919921875,23421.58984375,23139.98046875,23205.1796875,75400000,23563.19629948637,-0.015193889972990426,-0.008513789447863629,-0.013729465488557357,-0.013527315040738896,-0.009534895328564996,下降トレンド,downtrend,1.0
2020-02-03,22874.26953125,23023.73046875,22775.919921875,22971.939453125,72500000,23490.803904788125,-0.022087981908416765,-0.009565462544055436,-0.014379105248572221,-0.016750931784771494,-0.0082562263528142,下降トレンド,downtrend,1.0
2020-02-04,22881.130859375,23118.130859375,22854.44921875,23084.58984375,67900000,23460.89198106701,-0.016039549460467484,-0.0071201738628371425,-0.012818524667293274,-0.01628146449672163,-0.005255255232844758,下降トレンド,downtrend,1.0
2020-02-05,23351.470703125,23414.689453125,23241.640625,23319.560546875,70300000,23456.81648902969,-0.005851430956919645,-0.004514659603247484,-0.01099846205069066,-0.017016420152223044,-0.0020325795787349277,下降トレンド,downtrend,1.0
2020-02-06,23641.099609375,23995.369140625,23625.130859375,23873.58984375,95100000,23506.6271995237,0.015611029226418882,0.0006735952843379689,-0.005184630415202229,-0.014109425524544528,0.0064106662886393995,下降トレンド,downtrend,1.0
2020-02-07,23899.009765625,23943.44921875,23759.419921875,23827.98046875,65400000,23542.66555360865,0.012119057397798061,0.003485527004158051,-0.0008713056419331622,-0.013492713207518325,0.012858159846624195,下降トレンド,downtrend,1.0
2020-02-10,23631.7890625,23788.25,23621.720703125,23685.98046875,56500000,23535.3925516571,0.006398360119228119,0.0033498178520583455,0.0018981320115607492,-0.014832383844355923,0.01627723726013297,上昇トレンドへの転換期,transition_to_uptrend,3.0
2020-02-12,23741.2109375,23869.73046875,23693.720703125,23861.2109375,74600000,23532.493567637786,0.013968658651383636,0.001100386197242731,0.003051954999347961,-0.016538462064529802,0.015870479666641235,上昇トレンドへの転換期,transition_to_uptrend,3.0
2020-02-13,23849.759765625,23908.849609375,23784.310546875,23827.73046875,64500000,23525.102434867167,0.012864047445519278,-0.0007460123281916031,0.0029111344188335053,-0.017998158423676136,0.013909596469524166,上昇トレンドへの転換期,transition_to_uptrend,3.0
2020-02-14,23714.51953125,23738.419921875,23603.48046875,23687.58984375,69100000,23510.250742938486,0.007543054421262685,-0.0010682553377187043,0.0001541498652286588,-0.019756393191580846,0.005338780280430888,上昇トレンドへの転換期,transition_to_uptrend,3.0
2020-02-17,23489.779296875,23561.98046875,23335.990234375,23523.240234375,54000000,23475.66997176498,0.0020263644303755157,-0.0024146865570995324,-0.0028457092800777684,-0.021514616333271563,-0.001974403638144606,下降トレンド,downtrend,1.0
2020-02-18,23398.5703125,23402.009765625,23133.599609375,23193.80078125,59500000,23404.11378669187,-0.008986155483548308,-0.005142959462568708,-0.005577929693634465,-0.02402899263888003,-0.007476061705195214,下降トレンド,downtrend,1.0
2020-02-19,23329.330078125,23468.560546875,23234.9609375,23400.69921875,61600000,23362.844178523443,0.0016203095794884437,-0.006269884827124539,-0.007209154806596785,-0.024379271511592804,-0.010261109805944746,下降トレンド,downtrend,1.0
2020-02-20,23666.580078125,23806.560546875,23426.419921875,23479.150390625,63300000,23331.996662318976,0.006306949655263683,-0.006120094106741303,-0.00820849869125262,-0.02508128318014602,-0.011119633110086125,下降トレンド,downtrend,1.0
2020-02-21,23427.76953125,23588.55078125,23378.330078125,23386.740234375,62100000,23297.258185778035,0.0038408832440028906,-0.004565676012675768,-0.009059561273476624,-0.025477697594901594,-0.009213711138705283,下降トレンド,downtrend,1.0
2020-02-25,22949.369140625,22950.23046875,22335.2109375,22605.41015625,105800000,23199.765591070525,-0.025619027592644672,-0.006980254039567257,-0.011752779836583738,-0.028941366051257522,-0.00890707055650597,下降トレンド,downtrend,1.0
2020-02-26,22374.140625,22456.55078125,22127.419921875,22426.189453125,99300000,23110.003770757357,-0.02958953725908231,-0.009514526115123934,-0.012566594856573854,-0.030356615867030312,-0.006988665162939389,下降トレンド,downtrend,1.0
2020-02-27,22255.830078125,22272.259765625,21844.2890625,21948.23046875,106200000,23005.900763449397,-0.04597387016376986,-0.012506082046448652,-0.015278251755073913,-0.0319635299737262,-0.008069096948477128,下降トレンド,downtrend,1.0
2020-02-28,21518.009765625,21528.130859375,20916.400390625,21142.9609375,148500000,22827.39137022439,-0.07378987837048834,-0.01605077514186004,-0.02162718002225328,-0.03753669288067141,-0.01341868133100066,下降トレンド,downtrend,1.0
2020-03-02,20849.7890625,21593.109375,20834.2890625,21344.080078125,123700000,22683.359119253008,-0.059042359382798115,-0.01846147044096169,-0.0263507002253075,-0.040025857639771956,-0.017291138951830876,下降トレンド,downtrend,1.0
2020-03-03,21651.990234375,21719.779296875,21082.73046875,21082.73046875,105300000,22525.478399665823,-0.06404960220233225,-0.02088257133347482,-0.029064396739604703,-0.04403977654946456,-0.017311616903020965,下降トレンド,downtrend,1.0
2020-03-04,20897.19921875,21245.9296875,20862.05078125,21100.060546875,94600000,22373.137083939513,-0.056902012993894635,-0.019899526797328204,-0.03188518245722882,-0.04757890897981565,-0.01931858760065497,下降トレンド,downtrend,1.0
2020-03-05,21399.869140625,21399.869140625,21220.759765625,21329.119140625,85700000,22250.01019471889,-0.04138834301803895,-0.01910426591828296,-0.0328563778702996,-0.0516127770131376,-0.01757812611522569,下降トレンド,downtrend,1.0
2020-03-06,21009.80078125,21061.19921875,20613.91015625,20749.75,111700000,22062.117049826065,-0.05948509142899372,-0.020570544235217314,-0.033524387784253595,-0.059458172418917044,-0.011897207762000317,下降トレンド,downtrend,1.0
2020-03-09,20343.310546875,20347.189453125,19472.259765625,19698.759765625,170300000,21749.21840911332,-0.09427734849676905,-0.027886955346734577,-0.04118176259647599,-0.07476226918874984,-0.01483106237116849,下降トレンド,downtrend,1.0
2020-03-10,19474.890625,19970.349609375,18891.76953125,19867.119140625,164700000,21439.26110019167,-0.07333004398890475,-0.03643814485620556,-0.04822171943261666,-0.08934436283892111,-0.019157322693011958,下降トレンド,downtrend,1.0
2020-03-11,19758.259765625,19974.830078125,19392.25,19416.060546875,129200000,21108.124486196124,-0.08016173774357205,-0.04324120670175946,-0.05654158346222593,-0.10313267816262006,-0.02465640100499711,下降トレンド,downtrend,1.0
2020-03-12,19064.509765625,19142.1796875,18339.26953125,18559.630859375,164600000,20711.310929319174,-0.10388912982317455,-0.0477215990143004,-0.06915499147793336,-0.11988456005352288,-0.036298613607633756,下降トレンド,downtrend,1.0
2020-03-13,18183.470703125,18184.4609375,16690.599609375,17431.05078125,233400000,20225.035687736156,-0.1381448690436844,-0.05663559983625832,-0.08326858922654445,-0.14027852827709253,-0.04974420144229086,下降トレンド,downtrend,1.0
2020-03-16,17586.080078125,17785.759765625,16914.44921875,17002.0390625,158100000,19726.30271364884,-0.138103104808581,-0.06546397684223149,-0.09301096055097047,-0.16094885888982646,-0.05182919795449448,下降トレンド,downtrend,1.0
2020-03-17,16726.94921875,17557.0390625,16378.9404296875,17011.529296875,198800000,19256.362745382434,-0.11657619240921979,-0.07024896632096322,-0.1018177979459246,-0.17973106758858237,-0.05359607851330794,下降トレンド,downtrend,1.0
2020-03-18,17154.080078125,17396.83984375,16698.4609375,16726.55078125,177200000,18797.957591574388,-0.11019318456452065,-0.07055997913650669,-0.10944444145819276,-0.19680968213958394,-0.052902857995966834,下降トレンド,downtrend,1.0
2020-03-19,16995.76953125,17160.970703125,16358.1904296875,16552.830078125,198900000,18341.21423001228,-0.09750631171195268,-0.07021531118845725,-0.11443489537650453,-0.21494086551017422,-0.04527990389857117,下降トレンド,downtrend,1.0
2020-03-23,16570.5703125,17049.029296875,16480.94921875,16887.779296875,170300000,17907.507935618683,-0.05694419583170507,-0.070047226862051,-0.11458707850502092,-0.23249140676677738,-0.03131848927847647,下降トレンド,downtrend,1.0
2020-03-24,17206.880859375,18100.390625,17197.140625,18092.349609375,147300000,17573.94475252651,0.02949849132614135,-0.06511413982530234,-0.10911106822025463,-0.2456646781184474,-0.016100107669284158,下降トレンド,downtrend,1.0
2020-03-25,18446.80078125,19564.380859375,18446.80078125,19546.630859375,147700000,17395.480610455543,0.12366144385953382,-0.051563304789778,-0.09663726008553297,-0.2501872252902858,0.005180537860391632,下降トレンド,downtrend,1.0
2020-03-26,19234.76953125,19240.2890625,18512.810546875,18664.599609375,128100000,17194.111112515453,0.08552279831373144,-0.03983786162027925,-0.08532025201385762,-0.2559883900031068,0.024124189444335142,下降トレンド,downtrend,1.0
2020-03-27,19021.970703125,19389.4296875,18832.2109375,19389.4296875,148900000,17080.294250752253,0.1351929541053456,-0.02808990859626359,-0.068747900953948,-0.25756898517581395,0.045686994422556526,下降トレンド,downtrend,1.0
2020-03-30,18884.0703125,19084.970703125,18578.19921875,19084.970703125,121000000,17003.99949179841,0.12238127931786336,-0.022504760139931523,-0.050454169673891935,-0.2551054469597389,0.06413290883112899,下降トレンド,downtrend,1.0
2020-03-31,19181.900390625,19336.189453125,18834.16015625,18917.009765625,122200000,16941.969401481845,0.11657678734624599,-0.014664422567914892,-0.035960927381076924,-0.25311020680786334,0.0731501408391777,下降トレンド,downtrend,1.0
2020-04-01,18686.119140625,18784.25,17871.619140625,18065.41015625,105800000,16818.440454123873,0.07414300425342768,-0.015330754422854698,-0.033171843265131784,-0.25335923367676916,0.06346541682040119,下降トレンド,downtrend,1.0
2020-04-02,17934.419921875,18132.0390625,17707.66015625,17818.720703125,107300000,16687.346582335864,0.0677983234306847,-0.018622260581416694,-0.02947314501246412,-0.25413470092601254,0.0558471070013935,下降トレンド,downtrend,1.0
2020-04-03,17951.439453125,18059.150390625,17646.5,17820.189453125,96000000,16545.257675682376,0.07705723310169255,-0.02341591561160361,-0.03132478675221373,-0.2563932541653645,0.037423114201734275,下降トレンド,downtrend,1.0
2020-04-06,17857.990234375,18672.259765625,17802.619140625,18576.30078125,105700000,16480.557073764012,0.1271646157411923,-0.020090054204580654,-0.030783488219161215,-0.2529929454846246,0.01967068145473072,下降トレンド,downtrend,1.0
2020-04-07,18878.859375,19162.51953125,18553.140625,18950.1796875,108200000,16524.689651185316,0.1467797633428296,-0.009747321441907708,-0.024629943568427848,-0.24021685099906076,0.011330983812649076,下降トレンド,downtrend,1.0
2020-04-08,19047.759765625,19454.33984375,18730.80078125,19353.240234375,105900000,16641.112371865795,0.1629775583448645,0.005793484638459301,-0.01054366977376886,-0.22380196341202163,0.022628173491362924,下降トレンド,downtrend,1.0
2020-04-09,19376.0,19406.9609375,19158.55078125,19345.76953125,82300000,16769.881251406794,0.15360205843002728,0.017555485312044983,0.004945943242905759,-0.20552480811956408,0.03441908825536988,上昇トレンドへの転換期,transition_to_uptrend,3.0
2020-04-10,19500.0703125,19500.0703125,19235.9609375,19498.5,87500000,16974.67942933993,0.1486814865144237,0.027231360325265408,0.025954370858104037,-0.1804150163517475,0.057279157610317766,上昇トレンドへの転換期,transition_to_uptrend,3.0
2020-04-13,19312.0390625,19355.0390625,19014.3203125,19043.400390625,65600000,17235.625030505646,0.10488597639596708,0.035725535971078415,0.04581568167641947,-0.14780743546688513,0.07659916989558069,上昇トレンドへの転換期,transition_to_uptrend,3.0
2020-04-14,19150.30078125,19705.990234375,19093.119140625,19638.810546875,81900000,17617.825607366478,0.1147125067842365,0.05056352774642048,0.0661516784433378,-0.10688658370955073,0.09078162201176565,上昇トレンドへの転換期,transition_to_uptrend,3.0
2020-04-15,19589.25,19660.6796875,19465.94921875,19550.08984375,94100000,18001.652378846262,0.08601640740065108,0.06050028536805585,0.08175775612696756,-0.06515822240817748,0.09230142590073642,上昇トレンドへの転換期,transition_to_uptrend,3.0
2020-04-16,19311.30078125,19362.169921875,19154.41015625,19290.19921875,81400000,18360.63823831258,0.050627923080458936,0.06527255065109339,0.09485797562056919,-0.023264195119677478,0.08991203237766343,上昇トレンドへの転換期,transition_to_uptrend,3.0
2020-04-17,19575.849609375,19922.0703125,19554.69921875,19897.259765625,87800000,18782.270413398284,0.05936392819854941,0.06609469477010377,0.10648748870827096,0.024047272871623226,0.08053311785016692,上昇トレンド,uptrend,4.0
2020-04-20,19689.849609375,19784.380859375,19611.7890625,19669.119140625,65000000,19150.85044692565,0.027062437521282456,0.06383847681837307,0.11112016030925553,0.0694313533617883,0.06530447863283606,上昇トレンド,uptrend,4.0
2020-04-21,19479.830078125,19529.060546875,19193.220703125,19280.779296875,79400000,19378.16196623714,-0.005025382156048308,0.055418755857916,0.09991791257909943,0.10266432716827834,0.03376623413576163,上昇トレンド,uptrend,4.0
2020-04-22,19109.1796875,19137.94921875,18858.25,19137.94921875,76400000,19437.537744367666,-0.015412884571991414,0.03488754642260661,0.0797640869461913,0.11739009571743275,-0.0019936691807762585,上昇トレンド,uptrend,4.0
2020-04-23,19313.0390625,19429.439453125,19221.5390625,19429.439453125,72600000,19488.88917443549,-0.0030504417557299934,0.017651368979496596,0.06144943990937235,0.13346302387505737,-0.03340853571119684,上昇トレンド,uptrend,4.0
2020-04-24,19331.859375,19352.240234375,19175.380859375,19262.0,84700000,19519.141435178793,-0.01317380869608098,0.00727517239185449,0.03923226561869031,0.14278718789163292,-0.06725522308958065,上昇トレンド,uptrend,4.0
2020-04-27,19410.83984375,19819.060546875,19410.1796875,19783.220703125,77600000,19573.604613082098,0.010709120480690837,0.007000211163775472,0.02207495522603864,0.15111768984250395,-0.0890452050832169,上昇トレンド,uptrend,4.0
2020-04-28,19776.1796875,19841.779296875,19638.48046875,19771.189453125,68600000,19643.014626026812,0.006525211610256543,0.007908375393375078,0.013667584172901925,0.15942923520501218,-0.08625032840619751,上昇トレンド,uptrend,4.0
2020-04-30,20105.6796875,20365.890625,20084.830078125,20193.689453125,103400000,19796.197647808378,0.020079199671994896,0.014194077826100271,0.01845192061657297,0.17705311035271176,-0.061312166329618334,上昇トレンド,uptrend,4.0
2020-05-01,19991.970703125,20000.25,19551.73046875,19619.349609375,86600000,19931.156716307723,-0.01564420526971233,0.018267054550936024,0.02269331709538247,0.19438741311968344,-0.03875612281398988,上昇トレンド,uptrend,4.0
2020-05-07,19468.51953125,19720.869140625,19448.9296875,19674.76953125,82900000,20069.15484133105,-0.0196513163209463,0.021694237031194108,0.02817815568265636,0.21298532997935538,-0.011054109936033951,上昇トレンド,uptrend,4.0
2020-05-08,19972.08984375,20179.08984375,19894.580078125,20179.08984375,82200000,20207.142724571517,-0.0013882655852875958,0.020758788332699618,0.03236696173304687,0.2261201265301882,0.010292006507008233,上昇トレンド,uptrend,4.0
2020-05-11,20333.73046875,20534.880859375,20285.0390625,20390.66015625,76200000,20302.414845835094,0.004346542570673906,0.01862702375038805,0.033569196600535145,0.2286109618027714,0.01990161242763322,上昇トレンド,uptrend,4.0
2020-05-12,20413.23046875,20457.369140625,20293.970703125,20366.48046875,67700000,20352.47169284059,0.0006883083352642316,0.014117029528621261,0.02810004501514962,0.22302351177252944,0.009648124398576652,上昇トレンド,uptrend,4.0
2020-05-13,20140.919921875,20329.890625,20056.4609375,20267.05078125,79500000,20369.988361200285,-0.005053394146574686,0.00805881558062893,0.02201736964586254,0.2146769589970403,-0.0006759474495199314,上昇トレンド,uptrend,4.0
2020-05-14,20140.490234375,20185.0,19902.9296875,19914.779296875,76900000,20342.85019815616,-0.021042818342139724,0.001991652354072615,0.013637612494844742,0.19842323284141128,-0.014540543187811616,上昇トレンド,uptrend,4.0
2020-05-15,20149.7890625,20198.25,19832.880859375,20037.470703125,75200000,20344.0146427261,-0.015068016071778767,-0.00041552938837730036,0.006773442441624811,0.18034678793016545,-0.025593519291422062,上昇トレンド,uptrend,4.0
2020-05-18,20097.619140625,20197.58984375,19999.099609375,20133.73046875,71900000,20349.79154706945,-0.010617360763607642,-0.0009914985601712223,0.00233355005274527,0.1550682814433504,-0.031235646547789875,上昇トレンド,uptrend,4.0
2020-05-19,20469.51953125,20659.4609375,20433.44921875,20433.44921875,93000000,20366.913403684328,0.003266858052906274,0.0011828826980375684,0.0007095801955503411,0.131391328699219,-0.02739046481959928,上昇トレンド,uptrend,4.0
2020-05-20,20454.490234375,20684.4609375,20454.029296875,20595.150390625,71800000,20420.151278525245,0.008569922412072994,0.0037424587593073433,0.0024625893955103617,0.11217001356277168,-0.019554780250352177,上昇トレンド,uptrend,4.0
2020-05-21,20692.58984375,20734.91015625,20503.869140625,20552.310546875,62900000,20455.215520886777,0.004746712440603762,0.005180592320735977,0.0055235781434797016,0.08907044093535688,-0.00811403435136504,上昇トレンド,uptrend,4.0
2020-05-22,20583.94921875,20615.119140625,20334.990234375,20388.16015625,71100000,20461.983581348148,-0.0036078332681999115,0.0046678736134175836,0.0057987049603420715,0.06846344177017882,-0.0009747374812827392,上昇トレンド,uptrend,4.0
2020-05-25,20653.41015625,20741.650390625,20584.060546875,20741.650390625,55100000,20538.013807649793,0.009915105953398395,0.005771873455633791,0.009249345878800774,0.059853552851580005,0.006915795826055504,上昇トレンド,uptrend,4.0
2020-05-26,20927.9609375,21328.33984375,20918.109375,21271.169921875,87200000,20691.4364250788,0.028018040163395375,0.0115481992331401,0.01593383420267136,0.06450913161953697,0.015224254007121019,上昇トレンド,uptrend,4.0
2020-05-27,21249.310546875,21475.6796875,21142.720703125,21419.23046875,112000000,20846.066286697664,0.027495076249377748,0.01877055094989033,0.020857583392162704,0.06963850531011517,0.018394993996652342,上昇トレンド,uptrend,4.0
2020-05-28,21612.900390625,21926.2890625,21580.5,21916.310546875,134000000,21041.68578218858,0.04156628768911541,0.024523889177208602,0.028670940215856255,0.0780026289612179,0.023147362072376554,上昇トレンド,uptrend,4.0
2020-05-29,21807.630859375,21955.439453125,21710.80078125,21877.890625,153200000,21209.13571826803,0.03153145491713527,0.025019978437154755,0.036514159731852125,0.08355799238392803,0.030715454771510053,上昇トレンド,uptrend,4.0
2020-06-01,21910.890625,22161.390625,21898.990234375,22062.390625,72200000,21367.058394598123,0.03254225348013584,0.024992346312978864,0.04036634675158002,0.08776879727447584,0.031117000872779244,上昇トレンド,uptrend,4.0
2020-06-02,22175.51953125,22401.7890625,22118.400390625,22325.609375,77900000,21528.182656438607,0.03704106060819301,0.023120622524543055,0.04043925294358197,0.08749079189063225,0.02450541874091061,上昇トレンド,uptrend,4.0
2020-06-03,22649.009765625,22818.869140625,22462.6796875,22613.759765625,94100000,21725.381724779465,0.04089125116877801,0.024340737565594406,0.04218136054968369,0.09002111789145184,0.021323777157520984,上昇トレンド,uptrend,4.0
2020-06-04,22885.140625,22907.919921875,22501.810546875,22695.740234375,92000000,21952.07598419298,0.033876716294053866,0.02737941642649111,0.04326602970067306,0.0938216460906558,0.014595089484816803,上昇トレンド,uptrend,4.0
2020-06-05,22613.080078125,22865.880859375,22563.560546875,22863.73046875,85600000,22165.47793683729,0.031501803565997966,0.029602836921679643,0.04509105091658849,0.09691301927038287,0.008576891184736368,上昇トレンド,uptrend,4.0
2020-06-08,23121.98046875,23178.099609375,23028.619140625,23178.099609375,108500000,22373.48370219495,0.03596292458921413,0.029831557651126328,0.047101724954861535,0.10201096136032906,0.006735378203281517,上昇トレンド,uptrend,4.0
2020-06-09,23135.7890625,23185.849609375,22933.140625,23091.029296875,91500000,22558.563323263614,0.02360371828565344,0.027627789713708495,0.04786194372597641,0.10839428565322917,0.007422690782394437,上昇トレンド,uptrend,4.0
2020-06-10,22939.0,23175.8203125,22900.30078125,23124.94921875,75600000,22747.468273399743,0.016594415730724288,0.02625661121410916,0.047045734872152245,0.116714839009332,0.0048643743224685565,上昇トレンド,uptrend,4.0
2020-06-11,22848.01953125,22939.390625,22466.5390625,22472.91015625,105900000,22882.442892692543,-0.017897247176057673,0.022748321060419574,0.04238172777688498,0.12483957114163702,-0.0008843019237880778,上昇トレンド,uptrend,4.0
2020-06-12,22082.119140625,22350.30078125,21786.9296875,22305.48046875,120500000,23003.850388442585,-0.030358827235437702,0.019739158863887774,0.037823341955193435,0.13074291345280242,-0.0072677089613950585,上昇トレンド,uptrend,4.0
2020-06-15,22135.26953125,22251.830078125,21529.830078125,21530.94921875,78500000,23028.586338848767,-0.06503382787211232,0.01235821332160092,0.02928031438347478,0.13163745611758304,-0.017821410571386753,上昇トレンド,uptrend,4.0
2020-06-16,21912.2890625,22624.140625,21899.48046875,22582.2109375,100100000,23142.80669057075,-0.024223326088583574,0.011378321759577092,0.025898961690731026,0.13629425489599556,-0.021962982035245382,上昇トレンド,uptrend,4.0
2020-06-17,22517.140625,22536.380859375,22318.0703125,22455.759765625,72500000,23217.50779506637,-0.0328092074379851,0.009287897591749639,0.02066337739291524,0.136989999652106,-0.026382357479237006,上昇トレンド,uptrend,4.0
2020-06-18,22363.880859375,22432.25,22125.349609375,22355.4609375,65200000,23273.983616723766,-0.03946564087824456,0.010656202437447027,0.01711096694821257,0.1378019260153358,-0.02527076082867241,上昇トレンド,uptrend,4.0
2020-06-19,22515.75,22523.66015625,22352.16015625,22478.7890625,97000000,23349.77996039793,-0.037301888898960134,0.00894330893372186,0.015037898704520547,0.1411298356080255,-0.022785443250672888,上昇トレンド,uptrend,4.0
2020-06-22,22353.689453125,22575.740234375,22311.939453125,22437.26953125,54600000,23408.380283948212,-0.04148560220393083,0.008221058460133435,0.016492282223105503,0.13975871781862836,-0.012788032160369278,上昇トレンド,uptrend,4.0
2020-06-23,22636.060546875,22693.890625,22257.140625,22549.05078125,0,23436.505454067432,-0.03786633952560592,0.006982983232268092,0.012690714977814155,0.13266691459185043,-0.013208246712916871,上昇トレンド,uptrend,4.0
2020-06-24,22541.009765625,22663.2890625,22479.859375,22534.3203125,67000000,23433.666422818806,-0.03837837810318312,0.0035926018387817393,0.00931015635529886,0.12412894118888729,-0.011353221037616379,上昇トレンド,uptrend,4.0
2020-06-25,22287.869140625,22423.41015625,22165.140625,22259.7890625,80800000,23375.261576029392,-0.04772021523272596,-0.0014148227052485085,0.004351552401749226,0.11090251123396899,-0.012759414546463343,上昇トレンド,uptrend,4.0
2020-06-26,22424.369140625,22589.140625,22408.26953125,22512.080078125,66600000,23328.154495557366,-0.034982382236356524,-0.004623170409190025,-0.0009261528321569124,0.09991066139786953,-0.01596405153667746,下降トレンドへの転換期,transition_to_downtrend,2.0
2020-06-29,22255.05078125,22281.380859375,21969.58984375,21995.0390625,73700000,23226.374585075202,-0.053014538195144456,-0.008845898631626437,-0.007775236759880233,0.08701788314235803,-0.024267518982985736,下降トレンドへの転換期,transition_to_downtrend,2.0
2020-06-30,22335.099609375,22448.30078125,22273.380859375,22288.140625,74200000,23140.822344470515,-0.03684751158699695,-0.010029373609204306,-0.012616348037740477,0.0749083057203439,-0.02530706301555463,下降トレンドへの転換期,transition_to_downtrend,2.0
2020-07-01,22338.30078125,22360.310546875,22039.560546875,22121.73046875,67400000,23019.76666763099,-0.03901152482764969,-0.013219555279656015,-0.017662611890078672,0.059579387798520456,-0.026972768245377532,下降トレンドへの転換期,transition_to_downtrend,2.0
2020-07-02,22182.6796875,22267.509765625,22072.109375,22145.9609375,73600000,22893.68624303837,-0.03266076496377868,-0.01432373101614448,-0.02060192273890371,0.042893904864552024,-0.024953475140652936,下降トレンドへの転換期,transition_to_downtrend,2.0
2020-07-03,22266.91015625,22312.439453125,22154.970703125,22306.48046875,51700000,22781.292894577295,-0.020842207157624304,-0.015536589173077875,-0.023442128741226198,0.027782615808909172,-0.022515975909069286,下降トレンドへの転換期,transition_to_downtrend,2.0
2020-07-06,22341.26953125,22734.109375,22325.75,22714.439453125,58000000,22694.6779169867,0.0008707564042365057,-0.01412215663773031,-0.022891935465044977,0.014356021577464073,-0.015116698705164744,下降トレンドへの転換期,transition_to_downtrend,2.0
2020-07-07,22649.900390625,22742.279296875,22540.439453125,22614.689453125,62700000,22595.60423143647,0.0008446431214252925,-0.013020271547249829,-0.02356087890559877,0.0016419887934377986,-0.010944530867858293,下降トレンドへの転換期,transition_to_downtrend,2.0
2020-07-08,22481.609375,22667.94921875,22438.650390625,22438.650390625,64900000,22489.493208284417,-0.0022607364776315864,-0.012808741261666312,-0.02303557055998362,-0.011340825361958906,-0.005372958669904948,下降トレンド,downtrend,1.0
2020-07-09,22442.30078125,22679.080078125,22434.380859375,22529.2890625,65200000,22428.982871156593,0.0044721685294253355,-0.011707372398144344,-0.020298320110990642,-0.01981694103476872,0.0003036026279130688,下降トレンド,downtrend,1.0
2020-07-10,22534.970703125,22563.6796875,22285.0703125,22290.810546875,78800000,22389.228941906877,-0.0043957920698046715,-0.009133426458340588,-0.017209907904908395,-0.02671819874313308,0.006232220836317803,下降トレンド,downtrend,1.0
2020-07-13,22591.810546875,22784.740234375,22561.470703125,22784.740234375,71200000,22445.633686377845,0.015107907076063354,-0.0019502227773818825,-0.010973684293728136,-0.02531430474685681,0.01191825117131684,下降トレンド,downtrend,1.0
2020-07-14,22631.869140625,22677.01953125,22538.779296875,22587.009765625,61000000,22470.377134305054,0.0051905061772143934,0.0018455702332222934,-0.005542099952219659,-0.029055661452665027,0.01801877895337911,下降トレンド,downtrend,1.0
2020-07-15,22817.91015625,22965.560546875,22800.109375,22945.5,72600000,22490.9887978683,0.020208591370370454,0.004545036196889951,6.650170237421094e-05,-0.031291859729770444,0.02310207226235783,上昇トレンドへの転換期,transition_to_uptrend,3.0
2020-07-16,22907.9609375,22925.900390625,22739.419921875,22770.359375,89400000,22508.508965896537,0.011633396485755787,0.0028012254141369652,0.003545684402934457,-0.03288971339986635,0.0238440045139251,上昇トレンドへの転換期,transition_to_uptrend,3.0
2020-07-17,22807.5703125,22857.8203125,22643.51953125,22696.419921875,55900000,22520.99855596321,0.007789235698225205,0.0022528069446985377,0.005885402056418965,-0.03549418477777355,0.02309530996132736,上昇トレンドへの転換期,transition_to_uptrend,3.0
2020-07-20,22772.0703125,22788.529296875,22580.189453125,22717.48046875,50000000,22535.955790240554,0.00805489148980576,0.0019993337232249164,0.004024038934464347,-0.03726975053912229,0.014997723228192483,上昇トレンドへの転換期,transition_to_uptrend,3.0
2020-07-21,22789.380859375,22925.580078125,22780.220703125,22884.220703125,68600000,22566.842760227963,0.014063905450539371,0.002591632987320791,0.004293013212298913,-0.0371071828751901,0.009835113164518572,上昇トレンドへの転換期,transition_to_uptrend,3.0
2020-07-22,22791.75,22855.310546875,22732.919921875,22751.609375,65400000,22582.63770059405,0.007482371043020741,0.002736963215803634,0.004074916561002118,-0.0363164989579291,0.004008414858627907,上昇トレンドへの転換期,transition_to_uptrend,3.0
2020-07-27,22495.94921875,22741.130859375,22429.5703125,22715.849609375,71800000,22610.970082136068,0.004638435540710972,0.003328649230311287,0.00455210589003352,-0.03269659641700362,0.0010064214870990629,上昇トレンドへの転換期,transition_to_uptrend,3.0
2020-07-28,22735.01953125,22842.189453125,22646.220703125,22657.380859375,67800000,22634.519656730354,0.0010100149237251,0.002998952809724287,0.005040677947074634,-0.02973380680238158,-0.0008447241093443303,上昇トレンドへの転換期,transition_to_uptrend,3.0
2020-07-29,22543.890625,22584.869140625,22366.33984375,22397.109375,74300000,22646.929863055393,-0.011031097352534824,0.002846973117744067,0.00492431179080044,-0.024947704166975226,0.0009002728563360929,上昇トレンドへの転換期,transition_to_uptrend,3.0
2020-07-30,22489.240234375,22506.599609375,22334.7109375,22339.23046875,77800000,22663.41086125134,-0.01430413076328274,0.0023192626819981133,0.0042792029903966355,-0.020630705171687636,-1.381022190227732e-05,上昇トレンドへの転換期,transition_to_uptrend,3.0
2020-07-31,22267.58984375,22295.05078125,21710.0,21710.0,106600000,22613.26271067887,-0.039943935655614826,-0.0009391383768624362,0.00135613078024166,-0.017658908659735406,-0.0027187857807604576,上昇トレンドへの転換期,transition_to_uptrend,3.0
2020-08-03,21947.580078125,22214.58984375,21919.830078125,22195.380859375,84000000,22616.242321952046,-0.018608814699891396,-0.0013550419985804973,0.00023317176559989328,-0.012118796341532345,-0.0043189341244336266,上昇トレンドへの転換期,transition_to_uptrend,3.0
2020-08-04,22379.740234375,22603.8203125,22379.740234375,22573.66015625,89100000,22645.179732072556,-0.003158269294779026,-0.0008044300697012119,0.000470965388436273,-0.0059747777764245225,-0.004569712558638361,上昇トレンドへの転換期,transition_to_uptrend,3.0
2020-08-05,22479.720703125,22554.19921875,22356.25,22514.849609375,74000000,22639.33989383153,-0.005498847803881768,0.0011531809224656353,-0.0003351434066233283,-0.0024383700600461022,-0.005259455197423768,下降トレンド,downtrend,1.0
2020-08-06,22471.7109375,22587.75,22362.890625,22418.150390625,62600000,22608.958852681757,-0.008439506803477825,-0.0003220459511622531,-0.0024026396072042155,0.0005910274011042826,-0.006681842597600851,下降トレンドへの転換期,transition_to_downtrend,2.0
2020-08-07,22433.779296875,22436.16015625,22204.609375,22329.939453125,66700000,22582.66516249895,-0.011191137430210385,-0.002760612647514815,-0.001353079764357612,0.004142910351586426,-0.002709210544599272,下降トレンドへの転換期,transition_to_downtrend,2.0
2020-08-11,22505.509765625,22760.869140625,22497.0703125,22750.240234375,99300000,22599.288261866106,0.006679501175424596,-0.0017691165976237988,-0.0007496408927969433,0.007593094688592483,-0.0009828126583968366,下降トレンドへの転換期,transition_to_downtrend,2.0
2020-08-12,22747.439453125,22874.369140625,22670.740234375,22843.9609375,90800000,22631.4964271831,0.009388000965844467,0.000996842651985741,-0.0006042480144273776,0.010820715885519583,-0.0010752134028636506,下降トレンドへの転換期,transition_to_downtrend,2.0
2020-08-13,23123.359375,23316.689453125,23111.5,23249.609375,84800000,22689.13681801539,0.024702242376166028,0.004714751547272966,0.0021995749177046164,0.010848574606531436,0.0025347183243279447,上昇トレンド,uptrend,4.0
2020-08-14,23323.919921875,23338.7890625,23222.849609375,23289.359375,59800000,22738.411269588094,0.02422984169297626,0.006156079169835849,0.0057257133223089784,0.011928332741413472,0.008128352929513194,上昇トレンド,uptrend,4.0
2020-08-17,23189.48046875,23248.75,23068.529296875,23096.75,43600000,22759.840999684227,0.01480278356603848,0.0056710599280995755,0.007845656653471478,0.011953774208513623,0.00919873641782909,上昇トレンド,uptrend,4.0
2020-08-18,23097.80078125,23128.1796875,22948.890625,23051.080078125,55600000,22768.945893144166,0.012391183426097241,0.0035175016030317696,0.007507211258698687,0.011570598818527955,0.00825685215149563,上昇トレンド,uptrend,4.0
2020-08-19,22997.9296875,23149.849609375,22953.599609375,23110.609375,50100000,22795.946035737077,0.01380347798549919,0.002530289626080151,0.007266404547445315,0.012208494178916673,0.007870652561872693,上昇トレンド,uptrend,4.0
2020-08-20,23003.580078125,23078.359375,22851.830078125,22880.619140625,50200000,22802.850955702837,0.003410458853291498,0.0018897300740901013,0.00501183181182796,0.011843081693382773,0.002812256894123344,上昇トレンド,uptrend,4.0
2020-08-21,23022.759765625,23135.4296875,22920.30078125,22920.30078125,51200000,22804.886915647367,0.005060926898236229,0.0015785106026371398,0.0029234956334958095,0.010548403157172537,-0.002802217688813169,上昇トレンド,uptrend,4.0
2020-08-24,22913.19921875,23012.7109375,22862.5390625,22985.509765625,40600000,22812.280189840618,0.007593698409049443,0.0007165376720024152,0.002304022693177865,0.010168984345018561,-0.005541633960293613,上昇トレンド,uptrend,4.0
2020-08-25,23242.740234375,23431.0390625,23225.390625,23296.76953125,75300000,22857.61932223655,0.019212421154736425,0.0024018210108949223,0.0038944898682853335,0.010908388238298095,-0.0036127213904133537,上昇トレンド,uptrend,4.0
2020-08-26,23257.05078125,23348.80078125,23203.0,23290.859375,47800000,22906.605264247566,0.016774816971774298,0.004460375049279763,0.004854338062434849,0.012020825343042274,-0.0024120664850104667,上昇トレンド,uptrend,4.0
2020-08-27,23311.0390625,23323.0703125,23177.849609375,23208.859375,52700000,22961.731794944488,0.010762584558623,0.006551366363211075,0.006967586621089428,0.013900424198453498,0.0019557548092614674,上昇トレンド,uptrend,4.0
2020-08-28,23232.30078125,23376.130859375,22594.7890625,22882.650390625,98100000,22999.53168164385,-0.005081898737622326,0.0062085363049704245,0.008535221714383034,0.01483099002397692,0.005611726080887225,上昇トレンド,uptrend,4.0
2020-08-31,23147.140625,23342.3203125,23102.609375,23139.759765625,81000000,23093.75363356771,0.0019921461355860703,0.008170061305951881,0.012338680806333713,0.02124819089736807,0.010034658113155848,上昇トレンド,uptrend,4.0
2020-09-01,23089.630859375,23206.66015625,23047.76953125,23138.0703125,59600000,23190.25714786762,-0.0022503776062016145,0.00995244413461216,0.01455260151731852,0.025380645367352406,0.010658111649033186,上昇トレンド,uptrend,4.0
2020-09-02,23261.08984375,23287.400390625,23170.8203125,23247.150390625,52600000,23253.81007917167,-0.0002863912848689587,0.011055807615889979,0.015157410315443709,0.026876816801639558,0.01030307225300886,上昇トレンド,uptrend,4.0
2020-09-03,23524.490234375,23580.509765625,23426.109375,23465.529296875,57500000,23322.30797734213,0.006140958247871975,0.009896803585979441,0.01570335311019666,0.03016731436134701,0.008735766489107233,上昇トレンド,uptrend,4.0
2020-09-04,23130.3203125,23257.689453125,23098.76953125,23205.4296875,59300000,23369.884249658327,-0.007037029383691995,0.007745800343883946,0.01610261344191022,0.03365592382801452,0.007567391727527184,上昇トレンド,uptrend,4.0
2020-09-07,23145.470703125,23218.220703125,23086.890625,23089.94921875,57300000,23412.45296970348,-0.013774880887996277,0.006822232141385998,0.013800239718177565,0.036744458691372106,0.0014615589118438521,上昇トレンド,uptrend,4.0
2020-09-08,23188.7890625,23277.66015625,23129.66015625,23274.130859375,62100000,23454.98958426732,-0.007710884894770342,0.0056890427420002165,0.01141567489794082,0.03786408281915321,-0.0031369266193777,上昇トレンド,uptrend,4.0
2020-09-09,22966.890625,23059.01953125,22878.7109375,23032.5390625,84400000,23448.555956067175,-0.01774168500382789,0.0033663712480731522,0.008374794334023328,0.03610276198540241,-0.006782615981420381,上昇トレンド,uptrend,4.0
2020-09-10,23193.470703125,23250.310546875,23134.01953125,23235.470703125,67600000,23439.0897970609,-0.008687158746302215,0.001137720485413718,0.005007301156996213,0.03305339401232921,-0.010696051953200447,上昇トレンド,uptrend,4.0
2020-09-11,23114.630859375,23412.9296875,23114.630859375,23406.490234375,76900000,23426.319980170698,-0.0008464729335415644,-0.0012223243158400177,0.002414891315227541,0.0302531563189139,-0.013687722126682678,上昇トレンド,uptrend,4.0
2020-09-14,23431.16015625,23582.2109375,23429.419921875,23559.30078125,65400000,23437.154587790894,0.005211647728036839,-0.00048622901545170016,0.0010550632229513468,0.02975915289197606,-0.012745176495226218,上昇トレンド,uptrend,4.0
2020-09-15,23438.830078125,23477.859375,23351.349609375,23454.890625,61800000,23448.404316694967,0.00027662045644683,0.00039739254871729024,-0.0002807619056360844,0.0298414527725408,-0.011696436803576904,下降トレンドへの転換期,transition_to_downtrend,2.0
2020-09-16,23425.23046875,23506.44921875,23397.4296875,23475.529296875,63000000,23460.695579288848,0.0006322795305031548,0.0014673921959251768,0.0005177130414519837,0.029160866695755683,-0.007857081292571344,上昇トレンド,uptrend,4.0
2020-09-17,23416.619140625,23446.390625,23272.23046875,23319.369140625,61100000,23465.996660552857,-0.006248510218802794,0.0012306132407808867,0.0011479483087832865,0.0290817015003193,-0.003859352848212927,上昇トレンド,uptrend,4.0
2020-09-18,23321.189453125,23398.4609375,23290.189453125,23360.30078125,82600000,23483.64458345869,-0.0052523279242425724,0.001502885496504014,0.002447017002094709,0.02976369364697873,3.212568686716821e-05,上昇トレンド,uptrend,4.0
2020-09-23,23245.890625,23370.130859375,23154.44921875,23346.490234375,77000000,23493.995352302867,-0.0062784177708372635,0.0014193855805118005,0.0024252416947228017,0.02988369232663768,0.001370178471771455,上昇トレンド,uptrend,4.0
2020-09-24,23215.0,23234.720703125,23039.48046875,23087.8203125,70500000,23461.183239707625,-0.015914070632879085,-0.0002051232221184085,0.0005449804959034577,0.02640537096021678,0.000825742401539542,上昇トレンド,uptrend,4.0
2020-09-25,23217.330078125,23272.669921875,23154.66015625,23204.619140625,72200000,23427.29307895859,-0.009504894038892986,-0.002399606428202805,-0.0014237642791692373,0.02273090266778688,-0.001941477320621221,下降トレンドへの転換期,transition_to_downtrend,2.0
2020-09-28,23391.9609375,23516.0390625,23303.029296875,23511.619140625,82000000,23429.003811059003,0.00352619898960449,-0.0027663043373120644,-0.0015764448460883207,0.020350033712065008,-0.002724393154871607,下降トレンドへの転換期,transition_to_downtrend,2.0
2020-09-29,23410.5,23622.740234375,23347.640625,23539.099609375,61300000,23453.823115236257,0.0036359314948251065,-0.00031371497320353825,-0.0012698824544226106,0.019752203648345734,-0.0037168994565173197,下降トレンドへの転換期,transition_to_downtrend,2.0
2020-09-30,23478.849609375,23522.380859375,23170.890625,23185.119140625,88200000,23447.449903677152,-0.011188029578048542,0.0008603992211402289,-0.001981163609158232,0.015315668285095452,-0.004406405303881034,下降トレンドへの転換期,transition_to_downtrend,2.0
2020-10-02,23294.80078125,23365.580078125,22951.41015625,23029.900390625,86300000,23417.374214097486,-0.01654642488649405,-0.0004963760753680102,-0.0018672982160590212,0.00979364156170015,-0.002412278711962479,下降トレンドへの転換期,transition_to_downtrend,2.0
2020-10-05,23254.279296875,23377.4296875,23252.689453125,23312.140625,59500000,23411.908774344512,-0.004261427391765715,-0.0017871005799696693,-0.0006566829792169493,0.006798829724443678,0.000767081299952288,下降トレンドへの転換期,transition_to_downtrend,2.0
2020-10-06,23420.0703125,23441.16015625,23331.400390625,23433.73046875,57700000,23404.05368850131,0.00126801880749694,-0.0018507861347019094,-0.001064924601954953,0.003505043807782604,0.0005115202441333677,下降トレンドへの転換期,transition_to_downtrend,2.0
2020-10-07,23272.44921875,23432.73046875,23272.44921875,23422.8203125,52100000,23399.44884179349,0.0009988043250301892,-0.0007654731969566342,-0.0023183543755577185,0.0012650722536460268,-0.001048471921135108,下降トレンドへの転換期,transition_to_downtrend,2.0
2020-10-08,23506.33984375,23701.76953125,23477.73046875,23647.0703125,56300000,23435.522646367335,0.009026795319431624,0.00100862651783018,-0.0005086803622063041,0.0009853592314186255,0.0014724832469519278,下降トレンドへの転換期,transition_to_downtrend,2.0
2020-10-09,23713.859375,23725.580078125,23552.73046875,23619.689453125,56100000,23466.165989765002,0.00654233262591597,0.002653912099603861,0.0020835715918201547,0.0004765043897174692,0.003950869807879176,上昇トレンド,uptrend,4.0
2020-10-12,23588.740234375,23597.91015625,23501.259765625,23558.689453125,44900000,23494.07557986145,0.002750219860488512,0.004043972946018437,0.0035096158245317977,0.0019412548849300215,0.004166298803748747,上昇トレンド,uptrend,4.0
2020-10-13,23667.900390625,23667.900390625,23490.94921875,23601.779296875,47200000,23527.15344796329,0.003171903013118982,0.00390991073587843,0.005259762308717608,0.0037571275874983545,0.006324686910672561,上昇トレンド,uptrend,4.0
2020-10-14,23545.66015625,23656.69921875,23518.810546875,23626.73046875,54000000,23543.900326499064,0.003518114717709242,0.0033126134353591574,0.006173285776183368,0.005019155651758034,0.008491640151741087,上昇トレンド,uptrend,4.0
2020-10-15,23548.44921875,23581.16015625,23458.4296875,23507.23046875,48300000,23533.48224161772,-0.0011155073693809303,0.0016773020765306068,0.004179962048577179,0.004110040468692677,0.004688642410783483,上昇トレンド,uptrend,4.0
2020-10-16,23478.400390625,23538.740234375,23382.669921875,23410.630859375,48100000,23512.729181503455,-0.00434225739344507,-0.0006130901679941569,0.0019842692563736275,0.00274325126519126,-9.930233544652722e-05,上昇トレンド,uptrend,4.0
2020-10-19,23543.689453125,23707.16015625,23543.689453125,23671.130859375,46300000,23522.06349322397,0.006337342223141862,-0.0009274942967082422,0.001191275360777011,0.0026157755522515647,-0.0023183404637547866,上昇トレンド,uptrend,4.0
2020-10-20,23587.869140625,23674.869140625,23518.2890625,23567.0390625,48700000,23528.238476248505,0.0016491071480198016,-0.0002228214811296203,4.6118128468775055e-05,0.002652425831129568,-0.005213644180248833,上昇トレンド,uptrend,4.0
2020-10-21,23615.51953125,23702.30078125,23611.330078125,23639.4609375,53300000,23547.29704532371,0.003913990297862879,0.0014701765819447044,0.00014427171273845296,0.002710501840496038,-0.006029014063444915,上昇トレンド,uptrend,4.0
2020-10-22,23525.58984375,23555.779296875,23436.169921875,23474.26953125,44900000,23549.566473859795,-0.003197381263615795,0.0011692418330453425,0.0006834616346591549,0.002365332959490818,-0.0034965004139180245,上昇トレンド,uptrend,4.0
2020-10-23,23558.7109375,23587.900390625,23469.130859375,23516.58984375,49200000,23569.42040608388,-0.0022414875471541418,0.0017503192972541104,0.0024110865286119942,0.004613457269838861,0.00042681727223836674,上昇トレンド,uptrend,4.0
2020-10-26,23520.779296875,23572.599609375,23475.51953125,23494.33984375,41700000,23592.348316266496,-0.004154248284343964,0.001913224726221019,0.0029880381482165763,0.00704542504128014,0.0017967627874395653,上昇トレンド,uptrend,4.0
2020-10-27,23376.9609375,23485.80078125,23232.310546875,23485.80078125,52700000,23593.370968367457,-0.004559339454361155,0.001860097703126895,0.002768268954120856,0.007015541874250353,0.002722150825652081,上昇トレンド,uptrend,4.0
2020-10-28,23372.609375,23451.029296875,23334.23046875,23418.509765625,67100000,23572.819281170916,-0.006546078078542461,0.00014420698636108398,0.0010838711465728235,0.0050736361978169775,0.0009395994338343705,上昇トレンド,uptrend,4.0
2020-10-29,23170.759765625,23374.099609375,23170.759765625,23331.939453125,57500000,23561.37229685341,-0.009737668962475965,-0.0013129688913472437,0.0005013180606410206,0.0048586261467347125,-0.0001821435740181343,上昇トレンド,uptrend,4.0
2020-10-30,23320.7109375,23320.7109375,22948.470703125,22977.130859375,76700000,23539.932271890124,-0.023908370084275266,-0.0022649877607138214,-0.0012511183425683026,0.005233637925077694,-0.003662204871180297,下降トレンドへの転換期,transition_to_downtrend,2.0
2020-11-02,23110.740234375,23370.91015625,23096.7890625,23295.48046875,69700000,23542.83953371033,-0.010506764258667367,-0.0012717930385414133,-0.0020985101564490183,0.005592485458054242,-0.005086548304665595,下降トレンドへの転換期,transition_to_downtrend,2.0
2020-11-04,23619.580078125,23801.880859375,23505.779296875,23695.23046875,81600000,23565.02977162604,0.005525165823500489,0.00015523182294097104,-0.0012012355834787325,0.006878128262191474,-0.0039695045375995885,下降トレンドへの転換期,transition_to_downtrend,2.0
2020-11-05,23776.19921875,24112.419921875,23756.779296875,24105.279296875,78600000,23620.598625414532,0.02051940677485531,0.0034267878340812352,0.002026882897362192,0.009451068062169332,0.0009430117507893687,上昇トレンド,uptrend,4.0
2020-11-06,24076.220703125,24389.0,24039.16015625,24325.23046875,73200000,23686.10213160966,0.026983263585923956,0.006085187714684803,0.005293827251857897,0.01069229344800493,0.004792509191216876,上昇トレンド,uptrend,4.0
2020-11-09,24568.83984375,24962.80078125,24541.279296875,24839.83984375,67000000,23791.698299756263,0.04405492751244555,0.009618851761568736,0.010695274096722107,0.013872411459683986,0.01194639243929041,上昇トレンド,uptrend,4.0
2020-11-10,25087.30078125,25279.939453125,24833.1796875,24905.58984375,128200000,23906.045981201874,0.041811341923047474,0.012084679152890576,0.015427469867068444,0.017535076021188756,0.017525980023517462,上昇トレンド,uptrend,4.0
2020-11-11,25145.66015625,25401.30078125,25145.66015625,25349.599609375,102500000,24062.842295486793,0.053474867934846904,0.015905536579375212,0.021125053890666212,0.022768961349630468,0.022326289474144945,上昇トレンド,uptrend,4.0
2020-11-12,25439.349609375,25587.9609375,25316.599609375,25520.880859375,80500000,24230.300534844955,0.05326307540734354,0.018435095702822757,0.025812297101328152,0.029154056839653553,0.02378541420396596,上昇トレンド,uptrend,4.0
2020-11-13,25405.640625,25456.1796875,25215.310546875,25385.869140625,77600000,24385.3198111423,0.041030806125639696,0.020048226725460916,0.029520166536794568,0.036196834823626345,0.02422633928493667,上昇トレンド,uptrend,4.0
2020-11-16,25652.689453125,25928.1796875,25640.2890625,25906.9296875,84900000,24597.9661775215,0.053214298309535835,0.022238598228068618,0.03388862230879486,0.046155296887940844,0.02319334821207275,上昇トレンド,uptrend,4.0
2020-11-17,26043.44921875,26057.30078125,25851.5390625,26014.619140625,84800000,24807.612662972984,0.04865468088566027,0.023826040758256894,0.03771291507094232,0.05465290790152588,0.022285445203873877,上昇トレンド,uptrend,4.0
2020-11-18,25860.55078125,25882.140625,25656.69921875,25728.140625,69200000,24975.69106267685,0.030127276976435358,0.024210109037191785,0.037936032492772886,0.06151980259336165,0.016810978602106674,上昇トレンド,uptrend,4.0
2020-11-19,25628.73046875,25650.859375,25474.939453125,25634.33984375,82000000,25130.866962167107,0.020034043486873765,0.0216644246438793,0.037166952429131817,0.06725060264009697,0.011354655327803664,上昇トレンド,uptrend,4.0
2020-11-20,25486.830078125,25555.369140625,25425.58984375,25527.369140625,63400000,25275.000245730025,0.009984921560489912,0.018840490179639513,0.03648426354372458,0.07326817560677701,0.0069640970069300145,上昇トレンド,uptrend,4.0
2020-11-24,25901.44921875,26261.779296875,25901.44921875,26165.58984375,81700000,25484.603691032764,0.026721473128375806,0.020376318199916366,0.036045155404819784,0.0812571226594323,0.0021565330960249263,上昇トレンド,uptrend,4.0
2020-11-25,26468.51953125,26706.419921875,26258.349609375,26296.859375,92500000,25700.542402872245,0.02320250533160384,0.022668356072345075,0.03599418259347531,0.08935923030401294,-0.001718732477467011,上昇トレンド,uptrend,4.0
2020-11-26,26255.470703125,26560.029296875,26255.470703125,26537.310546875,63500000,25935.62957417938,0.02319901165208771,0.026137658636065098,0.03843491293568402,0.09927613179788009,0.0004988804429111315,上昇トレンド,uptrend,4.0
2020-11-27,26530.279296875,26672.400390625,26419.05078125,26644.7109375,86200000,26176.69628646221,0.017879057231520612,0.0271572830333231,0.04161533009862062,0.11046099213814342,0.004448377669488801,上昇トレンド,uptrend,4.0
2020-11-30,26830.099609375,26834.19921875,26405.830078125,26433.619140625,147700000,26393.408097259493,0.0015235259962385062,0.026959185667218222,0.044249568374125525,0.12019825351107838,0.007765304830400943,上昇トレンド,uptrend,4.0
2020-12-01,26624.19921875,26852.16015625,26618.390625,26787.5390625,73200000,26659.146967392164,0.004816061641615077,0.027896658191520984,0.04608834771767256,0.1325073776540473,0.010043192312852778,上昇トレンド,uptrend,4.0
2020-12-02,26884.990234375,26889.900390625,26695.279296875,26800.98046875,80200000,26916.286432420104,-0.00428387340726244,0.028253761966913427,0.04730421679396102,0.1432897205912409,0.011310034200485708,上昇トレンド,uptrend,4.0
2020-12-03,26740.30078125,26868.08984375,26719.23046875,26809.369140625,69500000,27128.565593172865,-0.011766064499488138,0.02785382975947348,0.045996030887992534,0.15122135877110465,0.007561117952308516,上昇トレンド,uptrend,4.0
2020-12-04,26697.259765625,26799.830078125,26646.080078125,26751.240234375,61600000,27286.62487908653,-0.019620771974692475,0.023537058873708716,0.04240140086731792,0.155204629307216,0.0007860707686973001,上昇トレンド,uptrend,4.0
2020-12-07,26894.25,26894.25,26500.3203125,26547.439453125,61600000,27386.595063003097,-0.030641107737110485,0.017473013291184003,0.0376301143862785,0.1562305570934377,-0.006619453987847024,上昇トレンド,uptrend,4.0
2020-12-08,26380.3203125,26523.30078125,26327.080078125,26467.080078125,55100000,27438.526532320826,-0.03540446871487524,0.011425629493140743,0.029234977618824542,0.15328154327688015,-0.01685337009884802,上昇トレンド,uptrend,4.0
2020-12-09,26526.33984375,26826.779296875,26520.599609375,26817.939453125,61800000,27498.493054773495,-0.02474875987905656,0.007764543127843915,0.021630272950734275,0.15027357834066257,-0.025673943843226743,上昇トレンド,uptrend,4.0
2020-12-10,26688.5,26852.76953125,26639.98046875,26756.240234375,69200000,27526.273480399544,-0.027974482146043367,0.0051002476604016245,0.014660114846867023,0.14393275500801295,-0.03133591604112551,上昇トレンド,uptrend,4.0
2020-12-11,26732.849609375,26819.41015625,26553.009765625,26652.51953125,74900000,27515.336606581553,-0.031357678362007424,0.0027993512760333683,0.008381825473414262,0.13557553968480396,-0.034019575393903656,上昇トレンド,uptrend,4.0
2020-12-14,26659.529296875,26870.470703125,26648.689453125,26732.439453125,60000000,27513.447825299194,-0.02838642314599482,0.0005438396386272526,0.004631928942034236,0.12827914656782835,-0.032998185444244266,上昇トレンド,uptrend,4.0
2020-12-15,26683.109375,26736.83984375,26605.5390625,26687.83984375,59300000,27490.674648727592,-0.029203896056976264,-0.0012932673831530517,0.0019005436150274502,0.11759949787432245,-0.027334434003797092,上昇トレンド,uptrend,4.0
2020-12-16,26835.58984375,26874.98046875,26717.029296875,26757.400390625,61300000,27450.486583253703,-0.02524859406505109,-0.0023568682533339214,-0.001745785539017275,0.10653479462880289,-0.02337605848975155,下降トレンドへの転換期,transition_to_downtrend,2.0
2020-12-17,26744.5,26843.05078125,26676.279296875,26806.669921875,61500000,27428.259130808237,-0.02266236460610982,-0.0030962566026575544,-0.0035607562229991174,0.09819820648712518,-0.01822087106986614,下降トレンドへの転換期,transition_to_downtrend,2.0
2020-12-18,26775.529296875,26824.2890625,26707.30078125,26763.390625,73800000,27422.374958779907,-0.024030899394033578,-0.0024844675811128702,-0.0033785393626407645,0.0911830061438994,-0.011760364836055026,下降トレンドへの転換期,transition_to_downtrend,2.0
2020-12-21,26834.099609375,26905.669921875,26533.630859375,26714.419921875,60700000,27423.22648576755,-0.025846942709692344,-0.0009930642724119698,-0.0032791724288615542,0.0849941135173855,-0.00791110137089579,下降トレンドへの転換期,transition_to_downtrend,2.0
2020-12-22,26559.330078125,26639.990234375,26361.66015625,26436.390625,58600000,27373.879836160897,-0.034247582614229,-0.0019826010242939285,-0.0042485247837342754,0.07413402099687794,-0.006149068398761726,下降トレンドへの転換期,transition_to_downtrend,2.0
2020-12-23,26580.4296875,26585.2109375,26414.740234375,26524.7890625,56000000,27304.211581030268,-0.028545871621936003,-0.004309013275737628,-0.005328685223112695,0.06239826199071974,-0.0035828996840954197,下降トレンドへの転換期,transition_to_downtrend,2.0
2020-12-24,26635.109375,26764.529296875,26605.259765625,26668.349609375,47900000,27238.439431930026,-0.02092960663108856,-0.006738341089566058,-0.006920588651760262,0.05023243619455764,-0.0033598324287611447,下降トレンドへの転換期,transition_to_downtrend,2.0
2020-12-25,26708.099609375,26716.609375,26638.279296875,26656.609375,33400000,27162.79725090857,-0.01863533682605678,-0.007711094901990734,-0.009465909071023959,0.03767094799340054,-0.006087369708383195,下降トレンドへの転換期,transition_to_downtrend,2.0
2020-12-28,26691.2890625,26854.029296875,26664.599609375,26854.029296875,50700000,27119.302128300955,-0.009781698296326136,-0.006772195277661153,-0.011082735199825278,0.027502853302102892,-0.007803562770963723,下降トレンドへの転換期,transition_to_downtrend,2.0
2020-12-29,26936.380859375,27602.51953125,26921.140625,27568.150390625,59400000,27145.41238010921,0.015573092226278007,-0.0034152856683766775,-0.008346184662865408,0.01824009647839886,-0.0040976598791311325,下降トレンドへの転換期,transition_to_downtrend,2.0
2020-12-30,27559.099609375,27572.5703125,27338.560546875,27444.169921875,50600000,27148.692391766417,0.010883674463754156,-0.0005192712301264057,-0.005695794907035423,0.008634399099958445,-0.00036710968392272836,下降トレンドへの転換期,transition_to_downtrend,2.0
2021-01-04,27575.5703125,27602.109375,27042.3203125,27258.380859375,51500000,27139.02289319695,0.004398020026283644,0.0007271855596688859,-0.0036498617691194113,0.000385471911080959,0.003270726882640851,下降トレンドへの転換期,transition_to_downtrend,2.0
2021-01-05,27151.380859375,27279.779296875,27073.4609375,27158.630859375,55000000,27127.944673047332,0.0011311651766290343,-0.0006434865242525012,-0.0012830997315665948,-0.005815310861726042,0.008182809339457364,下降トレンド,downtrend,1.0
2021-01-06,27102.849609375,27196.400390625,27002.1796875,27055.939453125,72700000,27124.299215918498,-0.002520240698177356,-0.0008985027895972442,0.00018426313457120536,-0.009577526760124244,0.011266998334396483,上昇トレンドへの転換期,transition_to_uptrend,3.0
2021-01-07,27340.4609375,27624.73046875,27340.4609375,27490.130859375,98900000,27180.208609306563,0.011402497108220055,0.0015175828647808753,0.0012818456654888344,-0.009414424011070066,0.009628030328354242,上昇トレンドへの転換期,transition_to_uptrend,3.0
2021-01-08,27720.140625,28139.029296875,27667.75,28139.029296875,84900000,27287.86479117167,0.031192052299332085,0.005895032596524796,0.005126302121551074,-0.007659629317951389,0.010822097028586497,上昇トレンドへの転換期,transition_to_uptrend,3.0
2021-01-12,28004.369140625,28287.369140625,27899.44921875,28164.33984375,78800000,27385.512296508645,0.028439400322653352,0.009630224121581987,0.009082471549610727,-0.005113702877039716,0.012732333318730138,上昇トレンドへの転換期,transition_to_uptrend,3.0
2021-01-13,28140.099609375,28503.4296875,28133.58984375,28456.58984375,70900000,27519.545104295586,0.03405015365999442,0.01248469060214763,0.014435315169207152,0.0001529509805460183,0.015718414900773747,上昇トレンド,uptrend,4.0
2021-01-14,28442.73046875,28979.529296875,28411.580078125,28698.259765625,81900000,27676.830764448365,0.03690556226866448,0.014254174016669063,0.020370352949270032,0.005938293891285307,0.020186089814698827,上昇トレンド,uptrend,4.0
2021-01-15,28777.470703125,28820.5,28477.029296875,28519.1796875,74100000,27813.151644230435,0.025384683199540348,0.015615532150417666,0.02328690864819749,0.011730414026698721,0.022005062982708656,上昇トレンド,uptrend,4.0
2021-01-18,28238.6796875,28349.970703125,28111.5390625,28242.2109375,51900000,27918.094707467415,0.0116095397421907,0.014482419737004149,0.023095611222012646,0.017034602384752517,0.017969309100461572,上昇トレンド,uptrend,4.0
2021-01-19,28405.490234375,28720.91015625,28373.33984375,28633.4609375,58200000,28054.130338052382,0.020650456544782703,0.013632325782353183,0.02441502770897519,0.0228184809053793,0.015332556159364463,上昇トレンド,uptrend,4.0
2021-01-20,28798.740234375,28801.189453125,28402.109375,28523.259765625,69800000,28176.807322458877,0.012295660015745558,0.013074953995868999,0.0238834695730743,0.02751156181085701,0.009448154403867148,上昇トレンド,uptrend,4.0
2021-01-21,28710.41015625,28846.150390625,28677.609375,28756.859375,67700000,28325.377424482966,0.01523305211615944,0.01458848539927815,0.02343283685745101,0.03289733026796182,0.0030624839081809796,上昇トレンド,uptrend,4.0
2021-01-22,28580.19921875,28698.1796875,28527.16015625,28631.44921875,66900000,28474.617876313754,0.005507759335611873,0.014988436041128095,0.023782498313905887,0.04021125418614502,0.0004955896657083958,上昇トレンド,uptrend,4.0
2021-01-25,28698.890625,28822.2890625,28566.849609375,28822.2890625,57300000,28646.90007145839,0.006122442239967052,0.01668367688431527,0.0261051254259137,0.04917514231983766,0.0030095142039010536,上昇トレンド,uptrend,4.0
2021-01-26,28696.30078125,28740.7109375,28527.810546875,28546.1796875,63500000,28774.447681353577,-0.007933010439727717,0.01585399022723899,0.025675981918575452,0.05639119866841491,0.0012609542096002624,上昇トレンド,uptrend,4.0
2021-01-27,28665.33984375,28754.990234375,28542.0,28635.2109375,69000000,28899.627336176607,-0.00914947433753277,0.014925905650744253,0.025653013325664942,0.06394150312372338,0.001769543752590641,上昇トレンド,uptrend,4.0
2021-01-28,28169.26953125,28360.48046875,27975.849609375,28197.419921875,123900000,28966.19645234667,-0.02654047215817279,0.011145931325616809,0.022623494764444585,0.06810257562337307,-0.0008093420930064266,上昇トレンド,uptrend,4.0
2021-01-29,28320.720703125,28320.720703125,27629.80078125,27663.390625,91700000,28933.04056266734,-0.043882354324888406,0.005511587331580081,0.016099344628428325,0.06585378617670257,-0.007683153685477562,上昇トレンド,uptrend,4.0
2021-02-01,27649.0703125,28107.099609375,27649.0703125,28091.05078125,65700000,28916.849728355533,-0.028557707871468607,0.0005959382098110755,0.009423346198847549,0.06512863717610795,-0.01668177922706615,上昇トレンド,uptrend,4.0
2021-02-02,28207.48046875,28379.310546875,28089.119140625,28362.169921875,67500000,28942.737449240267,-0.020059178174955505,-0.0008098751641416602,0.005848583776492333,0.06646203008640605,-0.01982739814208312,上昇トレンド,uptrend,4.0
2021-02-03,28482.7109375,28669.94921875,28402.30078125,28646.5,84000000,29008.899147501645,-0.012492688731790658,0.002621867019817703,0.0037810802905493546,0.06933641664062784,-0.021871933035115587,上昇トレンド,uptrend,4.0
2021-02-04,28557.4609375,28600.220703125,28325.890625,28341.94921875,81100000,29051.23877207998,-0.02441512249769029,0.00464743030402337,0.002935916003788064,0.07104108168186762,-0.01968757876065652,上昇トレンド,uptrend,4.0
2021-02-05,28631.4609375,28785.7109375,28548.26953125,28779.189453125,93200000,29119.544566556753,-0.011688201807340204,0.006108859523967558,0.006446056144201462,0.07135103284623634,-0.009653288484226863,上昇トレンド,uptrend,4.0
2021-02-08,28831.580078125,29400.560546875,28817.599609375,29388.5,93600000,29196.638091526755,0.006571369891005485,0.006471770716651948,0.009675617012210758,0.06994952939566823,0.000252270813363209,上昇トレンド,uptrend,4.0
2021-02-09,29435.609375,29585.75,29350.48046875,29505.9296875,86900000,29253.46098570912,0.008630387423703922,0.006960880918561285,0.010735803308646874,0.068209375416308,0.004887219532154541,上昇トレンド,uptrend,4.0
2021-02-10,29412.55078125,29562.9296875,29368.1796875,29562.9296875,81100000,29300.8350714785,0.008944953800194666,0.006225732840957843,0.010063667790096043,0.06472817629913763,0.006282587499546688,上昇トレンド,uptrend,4.0
2021-02-12,29635.880859375,29650.509765625,29417.3203125,29520.0703125,79800000,29320.129808009817,0.006819223032074051,0.0042296553492198186,0.009255751124398026,0.05937453813072824,0.006319835120609962,上昇トレンド,uptrend,4.0
2021-02-15,29662.41015625,30092.33984375,29662.41015625,30084.150390625,70300000,29395.168195540817,0.023438620609379512,0.004844117757585087,0.009465245184521631,0.05688016128292883,0.0030191890403201693,上昇トレンド,uptrend,4.0
2021-02-16,30229.4609375,30714.51953125,30191.650390625,30467.75,81300000,29530.19066129889,0.03174917999868643,0.007827612737346223,0.011424348540626461,0.05774376692691274,0.0017487315284157035,上昇トレンド,uptrend,4.0
2021-02-17,30366.8203125,30398.19921875,30191.009765625,30292.189453125,74800000,29639.911336321973,0.022006749932605096,0.01090655226992876,0.013210414685689287,0.05652575856606212,0.0024746113770424127,上昇トレンド,uptrend,4.0
2021-02-18,30311.98046875,30560.490234375,30140.009765625,30236.08984375,77900000,29730.596949743955,0.01700244683483887,0.011411016666814655,0.014667222869828134,0.055144275556251454,0.004603555079732091,上昇トレンド,uptrend,4.0
2021-02-19,29970.58984375,30169.58984375,29847.330078125,30017.919921875,63700000,29793.26139084441,0.00754058201562402,0.008908534745435626,0.01613674925495534,0.05182222091391031,0.006880998130557314,上昇トレンド,uptrend,4.0
2021-02-22,30281.779296875,30458.130859375,30089.1796875,30156.029296875,62800000,29866.087322382522,0.009708066924293268,0.007630791586862307,0.016020290263661252,0.04886701033576446,0.006555045079139621,上昇トレンド,uptrend,4.0
2021-02-24,30020.109375,30089.58984375,29671.69921875,29671.69921875,79300000,29888.693118575782,-0.007260066506250884,0.005317625108539614,0.012140201239768222,0.04334825213268445,0.0007158526991417613,上昇トレンド,uptrend,4.0
2021-02-25,30077.26953125,30213.279296875,30044.4296875,30168.26953125,70100000,29968.1297389135,0.006678421178770488,0.005869392604423762,0.011073528488909856,0.04148409973941747,-0.0021368861967794306,上昇トレンド,uptrend,4.0
2021-02-26,29753.73046875,29760.310546875,28966.009765625,28966.009765625,92900000,29937.116623289177,-0.03243822275484998,0.002378259332732391,0.006946368210982046,0.03589974621623715,-0.007720854658846088,上昇トレンド,uptrend,4.0
2021-03-01,29419.44921875,29686.390625,29396.0390625,29663.5,62700000,29996.056170193253,-0.011086663136859687,0.003592095886947533,0.006806733129631759,0.03555384703479603,-0.009330016125323581,上昇トレンド,uptrend,4.0
2021-03-02,29939.75,29996.390625,29314.8203125,29408.169921875,70100000,30075.13239758263,-0.022176543294660234,0.0035705484326633563,0.006999412843859298,0.039473619526491976,-0.009020877419801954,上昇トレンド,uptrend,4.0
2021-03-03,29482.119140625,29604.369140625,29336.599609375,29559.099609375,68800000,30169.878309411113,-0.020244652423592635,0.007775020188178772,0.009407744584877031,0.04333212617648585,-0.002732456654891191,上昇トレンド,uptrend,4.0
2021-03-04,29198.419921875,29277.189453125,28711.0390625,28930.109375,75200000,30166.709902185856,-0.04099222391820234,0.0056892056417130465,0.006626378255914389,0.042289450163177866,-0.004447150232995467,上昇トレンド,uptrend,4.0
2021-03-05,28725.48046875,28867.830078125,28308.5703125,28864.3203125,85800000,30132.360867939777,-0.04208234996909743,0.0019028501554243515,0.006521811940255917,0.038728174920587666,-0.00042455627072612856,上昇トレンド,uptrend,4.0
2021-03-08,29208.189453125,29255.900390625,28644.259765625,28743.25,92400000,30090.531206405387,-0.044774257960543795,-0.0026300107077652513,0.003149581920906419,0.03577446189056244,-0.00365715120872534,上昇トレンド,uptrend,4.0
2021-03-09,28748.869140625,29053.560546875,28609.2109375,29027.939453125,96700000,30073.06157613731,-0.03475276770096469,-0.00310435995016356,-6.885494028574524e-05,0.032744914928224844,-0.007068267784145044,下降トレンドへの転換期,transition_to_downtrend,2.0
2021-03-10,29118.279296875,29233.470703125,28960.08984375,29036.560546875,83000000,30009.96904454176,-0.032436171334332076,-0.004061806638199439,-0.005300295322022364,0.027857007045309246,-0.014708039906899395,下降トレンドへの転換期,transition_to_downtrend,2.0
2021-03-11,29033.919921875,29255.419921875,28995.330078125,29211.640625,78500000,29934.19191334679,-0.024137992114115603,-0.005195630877573798,-0.007707767588609915,0.0232700988088288,-0.014334145844524304,下降トレンドへの転換期,transition_to_downtrend,2.0
2021-03-12,29287.740234375,29744.3203125,29210.400390625,29717.830078125,96600000,29903.828798960913,-0.0062198965251691885,-0.005627387712020648,-0.007584273598090885,0.02057940417095372,-0.014106085538346802,下降トレンドへの転換期,transition_to_downtrend,2.0
2021-03-15,29804.5,29884.73046875,29670.310546875,29766.970703125,94100000,29879.990825589368,-0.003782468445993503,-0.004331168044841127,-0.006996898106311988,0.019094765993382667,-0.010146480027218407,下降トレンドへの転換期,transition_to_downtrend,2.0
2021-03-16,29770.390625,30026.400390625,29755.470703125,29921.08984375,83800000,29848.05960322577,0.0024467332716107126,-0.00287738885253197,-0.007481844585124464,0.01540700174505738,-0.007412989644838719,下降トレンドへの転換期,transition_to_downtrend,2.0
2021-03-17,29836.830078125,29984.970703125,29825.16015625,29914.330078125,74600000,29775.055857600822,0.004677546910079933,-0.004306235907977296,-0.007827838362387873,0.00829202896488046,-0.0025275430403655097,下降トレンドへの転換期,transition_to_downtrend,2.0
2021-03-18,30148.48046875,30485.0,30041.5,30216.75,95400000,29727.93770032837,0.01644285939371537,-0.00508879424189046,-0.006890254917035432,0.002969859221492621,0.0008175126715744829,下降トレンドへの転換期,transition_to_downtrend,2.0
2021-03-19,29904.5703125,30049.76953125,29621.220703125,29792.05078125,128500000,29654.889309199385,0.004625256584858128,-0.006471787332048562,-0.008324669440663013,-0.0025464554469775136,-0.000740395842572128,下降トレンド,downtrend,1.0
2021-03-22,29444.099609375,29472.98046875,29107.630859375,29174.150390625,78800000,29540.795662929337,-0.012411489402245124,-0.007867666001764584,-0.011351916559811714,-0.00847392048165152,-0.004355018453499726,下降トレンド,downtrend,1.0
2021-03-23,29381.490234375,29496.830078125,28995.919921875,28995.919921875,79200000,29418.755578880628,-0.014372996025337481,-0.010400389174804014,-0.014382979331049928,-0.014977915877405601,-0.0069011347459254635,下降トレンド,downtrend,1.0
2021-03-24,28765.55078125,28867.669921875,28379.060546875,28405.51953125,96000000,29263.78144895183,-0.02932846936404976,-0.013188646774892065,-0.01717123256104569,-0.020907962323570728,-0.009343394198657817,下降トレンド,downtrend,1.0
2021-03-25,28457.330078125,28821.830078125,28414.919921875,28729.880859375,72800000,29144.143512725997,-0.014214267548130488,-0.013427266981203778,-0.01963789730344878,-0.02749541707694758,-0.01274764238641335,下降トレンド,downtrend,1.0
2021-03-26,29068.51953125,29240.740234375,28953.220703125,29176.69921875,73700000,29106.88768845312,0.002398453968837533,-0.010600988528943533,-0.018479300834087664,-0.027732428118685037,-0.010154631393424651,下降トレンド,downtrend,1.0
2021-03-29,29478.119140625,29578.369140625,29200.880859375,29384.51953125,107900000,29113.10553162312,0.009322742959594787,-0.005148887459795692,-0.014477948941738261,-0.029435557579983174,-0.0031260323819265468,下降トレンド,downtrend,1.0
2021-03-30,29365.0390625,29478.19921875,29283.890625,29432.69921875,79900000,29107.060900648732,0.011187605619570107,-0.0012723864079612346,-0.010595100713765682,-0.03218843675021399,0.003787878617284246,下降トレンド,downtrend,1.0
2021-03-31,29278.330078125,29348.990234375,29165.51953125,29178.80078125,82000000,29085.998541290974,0.0031906155749572562,-0.0007176702430619075,-0.00607518573670951,-0.03592589128150503,0.011096046824336181,下降トレンド,downtrend,1.0
2021-04-01,29441.91015625,29585.4609375,29318.8203125,29388.869140625,75600000,29111.63867015633,0.009523011521603841,-5.038491909414855e-05,-0.0011153130149620383,-0.03497468684687666,0.018522584288486743,下降トレンド,downtrend,1.0
2021-04-02,29704.66015625,29869.669921875,29694.08984375,29854.0,57200000,29214.573714396345,0.021887236550316658,0.0036937021609493303,0.003699675042410755,-0.03045852124119286,0.02217897587649842,上昇トレンドへの転換期,transition_to_uptrend,3.0
2021-04-05,30084.609375,30195.0,30024.25,30089.25,55400000,29347.34416611476,0.025280169465619506,0.008985272568613256,0.00804581408318672,-0.02469836890524635,0.02252376302492498,上昇トレンドへの転換期,transition_to_uptrend,3.0
2021-04-06,30208.890625,30208.890625,29665.859375,29696.630859375,65500000,29433.254856901993,0.00894824591277743,0.011047684068549612,0.01120669508222294,-0.02127507761773728,0.02180179579598862,上昇トレンドへの転換期,transition_to_uptrend,3.0
2021-04-07,29743.48046875,29867.939453125,29523.55078125,29730.7890625,61500000,29507.604880250587,0.007563615656206224,0.01003030777443259,0.014495164687610584,-0.016739909446275902,0.020570350424320094,上昇トレンドへの転換期,transition_to_uptrend,3.0
2021-04-08,29675.880859375,29744.7890625,29516.419921875,29708.98046875,62600000,29568.680138637923,0.004744896608649851,0.007541942169292604,0.015699613259837708,-0.01221051083546687,0.016814926274799746,上昇トレンドへの転換期,transition_to_uptrend,3.0
2021-04-09,29865.529296875,30064.349609375,29768.060546875,29768.060546875,64900000,29600.90031340383,0.005647133421664119,0.005695783810417465,0.013223763002131683,-0.010130090283542947,0.009524087959720928,上昇トレンドへの転換期,transition_to_uptrend,3.0
2021-04-12,29874.4296875,29876.0390625,29538.73046875,29538.73046875,50200000,29584.790807108682,-0.0015568924809707951,0.0026157977637064622,0.00809090729470796,-0.009879521724212692,4.509321152124102e-05,上昇トレンドへの転換期,transition_to_uptrend,3.0
2021-04-13,29605.689453125,29897.109375,29573.7890625,29751.609375,54900000,29580.43257949668,0.005786825295515552,0.00039746247731220485,0.005000388958347646,-0.008966312292547407,-0.006206306123875294,上昇トレンドへの転換期,transition_to_uptrend,3.0
2021-04-14,29718.060546875,29722.400390625,29567.1796875,29620.990234375,57200000,29556.518850188593,0.002181291528721374,-0.0014993281537162284,0.001657673340025756,-0.0073396002498662405,-0.012837491347584828,上昇トレンドへの転換期,transition_to_uptrend,3.0
2021-04-15,29573.900390625,29787.66015625,29558.55078125,29642.689453125,50600000,29519.8657037864,0.004160715044270846,-0.002194543261961557,-0.0016508831176315075,-0.006999207231912052,-0.017350496377469216,下降トレンド,downtrend,1.0
2021-04-16,29789.080078125,29789.080078125,29621.830078125,29683.369140625,49100000,29494.19483052616,0.006413950649808653,-0.0029153647005923933,-0.003604805318348725,-0.005418819035125311,-0.016828568320480408,下降トレンド,downtrend,1.0
2021-04-19,29688.3203125,29808.009765625,29530.83984375,29685.369140625,44700000,29517.846544342618,0.005675298705504206,-0.0013084188311212053,-0.002262793176485145,-0.0007768618979859809,-0.010353700471193106,下降トレンド,downtrend,1.0
2021-04-20,29355.869140625,29361.279296875,29014.359375,29100.380859375,59900000,29520.40348093982,-0.014228214117602223,1.8217466123182646e-05,-0.002029351612608421,0.00345520740286398,-0.007029740570956067,下降トレンドへの転換期,transition_to_downtrend,2.0
2021-04-21,28660.359375,28778.9296875,28419.83984375,28508.55078125,71000000,29499.929500668808,-0.03360613859759676,0.0001944338598018902,-0.0019146148369710847,0.008069635570813638,-0.0035722881769968406,下降トレンドへの転換期,transition_to_downtrend,2.0
2021-04-22,28880.779296875,29192.390625,28800.859375,29188.169921875,55100000,29553.66976444232,-0.012367325123429196,0.001213612247962903,0.0011451292155297832,0.014051751136124446,0.0027960123331612907,上昇トレンド,uptrend,4.0
2021-04-23,28939.119140625,29035.33984375,28770.619140625,29020.630859375,47500000,29550.061545004566,-0.017916398746691153,0.0010046632351721207,0.001894159674451723,0.015225738364574637,0.005498964992800448,上昇トレンド,uptrend,4.0
2021-04-26,29095.490234375,29241.279296875,28896.369140625,29126.23046875,49200000,29526.357656416683,-0.013551525464900238,0.0008958718273301969,0.0002883378386455693,0.014194711187533127,0.0025511310151307143,上昇トレンド,uptrend,4.0
2021-04-27,29174.529296875,29187.109375,28990.189453125,28991.890625,59400000,29477.720447262986,-0.016481254821998803,-0.0025698777101011983,-0.0014458824624261624,0.012734351567800895,0.0005834691501822586,下降トレンドへの転換期,transition_to_downtrend,2.0
2021-04-28,28935.509765625,29139.69921875,28875.91015625,29053.970703125,61400000,29445.94159147978,-0.013311542004423305,-0.0035235105472187778,-0.0018301029901717225,0.012375131274170448,8.451184679936219e-05,下降トレンドへの転換期,transition_to_downtrend,2.0
2021-04-30,28996.66015625,29046.490234375,28760.26953125,28812.630859375,78400000,29392.780369586726,-0.019737823469467286,-0.004524001517028586,-0.005443973494255072,0.009657364280170277,-0.006589102709784855,下降トレンドへの転換期,transition_to_downtrend,2.0
2021-05-06,29024.009765625,29430.220703125,28966.470703125,29331.369140625,94300000,29359.4412322226,-0.0009561521071045354,-0.004012495309872799,-0.00645075857089672,0.004958741457003368,-0.008344918245348443,下降トレンドへの転換期,transition_to_downtrend,2.0
2021-05-07,29330.44921875,29449.859375,29237.359375,29357.8203125,67500000,29298.98036538362,0.002008259208429619,-0.0049908822117165075,-0.007700824249266991,-0.0016479787900869347,-0.00798916208791256,下降トレンド,downtrend,1.0
2021-05-10,29376.890625,29685.41015625,29346.140625,29518.33984375,66300000,29266.009739014196,0.008621951095691305,-0.004312985331040742,-0.007182058349035181,-0.005682182235736577,-0.0057361758866090184,下降トレンド,downtrend,1.0
2021-05-11,29238.560546875,29289.119140625,28535.359375,28608.58984375,73200000,29166.060959505787,-0.01911369233335214,-0.006586646904729765,-0.00950489666307619,-0.011574776134182119,-0.0076747936729044675,下降トレンド,downtrend,1.0
2021-05-12,28712.099609375,28831.029296875,27888.58984375,28147.509765625,90000000,29026.626341343414,-0.030286557086596888,-0.009295682670308558,-0.012457277727362603,-0.018332025465898183,-0.007013304233107531,下降トレンド,downtrend,1.0
2021-05-13,27929.009765625,27961.9609375,27385.029296875,27448.009765625,80500000,28825.259727860313,-0.04777927329147946,-0.01506013341362089,-0.018194539199063886,-0.02620327683723489,-0.011743780628167166,下降トレンド,downtrend,1.0
2021-05-14,27723.69921875,28139.9609375,27723.69921875,28084.470703125,73500000,28697.144907985738,-0.02134965714621473,-0.016077455648573657,-0.020541174125941364,-0.030003453629614985,-0.012840349876674373,下降トレンド,downtrend,1.0
2021-05-17,28310.4609375,28312.779296875,27632.529296875,27824.830078125,63900000,28548.66726624233,-0.025354500137147906,-0.016466228954079787,-0.02451111303416209,-0.03487999407992104,-0.01732905468512691,下降トレンド,downtrend,1.0
2021-05-18,27931.5703125,28481.169921875,27931.5703125,28406.83984375,74700000,28454.20804759305,-0.0016647169994616906,-0.012872448809494452,-0.024406892411734216,-0.03729501461869589,-0.014901995748658026,下降トレンド,downtrend,1.0
2021-05-19,28031.220703125,28216.650390625,27842.98046875,28044.44921875,68700000,28333.475752921895,-0.010200885224682987,-0.0126726598144139,-0.02387981917947679,-0.040189544314638614,-0.011422541452114188,下降トレンド,downtrend,1.0
2021-05-20,27875.5,28176.869140625,27821.9609375,28098.25,56800000,28217.015625273492,-0.004209007318517255,-0.011617062116276222,-0.02110107968945507,-0.04330273169318066,-0.002906540490391185,下降トレンド,downtrend,1.0
2021-05-21,28269.609375,28411.560546875,28193.029296875,28317.830078125,58700000,28121.87129085736,0.006968198710565421,-0.011679705025696485,-0.020046371127613094,-0.04729258455179575,0.0004948029983282698,下降トレンド,downtrend,1.0
2021-05-24,28212.3203125,28584.1796875,28212.3203125,28364.609375,54700000,28062.563408964557,0.010763306317873811,-0.009561564077764095,-0.01702719964979138,-0.049384151301202106,0.007483913384370711,下降トレンド,downtrend,1.0
2021-05-25,28516.990234375,28576.970703125,28443.740234375,28553.98046875,54000000,28077.97375289903,0.016953029447212886,-0.0049275895871115916,-0.013222448295335476,-0.04820200494843696,0.01118444411639874,下降トレンド,downtrend,1.0
2021-05-26,28396.619140625,28710.830078125,28396.619140625,28642.189453125,64200000,28097.6445917248,0.019380445205025465,-0.0008614895816140278,-0.008323410909894302,-0.04926715309207885,0.015556408269582489,下降トレンド,downtrend,1.0
2021-05-27,28543.3203125,28587.2109375,28360.560546875,28549.009765625,138200000,28086.929195217283,0.016451801020896273,0.0008682665905332954,-0.004610212213218334,-0.049513681978595625,0.016490867476236737,下降トレンド,downtrend,1.0
2021-05-28,28912.5390625,29194.109375,28899.66015625,29149.41015625,80600000,28135.39410499245,0.03604058459154902,0.0020450319028983976,0.00048086466207131195,-0.04710921569162618,0.020527235789684406,上昇トレンドへの転換期,transition_to_uptrend,3.0
2021-05-31,29019.44921875,29147.7109375,28791.599609375,28860.080078125,53800000,28158.174570012718,0.02492723760793014,0.002154272330206153,0.003407071537079087,-0.04476417637554431,0.020434271186870467,上昇トレンドへの転換期,transition_to_uptrend,3.0
2021-06-01,28998.650390625,29075.470703125,28611.25,28814.33984375,47400000,28179.653998697315,0.022522840240764674,0.00330135070429205,0.0036213526906578863,-0.043003807123928595,0.016843800985993362,上昇トレンドへの転換期,transition_to_uptrend,3.0
2021-06-02,28730.810546875,29003.55078125,28565.830078125,28946.140625,71000000,28222.51172237404,0.025640131174160752,0.0030963709645046578,0.004444042640001866,-0.039814833183443366,0.012767453549896168,上昇トレンドへの転換期,transition_to_uptrend,3.0
2021-06-03,28890.390625,29157.16015625,28879.150390625,29058.109375,58500000,28261.122964925722,0.028200804726103756,0.0036560748871357074,0.006201951395174321,-0.03740937229048669,0.010812163608392655,上昇トレンドへの転換期,transition_to_uptrend,3.0
2021-06-04,28901.419921875,28991.240234375,28764.6796875,28941.51953125,55800000,28262.242559100046,0.024034786720462664,0.002930786886402137,0.004508501058639425,-0.035384774260215135,0.004027636396568113,上昇トレンドへの転換期,transition_to_uptrend,3.0
2021-06-07,29214.0,29241.19921875,28973.05078125,29019.240234375,51000000,28260.921506316638,0.026832767214928666,0.0013609626358006555,0.003648920353428675,-0.03434319340629777,0.000241848816349588,上昇トレンドへの転換期,transition_to_uptrend,3.0
2021-06-08,29046.029296875,29140.6796875,28897.640625,28963.560546875,50400000,28291.441938955195,0.023756958354050894,0.0010728156155401791,0.003966973486013936,-0.029987560602198426,0.0003456207953560497,上昇トレンドへの転換期,transition_to_uptrend,3.0
2021-06-09,28901.560546875,28932.029296875,28801.830078125,28860.80078125,50400000,28375.22580942469,0.017112638154372917,0.003997674639172111,0.005411073562583857,-0.022441482666930357,0.0009670309225819906,上昇トレンドへの転換期,transition_to_uptrend,3.0
2021-06-10,28799.740234375,29007.529296875,28799.740234375,28958.560546875,53300000,28519.201584007333,0.015405724510676455,0.0091391244136525,0.009131930794183507,-0.010617706370817825,0.002929979399009186,上昇トレンドへの転換期,transition_to_uptrend,3.0
2021-06-11,29030.0390625,29080.890625,28839.5390625,28948.73046875,71100000,28656.59187508934,0.010194463980017554,0.012906727657149286,0.013953220986079096,-0.001413138241676215,0.009444719927439671,上昇トレンドへの転換期,transition_to_uptrend,3.0
2021-06-14,29153.109375,29208.349609375,29026.26953125,29161.80078125,45000000,28790.775627207564,0.012886945417747375,0.014644810954943965,0.01874864981923885,0.008480548626223161,0.015099729465810174,上昇トレンド,uptrend,4.0
2021-06-15,29256.029296875,29480.849609375,29235.7109375,29441.30078125,53000000,28928.60543361149,0.017722781307764723,0.014355375566815987,0.022521421708766587,0.016672310303803117,0.01855444822275265,上昇トレンド,uptrend,4.0
2021-06-16,29306.140625,29434.099609375,29263.720703125,29291.009765625,52400000,29035.986529307287,0.008783005738768557,0.013239350159700791,0.02328653609033582,0.024794373359327215,0.017875462527751962,上昇トレンド,uptrend,4.0
2021-06-17,29149.33984375,29197.6796875,28875.390625,29018.330078125,56900000,29124.90095731264,-0.0036590984238482616,0.011605291029024078,0.021238300501545737,0.03217510115513322,0.01210636970736223,上昇トレンド,uptrend,4.0
2021-06-18,29136.740234375,29136.740234375,28957.98046875,28964.080078125,90200000,29189.06642629549,-0.007707898049380768,0.009003579287004682,0.018581223947604864,0.03794893748002748,0.004628002961525768,上昇トレンド,uptrend,4.0
2021-06-21,28506.83984375,28506.83984375,27795.859375,28010.9296875,75800000,29142.965353567815,-0.038844216857610414,0.0036843530063133123,0.012232727972337987,0.038499759585687965,-0.006515921846900863,上昇トレンド,uptrend,4.0
2021-06-22,28513.0703125,28895.259765625,28494.4609375,28884.130859375,67800000,29169.173212939808,-0.009772040896872558,0.0015200826156305247,0.00831591346082683,0.03886318399055111,-0.014205508247939758,上昇トレンド,uptrend,4.0
2021-06-23,28886.919921875,29007.830078125,28860.060546875,28874.890625,51100000,29180.45981099313,-0.01047170565413813,-0.00029485750508984054,0.00497566292572893,0.03853757975098149,-0.01831087316460689,上昇トレンド,uptrend,4.0
2021-06-24,28811.8203125,28935.33984375,28758.369140625,28875.23046875,44600000,29190.0893264629,-0.010786498602025851,0.001616993065852057,0.002238234878319645,0.03927663731332598,-0.019000065623226092,上昇トレンド,uptrend,4.0
2021-06-25,29137.30078125,29174.169921875,28992.740234375,29066.1796875,51600000,29192.035543517373,-0.004311307987747481,0.0007837839766888788,0.00010172018448684206,0.037555594017338656,-0.01847950376311802,上昇トレンド,uptrend,4.0
2021-06-28,29112.66015625,29121.279296875,28984.9296875,29048.01953125,47700000,29177.670949170377,-0.00444351497918527,-9.557292245621074e-05,0.0011908738586312584,0.036206053649634695,-0.011041854113706728,上昇トレンド,uptrend,4.0
2021-06-29,28927.439453125,28951.6796875,28735.55078125,28812.609375,59700000,29155.829816051533,-0.01177193183033931,-0.0011736692556233441,-0.0004574485807624651,0.034641156963791886,-0.008773362041589294,下降トレンドへの転換期,transition_to_downtrend,2.0
2021-06-30,28896.310546875,28998.990234375,28779.759765625,28791.529296875,54000000,29127.391246219217,-0.011530794038680403,-0.0022144498009325497,-0.001818633603364983,0.03206233140219794,-0.006794296529093913,下降トレンドへの転換期,transition_to_downtrend,2.0
2021-07-01,28832.41015625,28833.169921875,28624.80078125,28707.0390625,45900000,29080.053558870713,-0.012827159881792172,-0.0033456196853313136,-0.0037696276418185404,0.028977284270032433,-0.006007862520138185,下降トレンドへの転換期,transition_to_downtrend,2.0
2021-07-02,28719.240234375,28849.3203125,28688.630859375,28783.279296875,47500000,29040.644889988107,-0.008862254749784637,-0.0039506653314327345,-0.005186025938601735,0.027542129017551265,-0.005287746123088577,下降トレンドへの転換期,transition_to_downtrend,2.0
2021-07-05,28709.5703125,28731.0703125,28581.080078125,28598.189453125,38500000,28984.91625837341,-0.013342346819328443,-0.004891443474681179,-0.006606239789761159,0.025618228757861017,-0.0077971136483924175,下降トレンドへの転換期,transition_to_downtrend,2.0
2021-07-06,28677.94921875,28748.23046875,28587.609375,28643.2109375,41700000,28932.53764273466,-0.010000045927783141,-0.0050727525600121615,-0.007658577194532112,0.022660411058678553,-0.007201128613769647,下降トレンドへの転換期,transition_to_downtrend,2.0
2021-07-07,28262.400390625,28434.990234375,28161.75,28366.94921875,60300000,28863.065340332578,-0.01718861512915315,-0.006114862473896032,-0.009074822515076741,0.017192445768867026,-0.007256188911711758,下降トレンドへの転換期,transition_to_downtrend,2.0
2021-07-08,28332.630859375,28366.759765625,28118.029296875,28118.029296875,62200000,28773.24882305827,-0.02277182984141135,-0.007302675413250248,-0.010550349750606092,0.008907936580994535,-0.006780722108787551,下降トレンドへの転換期,transition_to_downtrend,2.0
2021-07-09,27739.419921875,28000.01953125,27419.400390625,27940.419921875,82300000,28668.24660557631,-0.02538790368713162,-0.009134734063837469,-0.012823347615816272,0.00040670330016112644,-0.007637321677214537,下降トレンドへの転換期,transition_to_downtrend,2.0
2021-07-12,28412.69921875,28595.119140625,28405.599609375,28569.01953125,55500000,28617.58319447987,-0.0016969868804028732,-0.008505061501893785,-0.012673249100294437,-0.0060155528621475,-0.006067009310533278,下降トレンド,downtrend,1.0
2021-07-13,28713.8203125,28852.310546875,28699.0390625,28718.240234375,49800000,28562.181074054537,0.005463839050520614,-0.0073355549907381246,-0.012800694265168389,-0.012666506181843618,-0.005142117070636276,下降トレンド,downtrend,1.0
2021-07-14,28517.310546875,28696.80078125,28482.8203125,28608.490234375,54800000,28494.39317907485,0.004004193196293082,-0.006064320183001515,-0.012773146473204045,-0.018652486619863407,-0.003698323958127303,下降トレンド,downtrend,1.0
2021-07-15,28539.3203125,28571.720703125,28240.2109375,28279.08984375,53200000,28420.06712233436,-0.00496048366027857,-0.0069019130931926576,-0.012274654937153961,-0.024200385642901612,-0.0017243051865478698,下降トレンド,downtrend,1.0
2021-07-16,28039.259765625,28201.30078125,27847.349609375,28003.080078125,50400000,28339.177794081104,-0.011859825941255786,-0.007807641839229329,-0.01147851195863503,-0.029116677450456097,0.0013448356571812425,下降トレンド,downtrend,1.0
2021-07-19,27663.400390625,27792.51953125,27493.630859375,27652.740234375,49900000,28276.92900914932,-0.022074135935071237,-0.007631823164608642,-0.011903667162091458,-0.029716823044998453,0.0007695819382029789,下降トレンド,downtrend,1.0
2021-07-20,27351.80078125,27564.51953125,27330.150390625,27388.16015625,63000000,28193.85845215244,-0.02857708522832314,-0.007959469948054854,-0.012895465544004892,-0.03343648973755309,-9.477127883650294e-05,下降トレンド,downtrend,1.0
2021-07-21,27747.060546875,27882.4296875,27438.0703125,27548.0,51400000,28089.142380838348,-0.01926517988699794,-0.008822959334232272,-0.014222124180349405,-0.03739891136820428,-0.0014489777071453602,下降トレンド,downtrend,1.0
2021-07-26,27990.470703125,28036.470703125,27786.439453125,27833.2890625,54500000,28014.91482610199,-0.0064831810030265835,-0.009266005617602713,-0.014255852897475108,-0.04025936636293648,-0.001981197960321146,下降トレンド,downtrend,1.0
2021-07-27,27911.9296875,28036.23046875,27862.689453125,27970.220703125,51700000,27947.3760090858,0.0008174182088427351,-0.00874241613594473,-0.013825446448807455,-0.04263695597986383,-0.0023469344901724254,下降トレンド,downtrend,1.0
2021-07-28,27674.990234375,27809.859375,27466.990234375,27581.66015625,57100000,27837.940145638917,-0.009206140542301067,-0.008943036842975816,-0.015524630109880921,-0.04591630380181366,-0.0036209629477894634,下降トレンド,downtrend,1.0
2021-07-29,27722.609375,27798.05078125,27663.41015625,27782.419921875,67800000,27762.728324230706,0.0007092817901153126,-0.009001865736044223,-0.015291632702682412,-0.04778123279666924,-0.00239616715867752,下降トレンド,downtrend,1.0
2021-07-30,27677.890625,27699.349609375,27272.490234375,27283.58984375,70600000,27655.914612898487,-0.013462753785580373,-0.010428936015050572,-0.01542331773843686,-0.050518655133996226,-0.0012011935580874544,下降トレンド,downtrend,1.0
2021-08-02,27493.3203125,27834.599609375,27493.3203125,27781.01953125,60100000,27602.813575428212,0.0064560793896903945,-0.008446263228550688,-0.01471006616410686,-0.05079908056056093,-0.0004542132666317533,下降トレンド,downtrend,1.0
2021-08-03,27580.029296875,27724.44921875,27492.400390625,27641.830078125,57900000,27538.462805064595,0.0037535600222897703,-0.008077935156336036,-0.01463154193396432,-0.05172688453077001,-0.0008060954851568658,下降トレンド,downtrend,1.0
2021-08-04,27612.900390625,27636.33984375,27488.740234375,27584.080078125,67500000,27476.0753909483,0.0039308629649590365,-0.006502739991333106,-0.012998977395506262,-0.05205607130188705,0.00252565271437466,下降トレンド,downtrend,1.0
2021-08-05,27526.669921875,27741.55078125,27526.669921875,27728.119140625,55900000,27434.766434144254,0.010692735700335687,-0.006088043917144459,-0.011813028109352364,-0.051767709666024286,0.003478604593330048,下降トレンド,downtrend,1.0
2021-08-06,27709.220703125,27888.869140625,27709.220703125,27820.0390625,56400000,27414.200361074334,0.014803959119009003,-0.004512323177581545,-0.008740056339030633,-0.050197890008364165,0.006683261399406226,下降トレンド,downtrend,1.0
2021-08-10,27887.029296875,28128.609375,27808.5390625,27888.150390625,61400000,27425.0652494212,0.016885470900149357,-0.0018565293915266956,-0.00643950028939233,-0.04685545180969153,0.00827056587471453,下降トレンド,downtrend,1.0
2021-08-11,28045.83984375,28146.6796875,27974.990234375,28070.509765625,67100000,27471.87862940633,0.021790688008423542,0.0013527432555753283,-0.0024178610160484615,-0.041731466616352964,0.012213680917915859,下降トレンド,downtrend,1.0
2021-08-12,28177.19921875,28279.80078125,28006.310546875,28015.01953125,57900000,27489.601247282415,0.01911334687037436,0.0027504317184148253,0.0004922775957505454,-0.03941569557191105,0.013491254991256807,上昇トレンドへの転換期,transition_to_uptrend,3.0
2021-08-13,28038.9609375,28070.0,27949.330078125,27977.150390625,55800000,27466.585242662735,0.018588592045625907,0.0015139432801316577,0.001159798775574039,-0.03835826922850172,0.012972826884926403,上昇トレンドへの転換期,transition_to_uptrend,3.0
2021-08-16,27806.109375,27833.2109375,27427.380859375,27523.189453125,57200000,27399.551376875967,0.0045124124314450675,-0.0026327741726749343,-0.0005343575229416198,-0.038423060821765165,0.008205698816089013,下降トレンド,downtrend,1.0
2021-08-17,27666.939453125,27750.390625,27424.470703125,27424.470703125,49600000,27345.164507243662,0.0029001908494765694,-0.0052542319089853295,-0.0029134203128003966,-0.037821959056738796,0.0035260799765919337,下降トレンド,downtrend,1.0
2021-08-18,27418.080078125,27671.5703125,27347.76953125,27585.91015625,50100000,27334.857065060405,0.009184357196090565,-0.004795943013612081,-0.004987702741204303,-0.03543930372004167,-0.0025698417251558414,下降トレンド,downtrend,1.0
2021-08-19,27398.580078125,27504.80078125,27255.580078125,27281.169921875,65100000,27324.96449028931,-0.0016027310275141815,-0.0027221937162666965,-0.005989055843775959,-0.03366576754328565,-0.006481333439526504,下降トレンド,downtrend,1.0
2021-08-20,27238.44921875,27316.7890625,26954.810546875,27013.25,75800000,27319.724609582412,-0.011218070971144245,-0.0009303252739442103,-0.005346883559890436,-0.031004406298396958,-0.006506682335464475,下降トレンド,downtrend,1.0
2021-08-23,27193.099609375,27541.630859375,27193.099609375,27494.240234375,56800000,27361.56570388841,0.0048489378101537195,0.000977090853792717,-0.001386361129241509,-0.025902416922713556,-0.0008520036062998892,下降トレンド,downtrend,1.0
2021-08-24,27653.23046875,27817.890625,27653.23046875,27732.099609375,57100000,27401.385560551487,0.012069245480039736,0.0027967491152398605,0.0020559778783899585,-0.02190009390922254,0.004969398191190355,上昇トレンドへの転換期,transition_to_uptrend,3.0
2021-08-25,27768.130859375,27897.720703125,27684.05078125,27724.80078125,51500000,27418.158241274148,0.011183921884083459,0.003603024301980451,0.003047434124695547,-0.01893622383867455,0.00803513686589985,上昇トレンドへの転換期,transition_to_uptrend,3.0
2021-08-26,27793.630859375,27828.279296875,27684.5,27742.2890625,48500000,27446.692219687506,0.01076985308271361,0.003111171221718445,0.0044548174780412175,-0.014054485493701474,0.010443873321817176,上昇トレンドへの転換期,transition_to_uptrend,3.0
2021-08-27,27581.240234375,27670.66015625,27481.23046875,27641.140625,49200000,27470.934705934716,0.006195854669208467,0.0025381616279782637,0.005534832378920385,-0.01051026451320769,0.010881715938810821,上昇トレンドへの転換期,transition_to_uptrend,3.0
2021-08-30,27867.599609375,27921.55078125,27656.630859375,27789.2890625,58600000,27521.352502531852,0.009735588392449035,0.0037637196616058244,0.005839826579103091,-0.004865581639591721,0.0072261877083446,上昇トレンドへの転換期,transition_to_uptrend,3.0
2021-08-31,27690.76953125,28158.94921875,27602.2109375,28089.5390625,75900000,27595.567560604166,0.017900392909513396,0.005424163309918795,0.007086575955204122,-0.0002625100084180376,0.005030598076814163,上昇トレンドへの転換期,transition_to_uptrend,3.0
2021-09-01,28179.0390625,28457.669921875,28179.0390625,28451.01953125,64800000,27684.177015712776,0.027699668120962473,0.007762470118353626,0.009702284599049982,0.00529129790866123,0.0066548504743544346,上昇トレンド,uptrend,4.0
2021-09-02,28522.4609375,28626.19921875,28412.91015625,28543.509765625,60100000,27786.737257942135,0.027235025856321426,0.009642867493008245,0.012389290320773627,0.011306631772315612,0.00793447284273241,上昇トレンド,uptrend,4.0
2021-09-03,28626.48046875,29149.650390625,28607.869140625,29128.109375,74900000,27936.82124179543,0.042642221994187324,0.012366249776954996,0.016959253146929365,0.018299948310343206,0.01142442076800898,上昇トレンド,uptrend,4.0
2021-09-06,29501.220703125,29705.0390625,29469.349609375,29659.890625,68300000,28121.962601170868,0.05468779137644897,0.015813566905370502,0.021823422325765396,0.025817358550479286,0.015983595746662305,上昇トレンド,uptrend,4.0
2021-09-07,29883.919921875,30048.23046875,29838.4296875,29916.140625,75200000,28319.436943971385,0.05638190067788473,0.01917100525636517,0.026231364213745056,0.0326114700700324,0.019144788258540935,上昇トレンド,uptrend,4.0
2021-09-08,29819.55078125,30241.869140625,29787.130859375,30181.2109375,82500000,28526.15580434986,0.05801886326715522,0.021095261964619638,0.03041371929384784,0.03837659554214157,0.02071143469479786,上昇トレンド,uptrend,4.0
2021-09-09,29959.2109375,30097.560546875,29909.919921875,30008.189453125,78800000,28705.685505063648,0.04537442409558867,0.020756833801794272,0.03307146998191923,0.04423797372839133,0.020682179661145605,上昇トレンド,uptrend,4.0
2021-09-10,30089.44921875,30381.83984375,30064.01953125,30381.83984375,88800000,28920.938144812804,0.05051363450321622,0.021239871471719685,0.03522651680732625,0.052949898551316155,0.018267263660396882,上昇トレンド,uptrend,4.0
2021-09-13,30372.01953125,30447.369140625,30229.009765625,30447.369140625,64600000,29159.319745057164,0.04417282045086712,0.022195908381414498,0.03688779330938674,0.06422617450833035,0.015064370983621345,上昇トレンド,uptrend,4.0
2021-09-14,30584.76953125,30795.779296875,30504.810546875,30670.099609375,79100000,29437.234930589217,0.04188113053732079,0.025484478515467757,0.0394710526494344,0.07650604635387626,0.013239688435689345,上昇トレンド,uptrend,4.0
2021-09-15,30464.169921875,30573.41015625,30347.30078125,30511.7109375,68600000,29685.90277284411,0.027818192728547242,0.026450201034315723,0.04065556454394059,0.08600907267186075,0.010241845250092751,上昇トレンド,uptrend,4.0
2021-09-16,30606.150390625,30622.390625,30202.509765625,30323.33984375,69900000,29913.484718969627,0.013701350030959958,0.025863599717215635,0.04207526114270732,0.09473096404572523,0.009003791160788088,上昇トレンド,uptrend,4.0
2021-09-17,30387.5390625,30541.990234375,30358.9296875,30500.05078125,97900000,30177.42046896647,0.010691116313778837,0.025144533449644735,0.0434454206797239,0.10460192773618648,0.008218903872397654,上昇トレンド,uptrend,4.0
2021-09-21,30021.25,30051.0,29832.51953125,29839.7109375,76300000,30352.558957067195,-0.016896368450930344,0.022456995474394725,0.040921366562822525,0.10931367325787678,0.004033573253435785,上昇トレンド,uptrend,4.0
2021-09-22,29744.73046875,29868.099609375,29573.880859375,29639.400390625,69000000,30465.138789586435,-0.02710437016763856,0.01844165184362412,0.03491849222323151,0.11181015727342247,-0.00455256042620289,上昇トレンド,uptrend,4.0
2021-09-24,30141.609375,30276.380859375,30110.30078125,30248.810546875,84600000,30623.080516215414,-0.012221826251027634,0.014767996744693423,0.0315697909052175,0.11689050178858151,-0.009085773638723094,上昇トレンド,uptrend,4.0
2021-09-27,30277.8203125,30414.609375,30197.400390625,30240.060546875,74600000,30771.451157302647,-0.017268948666450457,0.013800885810911767,0.028681594484675443,0.12113514120402069,-0.013393666658031878,上昇トレンド,uptrend,4.0
2021-09-28,30142.380859375,30207.630859375,30001.990234375,30183.9609375,89800000,30910.95424596214,-0.02351895391767489,0.01463362630496512,0.024307371723504723,0.12522397133011487,-0.019138048956219178,上昇トレンド,uptrend,4.0
2021-09-29,29611.919921875,29679.259765625,29329.16015625,29544.2890625,94700000,30974.578847136603,-0.04617624638886164,0.011478215940263325,0.020493161415129357,0.12547444186426038,-0.020428205147693168,上昇トレンド,uptrend,4.0
2021-09-30,29569.189453125,29622.26953125,29311.33984375,29452.66015625,99000000,31004.017338543414,-0.05003729566248194,0.007557855495728738,0.017688366781416942,0.12351439304351186,-0.01723012544181457,上昇トレンド,uptrend,4.0
2021-10-01,29235.109375,29393.669921875,28680.73046875,28771.0703125,82200000,30930.30669316272,-0.06980973069820973,0.0006260708435783524,0.010032503973093965,0.11725577667010056,-0.021537286932123534,上昇トレンド,uptrend,4.0
2021-10-04,29044.470703125,29046.060546875,28343.580078125,28444.890625,76400000,30805.231097136606,-0.07662141746945061,-0.005467314046003646,0.0010977688267375108,0.10863074031233055,-0.027583825657937933,上昇トレンド,uptrend,4.0
2021-10-05,28050.390625,28058.669921875,27460.2890625,27822.119140625,88200000,30591.490717767298,-0.09052751311441876,-0.013305586055884278,-0.010334961698459155,0.09502403487481592,-0.03464233342196388,下降トレンドへの転換期,transition_to_downtrend,2.0
2021-10-06,28033.91015625,28209.8203125,27293.619140625,27528.869140625,100200000,30307.712896296507,-0.09168767584607385,-0.020128924133941517,-0.021529459823526942,0.07772395995699943,-0.0420226212386563,下降トレンドへの転換期,transition_to_downtrend,2.0
2021-10-07,27665.970703125,28015.109375,27607.970703125,27678.2109375,79600000,30016.63424637828,-0.07790424768094795,-0.02559944602498465,-0.031846940394322565,0.05993047481009994,-0.04953530717573951,下降トレンドへの転換期,transition_to_downtrend,2.0
2021-10-08,28031.369140625,28321.349609375,28018.890625,28048.939453125,82700000,29751.74275645491,-0.05723373307133317,-0.027450377265357262,-0.038103855496794625,0.04296362119420816,-0.04813635946988859,下降トレンドへの転換期,transition_to_downtrend,2.0
2021-10-11,27977.5703125,28581.359375,27893.3203125,28498.19921875,72300000,29538.666795000736,-0.03522391797407831,-0.02537460031798522,-0.041115234556821756,0.02901798982609738,-0.04221300338355927,下降トレンドへの転換期,transition_to_downtrend,2.0
2021-10-12,28458.880859375,28468.880859375,28166.380859375,28230.609375,66300000,29300.825643432396,-0.03652512326635682,-0.023847064166837795,-0.04219032953452295,0.013135379520450519,-0.0318553678360638,下降トレンドへの転換期,transition_to_downtrend,2.0
2021-10-13,28085.439453125,28364.990234375,27993.4609375,28140.279296875,63900000,29046.597981425173,-0.03120223184586879,-0.023700956975932108,-0.04161036232547388,-0.003865719935085221,-0.02008090250194694,下降トレンド,downtrend,1.0
2021-10-14,28264.41015625,28576.6796875,28234.009765625,28550.9296875,64800000,28830.49941751147,-0.00969701308197457,-0.02397424983341223,-0.039515917045560345,-0.02061115843619088,-0.00766897665123778,下降トレンド,downtrend,1.0
2021-10-15,28787.259765625,29082.349609375,28726.220703125,29068.630859375,66300000,28671.740028853037,0.013842579143175993,-0.021469893791896122,-0.036300486208242666,-0.034163109397461366,0.0018033692885519592,下降トレンド,downtrend,1.0
2021-10-18,29093.8203125,29144.330078125,28924.400390625,29025.4609375,62600000,28534.220765055703,0.017215825744430147,-0.01763983571147043,-0.03400444701570049,-0.04610843460304925,0.007110787541121266,下降トレンド,downtrend,1.0
2021-10-19,29117.279296875,29272.490234375,29075.369140625,29215.51953125,57600000,28423.631865755284,0.02786018582124905,-0.014112400408473613,-0.029937510579116755,-0.05811592163799184,0.012252818955406197,下降トレンド,downtrend,1.0
2021-10-20,29385.94921875,29489.109375,29222.3203125,29255.55078125,66100000,28348.967259492743,0.031979419689572186,-0.011257522879165371,-0.024017639600291685,-0.06601063522876183,0.017592722725182197,下降トレンド,downtrend,1.0
2021-10-21,29152.740234375,29220.8203125,28688.779296875,28708.580078125,59100000,28270.046204689294,0.015512315411885025,-0.009258166274858648,-0.019439594323564124,-0.07205260412755665,0.02007632272199622,下降トレンド,downtrend,1.0
2021-10-22,28578.529296875,28989.5,28546.5703125,28804.849609375,60200000,28186.674937570213,0.021931450700515942,-0.008336616844188627,-0.016917881188748596,-0.07956108717916488,0.01938260501949407,下降トレンド,downtrend,1.0
2021-10-25,28527.130859375,28668.69921875,28472.55078125,28600.41015625,62700000,28064.88779464844,0.0190815785731977,-0.01002080471729283,-0.01644807385040037,-0.0879569620821048,0.01755637316530012,下降トレンド,downtrend,1.0
2021-10-26,28927.609375,29160.759765625,28893.94921875,29106.009765625,72800000,28000.74267595376,0.039472777649587565,-0.009526108545618972,-0.01487808425745274,-0.09414822806347167,0.015059426321664016,下降トレンド,downtrend,1.0
2021-10-27,29056.009765625,29139.220703125,28870.25,29098.240234375,70600000,27976.505505109177,0.040095598396338916,-0.007456340023310082,-0.013138459365176547,-0.09679141585179551,0.010879180235115138,下降トレンド,downtrend,1.0
2021-10-28,28871.609375,28895.109375,28693.060546875,28820.08984375,142800000,27966.53278811121,0.030520660609085093,-0.003504557269456976,-0.010736219331956343,-0.09797067642121593,0.008703374991607782,下降トレンド,downtrend,1.0
2021-10-29,28819.16015625,29000.650390625,28475.060546875,28892.689453125,104500000,28005.008465280196,0.031697222621636545,0.000152345577965729,-0.006445118932700833,-0.09457708444026436,0.010472762256047763,下降トレンド,downtrend,1.0
2021-11-01,29330.6796875,29666.830078125,29267.630859375,29647.080078125,76700000,28162.740870354282,0.05270577940562671,0.006656848733702425,0.003486672614614994,-0.08578056819148316,0.019934746465015363,上昇トレンドへの転換期,transition_to_uptrend,3.0
2021-11-02,29462.400390625,29599.5703125,29457.1796875,29520.900390625,71100000,28353.692501624035,0.041165992363573434,0.013843679388007901,0.012605016579555928,-0.07315100257090668,0.027483100837008667,上昇トレンドへの転換期,transition_to_uptrend,3.0
2021-11-04,29859.740234375,29880.810546875,29718.779296875,29794.369140625,90400000,28609.81262351469,0.041403854429186815,0.021596285499585255,0.022637105920532363,-0.05602205216182099,0.03577556528570891,上昇トレンドへの転換期,transition_to_uptrend,3.0
2021-11-05,29840.73046875,29840.73046875,29504.0703125,29611.5703125,73500000,28847.294367271847,0.026493851918925504,0.02430706230153068,0.03149341342502976,-0.03895639562745179,0.0422296327569861,上昇トレンドへの転換期,transition_to_uptrend,3.0
2021-11-08,29735.44921875,29735.44921875,29507.05078125,29507.05078125,68300000,29040.65864966093,0.016059970857255745,0.0242284544772271,0.036980891673884075,-0.02390058668545403,0.04342601060658491,上昇トレンドへの転換期,transition_to_uptrend,3.0
2021-11-09,29557.55078125,29750.4609375,29240.310546875,29285.4609375,65000000,29164.54098666757,0.004146129057464254,0.01938944412019472,0.03557182594283059,-0.012665629458824657,0.0320851533282156,上昇トレンドへの転換期,transition_to_uptrend,3.0
2021-11-10,29209.060546875,29296.880859375,29079.76953125,29106.779296875,63900000,29256.75291807152,-0.005126119826643016,0.014194001891013386,0.03184983459899482,-0.0015041461935989542,0.019244818019438892,上昇トレンドへの転換期,transition_to_uptrend,3.0
2021-11-11,29046.189453125,29336.029296875,29040.080078125,29277.859375,60600000,29375.27079576523,-0.003316102903101581,0.011522195489467979,0.026755092119037593,0.011315363491113173,0.00411798619850523,上昇トレンド,uptrend,4.0
2021-11-12,29381.44921875,29661.220703125,29381.44921875,29609.970703125,68400000,29501.78202022967,0.00366719145376182,0.011563392467458078,0.02268800826258288,0.023283766021426233,-0.008805405162446878,上昇トレンド,uptrend,4.0
2021-11-15,29807.369140625,29861.880859375,29718.2109375,29776.80078125,60400000,29591.43978118357,0.00626400747774003,0.01143964485906146,0.018965862247379395,0.032076872607139206,-0.01801502942650468,上昇トレンド,uptrend,4.0
2021-11-16,29749.7109375,29960.9296875,29681.25,29808.119140625,62000000,29655.70506341522,0.005139452152085555,0.00954661046700589,0.016841138592655458,0.039303133861392725,-0.018730687350175135,上昇トレンド,uptrend,4.0
2021-11-17,29906.6796875,29909.970703125,29623.7890625,29688.330078125,63900000,29695.92635368409,-0.00025580193958651964,0.0065807663184986875,0.015011010854225626,0.04476185499227725,-0.016838823744769194,上昇トレンド,uptrend,4.0
2021-11-18,29597.9296875,29715.94921875,29402.5703125,29598.66015625,65400000,29711.867613500308,-0.0038101764157992823,0.004069684787467276,0.011458509440655185,0.04807583787910974,-0.015296582678382409,上昇トレンド,uptrend,4.0
2021-11-19,29641.05078125,29768.5390625,29589.189453125,29745.869140625,65600000,29764.27285750083,-0.000618315688877713,0.0036609412540842268,0.008897457010941467,0.052855472608448695,-0.013790551251641414,上昇トレンド,uptrend,4.0
2021-11-22,29618.55078125,29806.490234375,29542.2890625,29774.109375,58800000,29836.172533552133,-0.002080131373497718,0.004722741368552885,0.008270390159392793,0.0585204746439707,-0.010695472087986602,上昇トレンド,uptrend,4.0
2021-11-24,29663.44921875,29758.05078125,29212.9296875,29302.66015625,69500000,29860.890856910904,-0.018694375306345212,0.005015613469645519,0.006918931553201002,0.06399466391613151,-0.009922207039454456,上昇トレンド,uptrend,4.0
2021-11-25,29469.650390625,29570.419921875,29444.44921875,29499.279296875,50700000,29884.703534969056,-0.012897040709908936,0.004046148818914519,0.006357005975721863,0.06728253178202981,-0.008654004878503763,上昇トレンド,uptrend,4.0
2021-11-26,29324.470703125,29332.990234375,28605.609375,28751.619140625,72900000,29808.33662859268,-0.03545040104499009,-0.0009329583051630452,0.0032468176133275684,0.06547748156570043,-0.008211691827327616,上昇トレンド,uptrend,4.0
2021-11-29,28337.9609375,28776.33984375,28187.119140625,28283.919921875,85900000,29700.526646832477,-0.047696350364499596,-0.005370375949159345,-0.0021417022674649067,0.06200246100790885,-0.011039159278406374,下降トレンドへの転換期,transition_to_downtrend,2.0
2021-11-30,28611.73046875,28718.69921875,27819.140625,27821.759765625,140700000,29558.610625818055,-0.058759556806638136,-0.010911699651610318,-0.009302865755382861,0.055475868270633555,-0.017573255914775654,下降トレンドへの転換期,transition_to_downtrend,2.0
2021-12-01,27866.73046875,28106.30078125,27594.009765625,27935.619140625,80900000,29393.079309545217,-0.0495851473597364,-0.013930912154592967,-0.015666362721975524,0.04368674358986335,-0.022585294275176526,下降トレンドへの転換期,transition_to_downtrend,2.0
2021-12-02,27716.19921875,27938.55078125,27644.9609375,27753.369140625,77400000,29189.110209642917,-0.04918755860340018,-0.017219103326711616,-0.02327589847134348,0.029464159138039347,-0.029632904447065345,下降トレンドへの転換期,transition_to_downtrend,2.0
2021-12-03,27841.05078125,28029.5703125,27588.609375,28029.5703125,71900000,29013.71423927163,-0.033919956564524845,-0.01843443839239467,-0.026657723281306223,0.014117590390122725,-0.02990454089463379,下降トレンドへの転換期,transition_to_downtrend,2.0
2021-12-06,28069.9609375,28081.0390625,27693.91015625,27927.369140625,61700000,28834.524100661423,-0.03146072246136411,-0.01900294974206418,-0.02915781785517302,-0.0004426850729166709,-0.02701611558770811,下降トレンド,downtrend,1.0
2021-12-07,28138.8203125,28618.4609375,27961.66015625,28455.599609375,78300000,28726.966066129506,-0.009446401549325412,-0.015832758867748487,-0.02813544148662206,-0.010801841215646424,-0.0188325757312392,下降トレンド,downtrend,1.0
2021-12-08,28792.890625,28897.439453125,28621.470703125,28860.619140625,72000000,28678.296373344394,0.00635751736808432,-0.011560666213263793,-0.02431806918469759,-0.01667245898179781,-0.008651706462722064,下降トレンド,downtrend,1.0
2021-12-09,28827.3203125,28908.2890625,28725.470703125,28725.470703125,54400000,28638.482263697584,0.003037466812187972,-0.00679885807303271,-0.01886415659780638,-0.021132579411847097,0.004411741873537101,下降トレンド,downtrend,1.0
2021-12-10,28542.5,28699.009765625,28392.869140625,28437.76953125,63400000,28575.019650669674,-0.004803150482398988,-0.0052893304190233525,-0.01512024916851773,-0.027242341037786222,0.011537474112788493,下降トレンド,downtrend,1.0
2021-12-13,28705.259765625,28793.3203125,28593.44921875,28640.490234375,53500000,28511.23383997534,0.004533525105407055,-0.005825399500520301,-0.011211915950389062,-0.033575876181822006,0.017945901904783956,下降トレンド,downtrend,1.0
2021-12-14,28554.859375,28672.9609375,28309.669921875,28432.640625,55200000,28409.187981192274,0.0008255302412463195,-0.00800650957666027,-0.011062013447772578,-0.03995249331338924,0.01707342803884948,下降トレンド,downtrend,1.0
2021-12-15,28358.470703125,28525.830078125,28358.470703125,28459.720703125,55900000,28304.87877775445,0.005470503038940588,-0.009453742332208415,-0.013020912774199034,-0.04555030078604394,0.011297156410498554,下降トレンド,downtrend,1.0
2021-12-16,28868.369140625,29070.080078125,28782.189453125,29066.3203125,60300000,28265.481573185254,0.028332747037803196,-0.008619489011574055,-0.013024457339527062,-0.04816973087358756,0.005839699258279318,下降トレンド,downtrend,1.0
2021-12-17,28854.599609375,28904.939453125,28503.080078125,28545.6796875,84400000,28190.16863717911,0.012611171465360282,-0.007709454566535268,-0.013468092697586087,-0.051215191051463105,0.0016521564709316428,下降トレンド,downtrend,1.0
2021-12-20,28325.4609375,28441.509765625,27893.1796875,27937.810546875,65200000,28059.07887575404,-0.004321892725560161,-0.00868401182461842,-0.01585883538955568,-0.05728995933851844,-0.004646919439166619,下降トレンド,downtrend,1.0
2021-12-21,28309.599609375,28533.740234375,28226.4296875,28517.58984375,55800000,27979.15097162322,0.019244289173494522,-0.010130045045249392,-0.015137251013782937,-0.062240609442803296,-0.004075237566010359,下降トレンド,downtrend,1.0
2021-12-22,28614.060546875,28673.76953125,28473.849609375,28562.2109375,44700000,27929.174257226856,0.022665785763764212,-0.009258347593140592,-0.013273489827586582,-0.06469052142283893,-0.0002525770533875482,下降トレンド,downtrend,1.0
2021-12-23,28703.009765625,28798.369140625,28640.150390625,28798.369140625,43600000,27917.08724103446,0.031567831270562285,-0.005060452459908604,-0.012325787949118316,-0.06584024805975486,0.000698669390408746,下降トレンド,downtrend,1.0
2021-12-24,28836.05078125,28870.130859375,28773.5,28782.58984375,35900000,27932.51915308549,0.030433012003165727,-0.0016666631015724853,-0.009139692898247342,-0.06292929051626017,0.004328399799338745,下降トレンド,downtrend,1.0
2021-12-27,28786.330078125,28805.279296875,28658.8203125,28676.4609375,37500000,27995.751887683953,0.024314726482324245,0.002383802322400097,-0.0022569161429175644,-0.05739880573229961,0.013601919246638117,下降トレンド,downtrend,1.0
2021-12-28,28953.3203125,29121.009765625,28879.6796875,29069.16015625,47000000,28138.66228815948,0.03306830504455305,0.007936897041297852,0.005701077802469312,-0.04803839922091313,0.02083832881625225,上昇トレンドへの転換期,transition_to_uptrend,3.0
2021-12-29,28995.73046875,29106.279296875,28729.609375,28906.880859375,44700000,28278.89365835973,0.022206922540961127,0.012400403392759607,0.012521652015629714,-0.037906394204286764,0.025795141843216296,上昇トレンドへの転換期,transition_to_uptrend,3.0
2021-12-30,28794.240234375,28904.419921875,28579.490234375,28791.7109375,40400000,28405.88511157177,0.013582601788777016,0.014649837787291009,0.01750891367416152,-0.026832784296809464,0.029834701623279836,上昇トレンドへの転換期,transition_to_uptrend,3.0
