date,open,high,low,close,volume,ssa_40,price_to_ssa_gap,ssa_slope_3,ssa_slope_5,ssa_slope_20,ssa_curvature,trend_label_ja,trend_label_en,trend_score
2009-01-05,8991.2099609375,9127.3798828125,8987.3603515625,9043.1201171875,84900000,8668.931370508684,0.04316434525618562,0.020440078573861653,0.030460105043400576,0.0327398397981864,-0.0035737874274022197,上昇トレンド,uptrend,4.0
2009-01-06,9130.009765625,9171.0302734375,9029.9404296875,9080.83984375,154800000,8780.710028223579,0.03418058614414132,0.029322412203238057,0.039453487392591136,0.053564738320418526,0.005159421699076017,上昇トレンド,uptrend,4.0
2009-01-07,9133.7998046875,9325.349609375,9106.0498046875,9239.240234375,205600000,8899.882131089453,0.03813062895519548,0.03775965087471134,0.04762582987366737,0.08275473239723441,0.013386492313162135,上昇トレンド,uptrend,4.0
2009-01-08,9143.2099609375,9148.830078125,8876.419921875,8876.419921875,149900000,8978.498475145594,-0.01136922321178413,0.03570994986649034,0.05250824576764379,0.10615228837440926,0.02227167801724228,上昇トレンド,uptrend,4.0
2009-01-09,8932.7099609375,8956.849609375,8773.2001953125,8836.7998046875,137000000,9027.895960779253,-0.021167297111303718,0.02815101874007353,0.052686543753657666,0.11519184166070628,0.028393137863360618,上昇トレンド,uptrend,4.0
2009-01-13,8732.6298828125,8732.9296875,8405.5,8413.91015625,135600000,9008.812766475725,-0.06603562818394026,0.012239559331437722,0.03920683893326249,0.1163058791641638,0.008746733889861913,上昇トレンド,uptrend,4.0
2009-01-14,8425.75,8516.0703125,8359.16015625,8438.4501953125,132700000,8974.883090321391,-0.05977046047400725,-0.0004026714304413703,0.0221135946265949,0.11355988683455909,-0.017339892765996234,上昇トレンド,uptrend,4.0
2009-01-15,8309.3798828125,8309.3798828125,7997.72998046875,8023.31005859375,158300000,8884.889349877729,-0.09697130232644213,-0.015840524915528675,-0.0016846044690131956,0.10036672905524124,-0.049310434342680565,下降トレンドへの転換期,transition_to_downtrend,2.0
2009-01-16,8125.2001953125,8283.91015625,8067.47021484375,8230.150390625,140600000,8838.540598222711,-0.06883378549169628,-0.018900622386852528,-0.015588116132147944,0.09512376849915527,-0.06809636189979174,下降トレンドへの転換期,transition_to_downtrend,2.0
2009-01-19,8318.259765625,8351.6796875,8221.83984375,8256.849609375,102600000,8798.111138923014,-0.061520196892428713,-0.019696295719886292,-0.02545275475642561,0.08423806180896531,-0.07813929851008328,下降トレンドへの転換期,transition_to_downtrend,2.0
2009-01-20,8187.14013671875,8190.419921875,7962.4599609375,8065.7900390625,127900000,8725.61686593633,-0.07561950484552082,-0.017926220312872054,-0.03143542971536106,0.0724980990265105,-0.07064226864862355,下降トレンドへの転換期,transition_to_downtrend,2.0
2009-01-21,7949.9599609375,8009.22021484375,7829.2998046875,7901.64013671875,147100000,8642.08052626896,-0.08567848763958219,-0.022227659619876272,-0.03708154866232516,0.05812692832417765,-0.05919514328892006,下降トレンドへの転換期,transition_to_downtrend,2.0
2009-01-22,7988.2998046875,8051.740234375,7809.89013671875,8051.740234375,142600000,8571.68823413902,-0.06065876237695955,-0.025735399474813958,-0.035250986636431225,0.04354062711461637,-0.03356638216741803,下降トレンドへの転換期,transition_to_downtrend,2.0
2009-01-23,7965.41015625,7965.41015625,7745.25,7745.25,119800000,8476.603311630388,-0.08627905361890997,-0.02853821777094734,-0.040949892413811306,0.02371864725175321,-0.025361776281663362,下降トレンドへの転換期,transition_to_downtrend,2.0
2009-01-26,7714.259765625,7807.16015625,7671.0400390625,7682.14013671875,115000000,8377.930280841863,-0.08305036217766137,-0.030565584829274628,-0.047758075733126626,0.0006302888717260036,-0.022305320976701015,下降トレンドへの転換期,transition_to_downtrend,2.0
2009-01-27,7782.89990234375,8115.14990234375,7782.06982421875,8061.06982421875,152500000,8322.515354605412,-0.03141424428156636,-0.029069288654387848,-0.04619748007783542,-0.010717736708904746,-0.014762050362474355,下降トレンド,downtrend,1.0
2009-01-28,8052.25,8171.6298828125,7936.58984375,8106.2900390625,140000000,8278.62916047212,-0.020817350079223806,-0.02335536344925293,-0.04205600314554725,-0.019982447430430872,-0.0049744544832220905,下降トレンド,downtrend,1.0
2009-01-29,8201.16015625,8305.3798828125,8138.990234375,8251.240234375,160300000,8239.83724164514,0.0013838856758270346,-0.01648295397163968,-0.03871477629951525,-0.030069589556940945,-0.003463789663084027,下降トレンド,downtrend,1.0
2009-01-30,8142.8798828125,8142.8798828125,7922.39013671875,7994.0498046875,148000000,8172.729052471602,-0.021862862042400066,-0.017997720130479844,-0.03584858792930101,-0.04194841242520153,0.005101304484510294,下降トレンド,downtrend,1.0
2009-02-02,7908.509765625,7955.75,7795.27001953125,7873.97998046875,159700000,8091.586881874698,-0.02689298212856006,-0.02259338774231978,-0.03417829814386952,-0.056490608092045425,0.013579777589257103,下降トレンド,downtrend,1.0
2009-02-03,7862.9501953125,8084.41015625,7800.7998046875,7825.509765625,181500000,7995.791732009534,-0.021296448443353544,-0.029617758516171988,-0.03925779751371439,-0.07764966749986524,0.00693968256412103,下降トレンド,downtrend,1.0
2009-02-04,7897.240234375,8084.97021484375,7863.64990234375,8038.93994140625,156800000,7913.6725633301,0.01582923441343853,-0.03169767252508604,-0.044084182304550246,-0.09874343442689548,-0.0020281791590029963,下降トレンド,downtrend,1.0
2009-02-05,7985.52978515625,8093.9599609375,7901.0400390625,7949.64990234375,169500000,7818.551491115641,0.016767608600784856,-0.03374312044657901,-0.05112792136236266,-0.12149943381794481,-0.012413145062847408,下降トレンド,downtrend,1.0
2009-02-06,8054.27001953125,8169.0400390625,8033.240234375,8076.6201171875,147300000,7748.961126226666,0.04228424760731597,-0.03087006441084894,-0.05185145910554556,-0.1369424244290457,-0.01600287117624455,下降トレンド,downtrend,1.0
2009-02-09,8178.06982421875,8257.7099609375,7969.02978515625,7969.02978515625,140500000,7691.791737666261,0.03604336375000505,-0.028037655574982612,-0.049408743926853904,-0.14799729958315389,-0.015230445782984381,下降トレンド,downtrend,1.0
2009-02-10,8066.93994140625,8124.7900390625,7917.27001953125,7945.93994140625,138600000,7656.9094923095345,0.037747664300722406,-0.020674161830331772,-0.04238257461651396,-0.15006453227632777,-0.0031247771027995697,下降トレンド,downtrend,1.0
2009-02-12,7842.52978515625,7862.52001953125,7685.68017578125,7705.35986328125,145900000,7620.699775058696,0.01110922759345967,-0.01655207053934815,-0.03702109051478375,-0.15088590031028493,0.007063091789766496,下降トレンド,downtrend,1.0
2009-02-13,7789.35009765625,7887.740234375,7730.27001953125,7779.39990234375,149700000,7610.3177420977845,0.022217490251511984,-0.010592329894932417,-0.026633289971227492,-0.1434538526692496,0.02449463139113517,下降トレンド,downtrend,1.0
2009-02-16,7732.68017578125,7804.240234375,7694.72998046875,7750.169921875,110600000,7606.233327956178,0.01892350493506334,-0.0066183574984469695,-0.018418959128265633,-0.13942429257091726,0.03343249997727993,下降トレンド,downtrend,1.0
2009-02-17,7690.1298828125,7710.43017578125,7615.93994140625,7645.509765625,120800000,7583.048204446201,0.008236999092551711,-0.004940697275035322,-0.01413760758596061,-0.13810497677181532,0.035271136340893294,下降トレンド,downtrend,1.0
2009-02-18,7539.9599609375,7565.7900390625,7479.18017578125,7534.43994140625,149400000,7558.332760261935,-0.0031611229107696426,-0.006830855635407418,-0.012874219310886281,-0.13377668577580115,0.029508355305627676,下降トレンド,downtrend,1.0
2009-02-19,7604.22021484375,7642.68994140625,7537.56005859375,7557.64990234375,138200000,7552.584005989376,0.0006707500837270786,-0.007053336343182837,-0.008938256469865347,-0.12606877672198114,0.028082834044918403,下降トレンド,downtrend,1.0
2009-02-20,7544.06982421875,7554.7001953125,7382.330078125,7416.3798828125,140800000,7534.259189755484,-0.015645772726171625,-0.0064339581360053355,-0.009994136239748541,-0.12102972203908435,0.01663915373147895,下降トレンド,downtrend,1.0
2009-02-23,7314.2998046875,7417.18017578125,7209.43017578125,7376.16015625,164300000,7519.788639118907,-0.01910006913249307,-0.0050995533493410905,-0.011364979893471072,-0.11287713218792206,0.007053979234794561,下降トレンド,downtrend,1.0
2009-02-24,7266.68017578125,7270.89990234375,7155.16015625,7268.56005859375,146800000,7512.378575086138,-0.0324555683736415,-0.005323400689267954,-0.00931942240834327,-0.10331330970072838,0.00481818517761734,下降トレンド,downtrend,1.0
2009-02-25,7368.43994140625,7471.02978515625,7330.43994140625,7461.22021484375,165300000,7505.217805900191,-0.0058622670513108766,-0.0038545772217103424,-0.007027337383317733,-0.09820318904583991,0.005846881927568548,下降トレンド,downtrend,1.0
2009-02-26,7470.60009765625,7599.81005859375,7433.06005859375,7457.93017578125,143100000,7477.593557666692,-0.002629640369431585,-0.00561120577681018,-0.009929111448904848,-0.0967594498169001,-0.0009908549790395016,下降トレンド,downtrend,1.0
2009-02-27,7463.419921875,7589.77001953125,7414.39990234375,7568.419921875,140700000,7450.712588288677,0.01579813100982319,-0.008208583497371746,-0.011088893992445503,-0.09576944667888965,-0.001094757752696962,下降トレンド,downtrend,1.0
2009-03-02,7454.27978515625,7454.27978515625,7234.9599609375,7280.14990234375,125400000,7403.970789411283,-0.016723578548501816,-0.013490216954038736,-0.015401742690628994,-0.09406383817750952,-0.004036762797157922,下降トレンド,downtrend,1.0
2009-03-03,7177.7900390625,7288.14013671875,7088.47021484375,7229.72021484375,146700000,7370.556698205989,-0.019107984529380118,-0.014314345736397893,-0.01887842518353422,-0.08910862531598462,-0.00955900277519095,下降トレンド,downtrend,1.0
2009-03-04,7146.7099609375,7320.64990234375,7104.6298828125,7290.9599609375,159900000,7349.591286206996,-0.007977494664163198,-0.01357203098138915,-0.02073577659143344,-0.08081756847362653,-0.013708439208115708,下降トレンド,downtrend,1.0
2009-03-05,7336.02001953125,7532.8701171875,7336.02001953125,7433.490234375,185400000,7331.455635987926,0.013917372409131934,-0.00979408961567807,-0.01954344276026232,-0.0735710155661502,-0.009614331311357471,下降トレンド,downtrend,1.0
2009-03-06,7328.2900390625,7328.2900390625,7167.06982421875,7173.10009765625,159500000,7283.058952347569,-0.015097894361527309,-0.011871253345044797,-0.02250169147641423,-0.06848999323935656,-0.011412797483968729,下降トレンド,downtrend,1.0
2009-03-09,7191.1298828125,7241.02001953125,7028.490234375,7086.02978515625,132800000,7223.656676502769,-0.01905224701420183,-0.017134913330564272,-0.02435370398359593,-0.0677903064897285,-0.008951961292966937,下降トレンド,downtrend,1.0
2009-03-10,7059.77001953125,7100.77001953125,7021.27978515625,7054.97998046875,133000000,7160.749066230628,-0.01477067340073046,-0.02328413049645295,-0.02846564249704886,-0.06904017809467555,-0.00958721731351464,下降トレンド,downtrend,1.0
2009-03-11,7165.39013671875,7393.81005859375,7161.85009765625,7376.1201171875,155800000,7131.9659130964565,0.03423378729877302,-0.020745821259954278,-0.029610540863538648,-0.06855815387922792,-0.008874764272105207,下降トレンド,downtrend,1.0
2009-03-12,7320.4501953125,7345.02001953125,7198.25,7198.25,153200000,7100.145606666376,0.01381723682420155,-0.01709813677028038,-0.03155035518268956,-0.06830792233752714,-0.01200691242242724,下降トレンド,downtrend,1.0
2009-03-13,7301.1201171875,7571.4501953125,7300.8701171875,7569.27978515625,217000000,7108.1645273638815,0.06487121337966228,-0.007343441081426816,-0.024013869189856485,-0.06598321275814223,-0.0015121777134422532,下降トレンド,downtrend,1.0
2009-03-16,7630.2001953125,7754.75,7630.2001953125,7704.14990234375,150500000,7126.182568324131,0.08110476099625652,-0.0008109047130616664,-0.01349373489685679,-0.06311281010374137,0.01085996908673914,下降トレンド,downtrend,1.0
2009-03-17,7767.33984375,7967.02978515625,7723.93994140625,7949.1298828125,171400000,7172.044220069054,0.10834925704570786,0.010126357596831781,0.0015773704306567549,-0.05420036551213825,0.030043012927705615,上昇トレンドへの転換期,transition_to_uptrend,3.0
2009-03-18,8006.85986328125,8054.35009765625,7895.27978515625,7972.169921875,176800000,7229.251260122212,0.10276564405097588,0.01703488042408008,0.013640747615900839,-0.043538900783764656,0.04325128847943949,上昇トレンドへの転換期,transition_to_uptrend,3.0
2009-03-19,8017.93017578125,8034.08984375,7902.490234375,7945.9599609375,138000000,7287.132323554115,0.09040972609401687,0.022585690681769188,0.026335617217789986,-0.035147134043759354,0.057885972400479546,上昇トレンドへの転換期,transition_to_uptrend,3.0
2009-03-23,7943.14013671875,8229.1298828125,7922.5498046875,8215.5302734375,178400000,7375.14450066886,0.11394838063070156,0.02831832520377997,0.03755962207644492,-0.021118823374562945,0.061573491266301406,上昇トレンドへの転換期,transition_to_uptrend,3.0
2009-03-24,8334.6796875,8504.41015625,8297.26953125,8488.2998046875,195000000,7496.0884412277555,0.13236388167496504,0.03691076316263375,0.051907998336704786,-0.0031517106435491327,0.06540173323356158,上昇トレンドへの転換期,transition_to_uptrend,3.0
2009-03-25,8499.6904296875,8553.009765625,8392.5595703125,8479.990234375,162000000,7622.280853541635,0.11252660421648408,0.045991827114792994,0.06277661147329705,0.014629491492877511,0.061199241042640296,上昇トレンド,uptrend,4.0
2009-03-26,8430.2197265625,8640.2802734375,8383.990234375,8636.330078125,135200000,7757.678873188302,0.11326212637821964,0.05186805119340354,0.07309575972009519,0.03363807338004765,0.05945501210419435,上昇トレンド,uptrend,4.0
2009-03-27,8711.7197265625,8843.1796875,8626.9697265625,8626.9697265625,157900000,7880.001914159455,0.09479284656782005,0.0512151738792479,0.08135842252912218,0.05381522188781962,0.05502280531133219,上昇トレンド,uptrend,4.0
2009-03-30,8621.849609375,8651.0595703125,8236.080078125,8236.080078125,164200000,7954.082207899,0.03545322550802332,0.04353045508723241,0.07849849005367093,0.06755992982490566,0.04093886797722601,上昇トレンド,uptrend,4.0
2009-03-31,8199.4296875,8383.740234375,8088.4501953125,8109.52978515625,178800000,8020.763342692343,0.011067081606987106,0.03391278161993805,0.06999315784201876,0.08330564379902206,0.018085159505313975,上昇トレンド,uptrend,4.0
2009-04-01,8173.35986328125,8351.91015625,8084.6201171875,8351.91015625,157000000,8124.94464638319,0.027934406909202014,0.03108409552332736,0.06594663756164221,0.1023515562075279,0.003170026088345157,上昇トレンド,uptrend,4.0
2009-04-02,8453.73046875,8741.669921875,8449.8701171875,8719.7802734375,212900000,8262.069607597276,0.05539903287904324,0.03872067092698894,0.0650182538687214,0.12415361424283966,-0.00807750585137379,上昇トレンド,uptrend,4.0
2009-04-03,8814.099609375,8884.6298828125,8697.169921875,8749.83984375,217500000,8387.162286521576,0.043241986364238816,0.045681305902518066,0.06436043771141886,0.14399686814600643,-0.016997984817703315,上昇トレンド,uptrend,4.0
2009-04-06,8856.83984375,8992.0595703125,8812.3603515625,8857.9296875,173500000,8524.0979797694,0.039163288423349485,0.04912689879849119,0.07166329904213598,0.1704007938891945,-0.006835191011534958,上昇トレンド,uptrend,4.0
2009-04-07,8838.66015625,8884.4501953125,8778.919921875,8832.849609375,150600000,8668.372957387763,0.018974339567041643,0.04917694586074117,0.08074164353514446,0.19999791595638694,0.010748485693125698,上昇トレンド,uptrend,4.0
2009-04-08,8746.73046875,8765.6396484375,8556.75,8595.009765625,167900000,8783.90499417182,-0.021504698499375086,0.0473035687276282,0.08110336457270084,0.2266740410714616,0.015156727011058635,上昇トレンド,uptrend,4.0
2009-04-09,8665.16015625,8920.8603515625,8664.259765625,8916.0595703125,192000000,8912.121661804438,0.0004418598239002147,0.0455207909336508,0.07867908224949072,0.24960239159851771,0.013660828380769319,上昇トレンド,uptrend,4.0
2009-04-10,9041.23046875,9068.7998046875,8856.6904296875,8964.1103515625,228700000,9031.158841879376,-0.007424129227575849,0.041851670004856345,0.07678360491399139,0.2719681175833857,0.012423167202572527,上昇トレンド,uptrend,4.0
2009-04-13,8930.349609375,9024.4501953125,8888.099609375,8924.4296875,167500000,9128.85268397744,-0.022393065542204993,0.039270425856665625,0.07094647499868367,0.28427706601818725,-0.0007168240434523021,上昇トレンド,uptrend,4.0
2009-04-14,8955.900390625,8961.73046875,8749.919921875,8842.6796875,181800000,9187.562651333847,-0.03753802579879839,0.030906331845748092,0.0598947110949577,0.28926849168481117,-0.02084693244018676,上昇トレンド,uptrend,4.0
2009-04-15,8777.6796875,8800.51953125,8681.0302734375,8742.9599609375,158400000,9213.343918340313,-0.05105464004946736,0.020172945648581297,0.04888929518857821,0.28461895041851903,-0.032214069384122634,上昇トレンド,uptrend,4.0
2009-04-16,8848.4296875,9030.0,8720.6201171875,8755.259765625,172900000,9226.422689998823,-0.05106669618383619,0.010688090760039515,0.03526668958542345,0.2762625558324898,-0.04341239266406727,上昇トレンド,uptrend,4.0
2009-04-17,8854.330078125,8953.33984375,8834.6298828125,8907.580078125,184300000,9255.457404862405,-0.03758618418519721,0.007389854753121261,0.024836077729350814,0.27010969389784445,-0.051947527184640574,上昇トレンド,uptrend,4.0
2009-04-20,8899.58984375,8933.7998046875,8813.7197265625,8924.75,167900000,9273.390746645115,-0.037595821870360036,0.0065173761922932005,0.015833102764530427,0.2573842784780829,-0.055113372234153246,上昇トレンド,uptrend,4.0
2009-04-21,8802.08984375,8802.08984375,8612.759765625,8711.330078125,175400000,9243.469470821477,-0.057569227050109584,0.0018476045803899055,0.006085054503493836,0.23310571150458914,-0.05380965659146386,上昇トレンド,uptrend,4.0
2009-04-22,8777.5302734375,8802.900390625,8683.26953125,8727.2998046875,195000000,9206.249503052257,-0.05202440996259827,-0.005316636407866393,-0.000770015246465916,0.2078076995515905,-0.049659310435044124,下降トレンドへの転換期,transition_to_downtrend,2.0
2009-04-23,8776.9404296875,8860.5498046875,8647.7998046875,8847.009765625,186200000,9178.109364907814,-0.03607492416126157,-0.010274707961785312,-0.0052364092470399415,0.18309993426367943,-0.04050309883246339,下降トレンドへの転換期,transition_to_downtrend,2.0
2009-04-24,8832.099609375,8852.830078125,8694.919921875,8707.990234375,212200000,9131.758496311944,-0.046405986547727096,-0.012085394435732977,-0.013364969783716485,0.15885231955378432,-0.0382010475130673,下降トレンドへの転換期,transition_to_downtrend,2.0
2009-04-27,8783.33984375,8840.5302734375,8648.509765625,8726.33984375,152300000,9109.23549884324,-0.04203378594634677,-0.010537842166547073,-0.0177017503399457,0.14522772844830367,-0.033534853104476126,下降トレンドへの転換期,transition_to_downtrend,2.0
2009-04-28,8678.2802734375,8808.6396484375,8493.76953125,8493.76953125,169600000,9087.46423260911,-0.06533117337933714,-0.009876231443186057,-0.01687734661804452,0.1329924402879472,-0.022962401121538356,下降トレンドへの転換期,transition_to_downtrend,2.0
2009-04-30,8615.4501953125,8844.76953125,8615.4501953125,8828.259765625,174900000,9096.172216128152,-0.029453317740414486,-0.0038969799954919893,-0.0119568003113113,0.11953651526442122,-0.011186785064845384,下降トレンドへの転換期,transition_to_downtrend,2.0
2009-05-01,8848.83984375,9017.3203125,8827.1298828125,8977.3701171875,154800000,9093.739166128455,-0.012796611692404314,-0.0017011672073636852,-0.00919254668090419,0.10066116578906925,-0.0039561374338642485,下降トレンドへの転換期,transition_to_downtrend,2.0
2009-05-07,9102.349609375,9385.7001953125,9100.1103515625,9385.7001953125,238900000,9117.220682404264,0.029447517205148488,0.0032744502793613517,-0.001592005955211362,0.08704474421055552,0.011772963828505123,下降トレンドへの転換期,transition_to_downtrend,2.0
2009-05-08,9351.400390625,9464.4296875,9349.5703125,9432.830078125,220100000,9140.253231022996,0.03200970910838308,0.004846106015526486,0.00340508620989044,0.0722839240839257,0.02110683654983614,上昇トレンド,uptrend,4.0
2009-05-11,9460.7197265625,9503.91015625,9342.75,9451.98046875,230800000,9163.420276665696,0.031490446074934564,0.007662536748006099,0.00835833210589465,0.05710960081107519,0.02523567872393917,上昇トレンド,uptrend,4.0
2009-05-12,9358.25,9389.6103515625,9298.6103515625,9298.6103515625,188300000,9185.33286364232,0.012332431453688342,0.00747071762445195,0.009801996421756387,0.045700388350835786,0.021758796733067687,上昇トレンド,uptrend,4.0
2009-05-13,9305.7900390625,9379.4697265625,9278.8896484375,9340.490234375,176000000,9209.13389840592,0.014263701388011807,0.007535969260581865,0.01268947021344946,0.033326770871454414,0.02188201689435365,上昇トレンド,uptrend,4.0
2009-05-14,9212.2998046875,9223.76953125,9052.41015625,9093.73046875,169300000,9193.255984062163,-0.010825926688510012,0.0032559575459440993,0.008339745664448284,0.017948653657945624,0.009931751619659646,上昇トレンド,uptrend,4.0
2009-05-15,9150.2099609375,9272.080078125,9140.900390625,9265.01953125,171900000,9197.868511710134,0.007300715318377726,0.0013647461941672656,0.006303466570443117,0.007560186380685785,0.002898380360552677,上昇トレンド,uptrend,4.0
2009-05-18,9167.0498046875,9167.8203125,8997.740234375,9038.6904296875,147700000,9187.852379292732,-0.01623469157399693,-0.0023109142887880463,0.0026662645485389103,3.153480089124194e-05,-0.00569206755735574,上昇トレンド,uptrend,4.0
2009-05-19,9172.5595703125,9326.75,9166.9697265625,9290.2900390625,167000000,9213.647739400594,0.008318344897662922,0.0022181211285514646,0.0030826183632768345,3.2976198758305486e-05,-0.006719378058479553,上昇トレンド,uptrend,4.0
2009-05-20,9372.7197265625,9399.400390625,9311.6103515625,9344.6396484375,143200000,9249.421427411036,0.010294505637323592,0.005604876351001042,0.004374735936035101,0.00249270363877252,-0.00831473427741436,上昇トレンド,uptrend,4.0
2009-05-21,9280.349609375,9286.349609375,9189.919921875,9264.150390625,133200000,9269.66604153085,-0.0005950215338005327,0.008904546880020403,0.008311533759220335,0.0015351630985822595,-2.8211905227948364e-05,上昇トレンド,uptrend,4.0
2009-05-22,9156.1396484375,9267.8203125,9126.6904296875,9225.8095703125,134700000,9279.388751048089,-0.005773998931722479,0.00713517745706338,0.008862948979339036,0.000646797333019089,0.002559482408895919,上昇トレンド,uptrend,4.0
2009-05-25,9245.9501953125,9402.759765625,9245.9501953125,9347.0,129200000,9311.416414409769,0.0038215008336610623,0.006702579992193591,0.013448630867809896,0.007350805214727751,0.010782366319270986,上昇トレンド,uptrend,4.0
2009-05-26,9364.2197265625,9379.7802734375,9231.9296875,9310.8095703125,121200000,9348.084850625457,-0.003987477746360324,0.00845972322446853,0.014591084337852944,0.015406420119960407,0.01150846597457611,上昇トレンド,uptrend,4.0
2009-05-27,9426.6201171875,9491.1298828125,9411.5400390625,9438.76953125,148900000,9390.11945849922,0.0051809854992574955,0.01193297429624618,0.015211549413374215,0.02309953882245286,0.010836813477339113,上昇トレンド,uptrend,4.0
2009-05-28,9353.330078125,9492.66015625,9353.330078125,9451.3896484375,155700000,9433.198794142241,0.0019283866154240492,0.013078824349860518,0.0176417091919725,0.03301010401797644,0.009330175432752164,上昇トレンド,uptrend,4.0
2009-05-29,9478.2099609375,9522.5,9426.51953125,9522.5,175800000,9487.32428047912,0.00370765439031695,0.014894968550092758,0.02240832182050201,0.04150609364352187,0.013545372841162973,上昇トレンド,uptrend,4.0
2009-06-01,9517.490234375,9691.73046875,9491.259765625,9677.75,177600000,9566.239106570183,0.011656711920699392,0.018755847446813023,0.027366694906487687,0.052685200371194396,0.013918064038677791,上昇トレンド,uptrend,4.0
2009-06-02,9774.5498046875,9793.4697265625,9704.3095703125,9704.3095703125,184700000,9640.811769684417,0.006586354152017915,0.022008756528177686,0.03131410590901673,0.059875686235423276,0.016723021571163788,上昇トレンド,uptrend,4.0
2009-06-03,9723.8203125,9774.5498046875,9718.7001953125,9741.669921875,140600000,9694.794010098913,0.004835163256409425,0.0218680972091021,0.03244629133273946,0.06609545677417428,0.01723474191936525,上昇トレンド,uptrend,4.0
2009-06-04,9690.9296875,9743.4599609375,9654.4501953125,9668.9599609375,175900000,9713.270395537906,-0.004561845063096426,0.015369811200593997,0.029689992494336126,0.06537625158991545,0.012048283302363627,上昇トレンド,uptrend,4.0
2009-06-05,9752.509765625,9774.98046875,9719.1396484375,9768.009765625,156100000,9720.873342009207,0.004848990616109772,0.008304443052870703,0.024616957808708095,0.06352341628955349,0.002208635988206087,上昇トレンド,uptrend,4.0
2009-06-08,9829.2802734375,9914.0703125,9816.169921875,9865.6298828125,155800000,9735.746026347504,0.013340924887881744,0.00422412443275566,0.017719285279091723,0.06245765580993967,-0.009647409627395964,上昇トレンド,uptrend,4.0
2009-06-09,9824.169921875,9855.8896484375,9755.8095703125,9786.8203125,159000000,9749.435324427206,0.0038345798324468383,0.003723249473824408,0.011267054822536426,0.06141339341307228,-0.020047051086480305,上昇トレンド,uptrend,4.0
2009-06-10,9833.6396484375,9991.490234375,9813.76953125,9991.490234375,192800000,9789.544202661478,0.02062874711353957,0.007064268634743742,0.0097733064223815,0.06302550388110073,-0.022672984910357963,上昇トレンド,uptrend,4.0
2009-06-11,9992.98046875,10022.23046875,9958.98046875,9981.330078125,211200000,9837.612428968596,0.014608996867288893,0.010463132701429734,0.012801253168841065,0.07009012324072317,-0.01688873932549506,上昇トレンド,uptrend,4.0
2009-06-12,10088.2099609375,10170.8203125,10050.9599609375,10135.8203125,297200000,9902.89659947178,0.02352076593838648,0.01574052957303862,0.018724990138072384,0.0766512466300262,-0.005891967670635712,上昇トレンド,uptrend,4.0
2009-06-15,10126.5498046875,10126.5498046875,10029.58984375,10039.669921875,158200000,9959.333298374684,0.008066466006657835,0.01734392247465877,0.022965602371106897,0.0839674917743225,0.005246317092015174,上昇トレンド,uptrend,4.0
2009-06-16,9914.400390625,9941.5,9752.8798828125,9752.8798828125,174600000,9983.049052214505,-0.02305599904379385,0.014783731753615914,0.0239617700936976,0.08350669947188205,0.012694715271161172,上昇トレンド,uptrend,4.0
2009-06-17,9705.73046875,9845.51953125,9705.73046875,9840.849609375,179400000,10001.27367370325,-0.016040363413917902,0.009934171607599795,0.021628123501828522,0.08128640825728506,0.011854817079447022,上昇トレンド,uptrend,4.0
2009-06-18,9778.349609375,9778.349609375,9649.830078125,9703.7197265625,168700000,10006.950074399778,-0.030301974685875033,0.004781120843989184,0.017213286928496663,0.0795372810159154,0.004412033759655598,上昇トレンド,uptrend,4.0
2009-06-19,9757.849609375,9822.830078125,9703.8701171875,9786.259765625,174900000,10026.395164050798,-0.023950322573240812,0.004341971236400788,0.01247095365871087,0.08050168314355144,-0.006254036479361513,上昇トレンド,uptrend,4.0
2009-06-22,9788.0703125,9887.1298828125,9763.3701171875,9826.26953125,149900000,10045.256370680727,-0.021800024942109753,0.004397709573043862,0.008627391988183186,0.07881077632134614,-0.01433821038292371,上昇トレンド,uptrend,4.0
2009-06-23,9695.759765625,9712.08984375,9511.4501953125,9549.6103515625,185600000,10032.549891961393,-0.0481372677534202,0.002558203785497648,0.0049584890836440465,0.07321981478271877,-0.019003281010053552,上昇トレンド,uptrend,4.0
2009-06-24,9596.7802734375,9624.41015625,9534.240234375,9590.3203125,153100000,10020.712201583505,-0.04295022952714811,-0.0005668001683865054,0.0019436052361376799,0.06715492234909948,-0.019684518265690842,上昇トレンド,uptrend,4.0
2009-06-25,9628.1796875,9871.1396484375,9619.01953125,9796.080078125,161200000,10024.10010076348,-0.022747181327639865,-0.002106095567555255,0.0017138115246100316,0.06264060786974746,-0.015499475403886631,上昇トレンド,uptrend,4.0
2009-06-26,9852.919921875,9893.0,9793.9501953125,9877.3896484375,135800000,10032.635536692764,-0.015474088307850575,8.536686315396835e-06,0.0006223944438514817,0.05747787680617833,-0.011848559214859389,上昇トレンド,uptrend,4.0
2009-06-29,9866.2802734375,9943.830078125,9748.73046875,9783.4697265625,160200000,10022.239787935916,-0.02382402201759637,0.00015244289244931153,-0.002291288733256236,0.04766770684756838,-0.010918680721439422,下降トレンドへの転換期,transition_to_downtrend,2.0
2009-06-30,9896.5595703125,10000.2998046875,9894.9501953125,9958.4404296875,143300000,10023.276764912147,-0.0064685767683893,-8.213563741954477e-05,-0.0009243041050487344,0.03967145136371131,-0.005882793188692781,下降トレンドへの転換期,transition_to_downtrend,2.0
2009-07-01,9889.33984375,10086.1796875,9874.0,9939.9296875,158100000,10020.922717184936,-0.008082392407441796,-0.0011674718437633125,2.1008047850878953e-05,0.03363957055160749,-0.001922597188286801,上昇トレンド,uptrend,4.0
2009-07-02,9993.76953125,9993.76953125,9869.5400390625,9876.150390625,141700000,10015.29380855526,-0.013893093961097835,-0.0006930565948958245,-0.0008785119980545542,0.031093895332729327,-0.0025923235226645858,下降トレンドへの転換期,transition_to_downtrend,2.0
2009-07-03,9751.6904296875,9816.0703125,9691.16015625,9816.0703125,127100000,10002.786547679036,-0.01866642203040514,-0.0020442633395937326,-0.0029751892117041434,0.029000810498325036,-0.003597583655555625,下降トレンドへの転換期,transition_to_downtrend,2.0
2009-07-06,9738.490234375,9771.759765625,9650.75,9680.8701171875,109800000,9968.6701860025,-0.028870457487811585,-0.005214343295236401,-0.005345072864640366,0.02392463392375288,-0.0030537841313841296,下降トレンドへの転換期,transition_to_downtrend,2.0
2009-07-07,9713.6201171875,9734.4296875,9619.6796875,9647.7900390625,142800000,9932.206584389005,-0.028635786308909283,-0.008296034620100645,-0.009085869088434784,0.01874685598496817,-0.00816156498338605,下降トレンドへの転換期,transition_to_downtrend,2.0
2009-07-08,9548.8095703125,9557.3896484375,9407.98046875,9420.75,147900000,9869.725449057449,-0.04549016600054723,-0.013302403084114789,-0.015088158285883058,0.008190498427308901,-0.015109166333733937,下降トレンドへの転換期,transition_to_downtrend,2.0
2009-07-09,9342.330078125,9384.240234375,9291.0595703125,9291.0595703125,148400000,9789.236246695664,-0.0508902496403969,-0.017999786928329597,-0.022571236169476427,-0.004917471858362665,-0.021692724171421873,下降トレンド,downtrend,1.0
2009-07-10,9338.759765625,9370.150390625,9265.240234375,9287.2802734375,151400000,9705.916697962464,-0.043132085052084546,-0.022783445400965885,-0.02967871485625717,-0.019891139883236097,-0.026703525644553028,下降トレンド,downtrend,1.0
2009-07-13,9242.1298828125,9343.8603515625,9050.330078125,9050.330078125,168800000,9602.184703966474,-0.05747177781463764,-0.02710721250270698,-0.036763728280490904,-0.03586069305126027,-0.03141865541585054,下降トレンド,downtrend,1.0
2009-07-14,9173.1396484375,9284.3798828125,9166.6298828125,9261.8095703125,168000000,9541.000344534408,-0.029262211942151728,-0.02535804590935753,-0.039387646292967426,-0.044279929445206756,-0.030301777204532643,下降トレンド,downtrend,1.0
2009-07-15,9307.4501953125,9333.6396484375,9250.73046875,9269.25,169600000,9492.044851697969,-0.023471744516474158,-0.022035203156997363,-0.038266575834239425,-0.0509163971129214,-0.023178417548356367,下降トレンド,downtrend,1.0
2009-07-16,9393.98046875,9489.669921875,9317.1103515625,9344.16015625,178400000,9454.79114971844,-0.011701051003303653,-0.015350001983105876,-0.03416457510565396,-0.055177543664767126,-0.011593338936177533,下降トレンド,downtrend,1.0
2009-07-17,9413.8603515625,9420.6103515625,9360.58984375,9395.3203125,122100000,9426.570457733458,-0.003315112890056482,-0.011993489431797566,-0.028781025937266502,-0.05982456271701575,0.0008976889189906689,下降トレンド,downtrend,1.0
2009-07-21,9512.51953125,9652.01953125,9508.919921875,9652.01953125,151300000,9418.351679951144,0.024809845633208427,-0.007763677152625603,-0.01914491646254135,-0.06240803296562358,0.017618811817949553,下降トレンド,downtrend,1.0
2009-07-22,9642.7900390625,9750.6298828125,9608.76953125,9723.16015625,153800000,9429.259733009018,0.031168981612853974,-0.002700368131366093,-0.011711624304615142,-0.060133282709689095,0.027676021988352284,下降トレンド,downtrend,1.0
2009-07-23,9712.099609375,9861.2900390625,9703.83984375,9792.9404296875,171800000,9457.962858467085,0.03541751815197003,0.003330203797275111,-0.003590584933317875,-0.05615861745111217,0.03467599090092155,下降トレンド,downtrend,1.0
2009-07-24,9909.400390625,9950.0400390625,9863.8701171875,9944.5498046875,205500000,9489.173580828414,0.04798902875790079,0.00751956428087408,0.003636508788562587,-0.05336404410948814,0.03780108389421655,上昇トレンドへの転換期,transition_to_uptrend,3.0
2009-07-27,10020.8701171875,10179.58984375,10015.1103515625,10088.66015625,161200000,9520.873366462953,0.05963599849852663,0.00971588820840541,0.010003946732518143,-0.05100974398582736,0.038784972669784645,上昇トレンドへの転換期,transition_to_uptrend,3.0
2009-07-28,10116.8896484375,10116.8896484375,10049.6298828125,10087.259765625,138500000,9553.614772363306,0.05585791409607821,0.010113373812902005,0.01436165233669251,-0.046758511619000465,0.03350656879923386,上昇トレンドへの転換期,transition_to_uptrend,3.0
2009-07-29,10035.91015625,10161.9501953125,10035.91015625,10113.240234375,146700000,9584.665001957974,0.05514801323875673,0.010063196791181728,0.016481173851318198,-0.04375931875787309,0.02819279815593334,上昇トレンドへの転換期,transition_to_uptrend,3.0
2009-07-30,10155.7099609375,10169.6796875,10067.509765625,10165.2099609375,147400000,9613.556165508457,0.05738290658853873,0.009734695072405541,0.01645103806916315,-0.04065160097262144,0.020041623002481024,上昇トレンドへの転換期,transition_to_uptrend,3.0
2009-07-31,10275.1396484375,10359.0703125,10259.5703125,10356.830078125,182700000,9664.827145512949,0.07160013543887578,0.01164086848795276,0.01851094441347545,-0.03499314845291257,0.014874435624912863,上昇トレンドへの転換期,transition_to_uptrend,3.0
2009-08-03,10355.23046875,10380.5703125,10322.0,10352.4697265625,162000000,9721.49180726932,0.06490546222765547,0.014275595994580392,0.021071432534019552,-0.028121637812513867,0.011067485801501409,上昇トレンドへの転換期,transition_to_uptrend,3.0
2009-08-04,10438.400390625,10479.1904296875,10358.48046875,10375.009765625,175400000,9789.148541305445,0.05984802680718393,0.018265080348412566,0.024653890129994638,-0.018008585031645485,0.010292237793302128,上昇トレンドへの転換期,transition_to_uptrend,3.0
2009-08-05,10405.0498046875,10406.099609375,10252.5302734375,10252.5302734375,134600000,9851.474966794261,0.04071017872907867,0.019312070301015893,0.027837171646769354,-0.008128266051335875,0.011355997795451156,上昇トレンドへの転換期,transition_to_uptrend,3.0
2009-08-06,10266.009765625,10426.1396484375,10266.009765625,10388.08984375,146500000,9938.306561884909,0.04525753749538031,0.022302621749211715,0.03378046487538011,0.006948634304109191,0.017329426806216963,上昇トレンド,uptrend,4.0
2009-08-07,10365.7099609375,10412.08984375,10249.0400390625,10412.08984375,140500000,10041.56717717678,0.036898888394171436,0.025785555792339876,0.03898052453413392,0.025776365399934997,0.02046958012065847,上昇トレンド,uptrend,4.0
2009-08-10,10530.6201171875,10585.3701171875,10487.7001953125,10524.259765625,147800000,10158.309300500554,0.03602474135202938,0.031146029882887616,0.044933175061115715,0.04660998199511224,0.023861742527096164,上昇トレンド,uptrend,4.0
2009-08-11,10514.740234375,10587.3603515625,10512.2099609375,10585.4599609375,135300000,10287.756241792615,0.028937672330872743,0.03516189380270318,0.05093473639543711,0.07139745370060879,0.02628084626544247,上昇トレンド,uptrend,4.0
2009-08-12,10486.3603515625,10526.349609375,10434.08984375,10435.0,124100000,10396.604885933508,0.0036930434971556014,0.03535680262774954,0.05533485300187846,0.08967660732653004,0.027497681355109105,上昇トレンド,uptrend,4.0
2009-08-13,10508.08984375,10556.2802734375,10489.1201171875,10517.1904296875,125900000,10498.434405901316,0.0017865543623951652,0.033482452181683664,0.056360491652027944,0.10602452579259802,0.022580026776647832,上昇トレンド,uptrend,4.0
2009-08-14,10551.330078125,10630.3798828125,10539.4296875,10597.330078125,142600000,10599.277131063314,-0.00018369676669816037,0.03028074168448791,0.05554013074315134,0.12104825619325887,0.01655960620901742,上昇トレンド,uptrend,4.0
2009-08-17,10521.01953125,10521.01953125,10268.6103515625,10268.6103515625,134000000,10655.202770899286,-0.036282033073328224,0.024873301217367416,0.04891497745340834,0.13033714845443822,0.0039818023922926216,上昇トレンド,uptrend,4.0
2009-08-18,10208.1201171875,10325.0595703125,10181.099609375,10284.9599609375,126600000,10694.187364275494,-0.03826633940462276,0.018645919077623807,0.03950629398000394,0.13546273569718403,-0.011428442415433171,上昇トレンド,uptrend,4.0
2009-08-19,10269.9697265625,10327.169921875,10195.1103515625,10204.0,138100000,10706.64714340357,-0.04694720360829807,0.01012993726011624,0.02982149084933927,0.13547059329830535,-0.025513362152539187,上昇トレンド,uptrend,4.0
2009-08-20,10254.5302734375,10407.2998046875,10204.259765625,10383.41015625,137000000,10729.996260175467,-0.03230067332006681,0.007019433687404986,0.022056798692192237,0.13449338094721064,-0.03430369295983571,上昇トレンド,uptrend,4.0
2009-08-21,10375.2197265625,10375.2197265625,10142.2197265625,10238.2001953125,154300000,10726.792970039194,-0.04554882117063075,0.0030489091553249636,0.012030616559894458,0.13042435978947853,-0.04350951418325688,上昇トレンド,uptrend,4.0
2009-08-24,10389.5703125,10591.0,10388.7802734375,10581.0498046875,122500000,10744.435294799348,-0.015206521853310617,0.0035294103643883634,0.008374549580958401,0.12851362277817535,-0.040540427872449936,上昇トレンド,uptrend,4.0
2009-08-25,10515.5703125,10566.3095703125,10469.6904296875,10497.3603515625,127000000,10746.035132726503,-0.023141072785689776,0.0014947696310543268,0.004848219568717171,0.12481352752600317,-0.034658074411286766,上昇トレンド,uptrend,4.0
2009-08-26,10554.4404296875,10668.740234375,10526.509765625,10639.7099609375,132100000,10760.820857321594,-0.011254800910628582,0.003172233059540064,0.0050598206135337165,0.12271225495344429,-0.024761670235805555,上昇トレンド,uptrend,4.0
2009-08-27,10570.7802734375,10575.7900390625,10400.830078125,10473.9697265625,138700000,10754.221438822755,-0.02605969328923674,0.0009108104572181919,0.0022577061594326597,0.1186517510977656,-0.019799092532759577,上昇トレンド,uptrend,4.0
2009-08-28,10546.8798828125,10560.4404296875,10471.6298828125,10534.1396484375,130200000,10742.348867438282,-0.01938209432314164,-0.000343034918711016,0.0014501908858068902,0.11148898016511244,-0.010580425674087568,上昇トレンド,uptrend,4.0
2009-08-31,10608.16015625,10767.0,10423.900390625,10492.5302734375,152400000,10718.57823616307,-0.021089360710445204,-0.0039255946845154766,-0.0024065535253205983,0.10256516681402439,-0.010781103106279,下降トレンドへの転換期,transition_to_downtrend,2.0
2009-09-02,10378.080078125,10378.080078125,10215.599609375,10280.4599609375,138100000,10674.154223238891,-0.03688294679537907,-0.007445189411371178,-0.006689063324267663,0.09040680894759667,-0.011537282892984835,下降トレンドへの転換期,transition_to_downtrend,2.0
2009-09-03,10240.01953125,10290.830078125,10185.3798828125,10214.6396484375,117500000,10630.357246720612,-0.039106644173351524,-0.010425245176791331,-0.012123945963863458,0.07906250409727278,-0.017183766577397175,下降トレンドへの転換期,transition_to_downtrend,2.0
2009-09-04,10256.490234375,10256.490234375,10143.259765625,10187.1103515625,131300000,10585.355847696443,-0.03762230593510074,-0.012429110049050451,-0.015702260929527423,0.0651065935411046,-0.017959967088960083,下降トレンドへの転換期,transition_to_downtrend,2.0
2009-09-07,10288.5595703125,10326.4501953125,10274.3798828125,10320.9404296875,97100000,10549.283798135737,-0.02164539060827897,-0.011698390569558792,-0.01797233283753752,0.05056149224524775,-0.01942252372334441,下降トレンドへの転換期,transition_to_downtrend,2.0
2009-09-08,10353.509765625,10393.23046875,10300.5,10393.23046875,118000000,10516.980103269212,-0.011766651006665296,-0.01066541234880658,-0.018808290470250233,0.03530811990052163,-0.016401736944929635,下降トレンドへの転換期,transition_to_downtrend,2.0
2009-09-09,10343.7998046875,10390.25,10249.1103515625,10312.1396484375,140800000,10472.082783287922,-0.015273287860717688,-0.010700921729822732,-0.018930908784420164,0.017917079017337745,-0.0122418454601525,下降トレンドへの転換期,transition_to_downtrend,2.0
2009-09-10,10385.349609375,10521.1396484375,10382.990234375,10513.669921875,133400000,10454.966090648411,0.005614923158774987,-0.00894067401087395,-0.016499083897326905,0.005613486840676751,-0.004375137933463447,下降トレンドへの転換期,transition_to_downtrend,2.0
2009-09-11,10519.330078125,10522.23046875,10407.9697265625,10444.330078125,189300000,10436.7716345005,0.0007242128015443328,-0.0076265684617754514,-0.01403677073626941,-0.005873520661914711,0.0016654901932580124,下降トレンド,downtrend,1.0
2009-09-14,10388.3203125,10388.3203125,10170.740234375,10202.0595703125,121800000,10390.821364756848,-0.01816620532853952,-0.007759814376253504,-0.015021155597965019,-0.0196669795240606,0.0029511772395725,下降トレンド,downtrend,1.0
2009-09-15,10255.73046875,10292.4697265625,10183.2998046875,10217.6201171875,101300000,10361.876460874899,-0.013921835898361823,-0.008903867211657257,-0.014747925818182295,-0.027528928011158915,0.004060364652067938,下降トレンド,downtrend,1.0
2009-09-16,10288.7197265625,10394.5595703125,10247.240234375,10270.76953125,136800000,10354.768478527392,-0.008112102887822159,-0.007857138092591032,-0.01120257614347242,-0.03173863279055211,0.007728332640947744,下降トレンド,downtrend,1.0
2009-09-17,10373.25,10443.7998046875,10340.1396484375,10443.7998046875,144700000,10368.63927203319,0.00724883282004396,-0.0021347776027499377,-0.008257015648519217,-0.031569908566439375,0.008242068248807688,下降トレンド,downtrend,1.0
2009-09-18,10379.2099609375,10399.419921875,10292.5,10370.5400390625,174500000,10371.459129294317,-8.861725436692947e-05,0.0009248004891393435,-0.00625792222858268,-0.0334144693238958,0.007778848507686731,下降トレンド,downtrend,1.0
2009-09-24,10405.5302734375,10566.98046875,10386.8798828125,10544.2197265625,168400000,10390.599872281353,0.014784502932400745,0.0034603761376474917,-2.1316166231688527e-05,-0.03134143622393537,0.01499983943173333,下降トレンド,downtrend,1.0
2009-09-25,10395.4501953125,10395.4501953125,10228.599609375,10265.98046875,141600000,10373.872958268876,-0.010400405899792298,0.0005047611454478407,0.0011577533701809806,-0.034488768033238304,0.015905679188363275,上昇トレンドへの転換期,transition_to_uptrend,3.0
2009-09-28,10136.240234375,10151.599609375,9971.0498046875,10009.51953125,159300000,10322.554578216203,-0.030325346753487192,-0.004715300949312162,-0.0031110208188614985,-0.03940807463216012,0.008091555324610922,下降トレンド,downtrend,1.0
2009-09-29,10089.1103515625,10125.8798828125,10059.8701171875,10100.2001953125,135700000,10279.22166778024,-0.01741585873460394,-0.010719131317743491,-0.008623851395248239,-0.04475487473743012,-0.00036683574672902175,下降トレンド,downtrend,1.0
2009-09-30,10105.169921875,10138.0400390625,10063.6904296875,10133.23046875,121100000,10242.643937901657,-0.010682150996852102,-0.012649954447592981,-0.012420160923048873,-0.04756992440887464,-0.006162238694466193,下降トレンド,downtrend,1.0
2009-10-01,10072.6396484375,10077.2197265625,9965.0595703125,9978.6396484375,134900000,10198.108077228444,-0.021520504306185906,-0.012055785226883553,-0.01852557094094376,-0.050663108871795814,-0.01850425477471207,下降トレンド,downtrend,1.0
2009-10-02,9848.0703125,9852.169921875,9714.1796875,9731.8701171875,165200000,10131.487802432635,-0.03944313935305577,-0.014372086732079237,-0.023364962807168155,-0.054773163081430765,-0.024522716177349135,下降トレンド,downtrend,1.0
2009-10-05,9733.0703125,9751.5595703125,9669.3095703125,9674.490234375,145000000,10073.771023295898,-0.03963568240706972,-0.01648723861042023,-0.02410096774351911,-0.05624644233038045,-0.02098994692465761,下降トレンド,downtrend,1.0
2009-10-06,9744.419921875,9744.419921875,9628.669921875,9691.7998046875,154700000,10032.013834806356,-0.033912835022064436,-0.01628677016994584,-0.024049275418268956,-0.05628629386833084,-0.015425424023020717,下降トレンド,downtrend,1.0
2009-10-07,9750.240234375,9821.740234375,9735.6796875,9799.599609375,175600000,10005.713856756234,-0.020599654390681787,-0.012414163460395367,-0.02313173069198393,-0.05475885735729413,-0.010711569768935059,下降トレンド,downtrend,1.0
2009-10-08,9806.0302734375,9863.33984375,9746.150390625,9832.4697265625,139200000,9977.815920390138,-0.014566934786862107,-0.009525241608515977,-0.02160127693980818,-0.05417124884312896,-0.0030757059988644198,下降トレンド,downtrend,1.0
2009-10-09,9893.6298828125,10016.3896484375,9857.3896484375,10016.3896484375,154900000,9957.963340612354,0.005867294930365974,-0.007381418667613993,-0.01712724381690689,-0.053153733977597595,0.006237718990261265,下降トレンド,downtrend,1.0
2009-10-13,10066.849609375,10116.7197265625,10039.6201171875,10076.5595703125,132500000,9944.587647378225,0.013270728522269959,-0.006109130268275198,-0.012823735582130347,-0.05037155901321855,0.011277232161388762,下降トレンド,downtrend,1.0
2009-10-14,10096.009765625,10096.009765625,10016.240234375,10060.2099609375,162100000,9923.857054579255,0.01373991036028932,-0.005407883472836494,-0.010781163384349313,-0.050799689971659845,0.013268112033919643,下降トレンド,downtrend,1.0
2009-10-15,10194.91015625,10272.6201171875,10184.8095703125,10238.650390625,148400000,9914.452636655746,0.032699511092587175,-0.004369438053578145,-0.009120910452467657,-0.05004603110392303,0.014010820239516275,下降トレンド,downtrend,1.0
2009-10-16,10276.400390625,10290.3095703125,10216.1396484375,10257.5595703125,152400000,9921.893919375225,0.033830804246132384,-0.002282017998904373,-0.005604633464988407,-0.04512900654534513,0.01599664347481977,下降トレンド,downtrend,1.0
2009-10-19,10179.4599609375,10264.4404296875,10125.330078125,10236.509765625,139600000,9937.192022995487,0.030120957906103474,0.0013437283853336979,-0.0020859001892640228,-0.0409852828764139,0.015041343627642867,下降トレンド,downtrend,1.0
2009-10-20,10329.2998046875,10357.58984375,10307.58984375,10336.83984375,139200000,9958.485353690625,0.037993176333703804,0.004441265559339325,0.0013975145883564632,-0.038270592496446154,0.01422125017048681,上昇トレンドへの転換期,transition_to_uptrend,3.0
2009-10-21,10292.3896484375,10350.4501953125,10292.3896484375,10333.3896484375,133400000,9968.60072996592,0.03659379368811644,0.004707449098955374,0.004508698093955044,-0.0385815854493341,0.015289861478304356,上昇トレンドへの転換期,transition_to_uptrend,3.0
2009-10-22,10251.08984375,10274.6103515625,10159.66015625,10267.169921875,154400000,9968.669001991246,0.02994390924446666,0.0031675929098400335,0.005468417402595849,-0.03883639922615956,0.014589327855063505,上昇トレンドへの転換期,transition_to_uptrend,3.0
2009-10-23,10335.33984375,10364.169921875,10271.7099609375,10282.990234375,146800000,9965.59226793602,0.03184938314807417,0.0007136541344372471,0.004404234606405266,-0.04090308640207696,0.010008868071393673,上昇トレンドへの転換期,transition_to_uptrend,3.0
2009-10-26,10271.83984375,10397.6904296875,10250.83984375,10362.6201171875,127600000,9976.383740765135,0.03871506815081105,0.0007807525860494824,0.003943942884363727,-0.0383163760634746,0.00602984307362775,上昇トレンドへの転換期,transition_to_uptrend,3.0
2009-10-27,10283.4599609375,10290.919921875,10201.9296875,10212.4599609375,143300000,9998.033697153805,0.02144684347730652,0.002945698684216902,0.003971321145592066,-0.03143803974136761,0.002573806557235603,上昇トレンドへの転換期,transition_to_uptrend,3.0
2009-10-28,10182.1396484375,10209.2001953125,10060.3896484375,10075.0498046875,134900000,10013.241468971355,0.0061726600629450346,0.004781371719234873,0.004478134917295318,-0.025875519315104234,-3.0563176659725855e-05,上昇トレンドへの転換期,transition_to_uptrend,3.0
2009-10-29,9941.5703125,9945.41015625,9850.1201171875,9891.099609375,203800000,10003.954828401234,-0.011281060436802326,0.002763635436700218,0.0035396727891094937,-0.02330346646310555,-0.001928744613486355,上昇トレンドへの転換期,transition_to_uptrend,3.0
2009-10-30,10006.83984375,10049.58984375,9984.330078125,10034.740234375,145600000,10013.77100531559,0.0020940392034407562,0.0015740403201744968,0.004834508184183406,-0.018075614664690987,0.0004302735777781397,上昇トレンドへの転換期,transition_to_uptrend,3.0
2009-11-02,9903.76953125,9904.6103515625,9736.1396484375,9802.9501953125,128500000,10019.546273099066,-0.02161735390833941,0.0006296466680892898,0.004326470738847066,-0.011048873720865715,0.0003825278544833388,上昇トレンドへの転換期,transition_to_uptrend,3.0
2009-11-04,9785.2802734375,9845.0,9767.91015625,9844.3095703125,119300000,10041.746766187583,-0.01966163860453951,0.0037776997632035236,0.004372166603741512,-0.0031789740936395416,0.00040084545814944583,上昇トレンドへの転換期,transition_to_uptrend,3.0
2009-11-05,9803.5,9825.8203125,9691.6904296875,9717.4404296875,147100000,10051.920543370694,-0.033275244490843625,0.0038097074553484767,0.0038627925351841785,0.0019843182926315706,-0.0006153423821111392,上昇トレンド,uptrend,4.0
2009-11-06,9812.73046875,9849.7197265625,9767.0,9789.349609375,141500000,10061.518732047085,-0.02705050101484141,0.004189057847929556,0.00575411471095677,0.005577300739334046,0.0022144419218472766,上昇トレンド,uptrend,4.0
2009-11-09,9777.6396484375,9845.900390625,9731.58984375,9808.990234375,117600000,10065.275400248333,-0.025462310337480587,0.0023430817972800444,0.0051433565742018406,0.008765393203884253,0.00030884839001843467,上昇トレンド,uptrend,4.0
2009-11-10,9904.6796875,9979.4599609375,9857.099609375,9870.73046875,130400000,10063.362505187106,-0.01914191567061352,0.0011382861381608045,0.004373075476050259,0.01058440978035069,4.6604737203193025e-05,上昇トレンド,uptrend,4.0
2009-11-11,9890.1796875,9949.7099609375,9849.990234375,9871.6796875,122700000,10049.297160746783,-0.017674616483684846,-0.0012146845447273957,0.0007519005144227542,0.010529296646720532,-0.0036202660893187577,上昇トレンド,uptrend,4.0
2009-11-12,9921.4501953125,9943.5703125,9788.490234375,9804.490234375,123600000,10026.70790300132,-0.022162575271570617,-0.0038317379021801656,-0.0025082411127893556,0.010363999386166611,-0.006371033647973534,下降トレンドへの転換期,transition_to_downtrend,2.0
2009-11-13,9793.1904296875,9805.2001953125,9719.3798828125,9770.3095703125,122900000,9992.739767538767,-0.02225918040504049,-0.007017807180446534,-0.006835843210155623,0.007896263540921877,-0.012589957921112394,下降トレンドへの転換期,transition_to_downtrend,2.0
2009-11-16,9784.1396484375,9802.5302734375,9725.8095703125,9791.1796875,140800000,9952.06839615449,-0.016166358816088633,-0.00967518056606742,-0.01124728331735958,0.0030412013093932266,-0.01639063989156142,下降トレンドへの転換期,transition_to_downtrend,2.0
2009-11-17,9834.580078125,9847.6396484375,9715.2802734375,9729.9296875,138700000,9907.033627271372,-0.017876586113915405,-0.011935550221237046,-0.015534457576695138,-0.0030349011727182074,-0.019907533052745396,下降トレンド,downtrend,1.0
2009-11-18,9723.23046875,9788.8095703125,9631.830078125,9676.7998046875,170600000,9854.555371707813,-0.01803790839012831,-0.013828479380584291,-0.01937864767295805,-0.010436324229195715,-0.020130548187380803,下降トレンド,downtrend,1.0
2009-11-19,9691.8603515625,9691.8603515625,9496.0703125,9549.4697265625,203000000,9787.427784477919,-0.0243126246400307,-0.016543356126871855,-0.023864275377143085,-0.01817436071477807,-0.02135603426435373,下降トレンド,downtrend,1.0
2009-11-20,9460.2099609375,9513.599609375,9423.66015625,9497.6796875,163200000,9720.483127864685,-0.022921025368173087,-0.018830106611646524,-0.027245444793679408,-0.0248965909166996,-0.020409601583523784,下降トレンド,downtrend,1.0
2009-11-24,9511.0,9511.0,9397.7900390625,9401.580078125,136500000,9648.689632340855,-0.025610685350224482,-0.020890413783456352,-0.03048399103957733,-0.03179967904314018,-0.01923670772221775,下降トレンド,downtrend,1.0
2009-11-25,9381.900390625,9453.7001953125,9366.330078125,9441.6396484375,145200000,9577.55881170669,-0.014191420375623931,-0.02144270970806683,-0.03325665663006594,-0.03997690339724813,-0.017722199053370802,下降トレンド,downtrend,1.0
2009-11-26,9354.7998046875,9457.240234375,9324.990234375,9383.240234375,146600000,9506.735326344891,-0.012990273498796556,-0.02198942158616224,-0.035295356537495826,-0.04913949939464346,-0.015916708864537776,下降トレンド,downtrend,1.0
2009-11-27,9257.2001953125,9257.2001953125,9076.41015625,9081.51953125,176400000,9424.422214255295,-0.03638447803056022,-0.023243303145937144,-0.03708896537641093,-0.058804060257676816,-0.013224689999267847,下降トレンド,downtrend,1.0
2009-11-30,9189.169921875,9353.740234375,9162.1796875,9345.5498046875,185700000,9382.959149595363,-0.003986945302802081,-0.020318294665386816,-0.03472296323438673,-0.06207501827605866,-0.00747751844070732,下降トレンド,downtrend,1.0
2009-12-01,9281.8203125,9572.2001953125,9233.2001953125,9572.2001953125,212800000,9364.257752767018,0.022205971688897375,-0.01498701380515366,-0.0294788090830973,-0.06486200375500817,0.001005181956480028,下降トレンド,downtrend,1.0
2009-12-02,9551.7900390625,9643.3203125,9514.150390625,9608.9404296875,167300000,9354.114371329399,0.02724213626670524,-0.007460175417390524,-0.02332999930046631,-0.06641337677697534,0.00992665732959963,下降トレンド,downtrend,1.0
2009-12-03,9707.01953125,9977.669921875,9707.01953125,9977.669921875,192000000,9386.86998986109,0.06293897035455287,0.00041680243976083275,-0.012608464669425778,-0.06521542432553507,0.022686891868070047,下降トレンド,downtrend,1.0
2009-12-04,10019.240234375,10022.58984375,9902.830078125,10022.58984375,180000000,9428.319550146009,0.06303035132011292,0.006841097187874956,0.00041353579053549083,-0.062037994683111,0.03750250116694642,上昇トレンドへの転換期,transition_to_uptrend,3.0
2009-12-07,10131.900390625,10204.580078125,10106.3095703125,10167.599609375,164300000,9485.638871734891,0.07189402283405522,0.01406060426293454,0.010943213170011123,-0.05723587816598219,0.04566617640439785,上昇トレンドへの転換期,transition_to_uptrend,3.0
2009-12-08,10079.8095703125,10149.3203125,10079.8095703125,10140.4697265625,150000000,9535.907429398,0.06339850734086516,0.015877224218284303,0.01833030242896294,-0.052593490967695944,0.04780911151206024,上昇トレンドへの転換期,transition_to_uptrend,3.0
2009-12-09,10048.9404296875,10048.9404296875,9985.9697265625,10004.7197265625,149000000,9569.39385202598,0.045491478485270465,0.014962825679554648,0.023014416132907112,-0.04908584510460723,0.04634441543337342,上昇トレンドへの転換期,transition_to_uptrend,3.0
2009-12-10,9964.0498046875,10035.919921875,9834.2197265625,9862.8203125,162000000,9586.28410164424,0.028847070243654516,0.01061027425461547,0.02124394095140758,-0.046074173317423806,0.03385240562083336,上昇トレンドへの転換期,transition_to_uptrend,3.0
2009-12-11,9958.0,10107.8701171875,9916.2099609375,10107.8701171875,222000000,9629.081684845674,0.04972316655027931,0.00977088506128232,0.02129352252348693,-0.039656707066994756,0.02087998673295144,上昇トレンドへの転換期,transition_to_uptrend,3.0
2009-12-14,10126.6103515625,10126.6103515625,10009.599609375,10105.6796875,161300000,9675.717288981994,0.044437263478916966,0.011110780745376525,0.020038546672221935,-0.031725281147280016,0.009095333502210812,上昇トレンドへの転換期,transition_to_uptrend,3.0
2009-12-15,10053.4501953125,10111.759765625,10033.900390625,10083.48046875,159900000,9719.346444873683,0.037464867204972885,0.013880492359559904,0.019236660677951267,-0.023384279731309965,0.000906358248988326,上昇トレンドへの転換期,transition_to_uptrend,3.0
2009-12-16,10179.330078125,10222.2197265625,10117.1201171875,10177.41015625,225200000,9772.395673675903,0.04144474866742165,0.014883453430016846,0.021213655200004622,-0.013590137942486424,-0.0018007609329024898,上昇トレンドへの転換期,transition_to_uptrend,3.0
2009-12-17,10199.919921875,10260.1201171875,10163.7998046875,10163.7998046875,148200000,9827.767518075923,0.03419212817087125,0.015714620896072784,0.025190513224020217,-0.002718321894947917,0.003946572272612636,上昇トレンドへの転換期,transition_to_uptrend,3.0
2009-12-18,10110.6396484375,10157.25,10027.849609375,10142.0498046875,151800000,9887.306983997423,0.02576463147168151,0.017281052802920582,0.026817230095591116,0.010204846637837273,0.005523707572104186,上昇トレンド,uptrend,4.0
2009-12-21,10196.7099609375,10215.490234375,10183.4697265625,10183.4697265625,120400000,9956.412510069758,0.02280512345818342,0.018830268701618857,0.029010275176952538,0.024271363789394318,0.008971728504730603,上昇トレンド,uptrend,4.0
2009-12-22,10256.0,10378.0302734375,10235.2197265625,10378.0302734375,171900000,10048.364120082164,0.03280794260793973,0.0224462576674207,0.033851831198178584,0.04142267012109757,0.014615170520227316,上昇トレンド,uptrend,4.0
2009-12-24,10413.3701171875,10558.41015625,10413.3701171875,10536.919921875,144200000,10154.368226421017,0.03767360872915848,0.027010513869533126,0.03908688979653574,0.06022509765320261,0.017873234596531118,上昇トレンド,uptrend,4.0
2009-12-25,10546.9697265625,10546.9697265625,10476.650390625,10494.7099609375,82900000,10252.044976841062,0.023669910212509526,0.02969266957072203,0.043171295819195654,0.07839806462590593,0.017980782595175437,上昇トレンド,uptrend,4.0
2009-12-28,10521.8095703125,10652.990234375,10513.5498046875,10634.23046875,106200000,10376.225434417895,0.02486501820558984,0.03262832739913191,0.04944910188505158,0.10099327030604699,0.022631871789460467,上昇トレンド,uptrend,4.0
2009-12-29,10611.849609375,10683.1201171875,10597.41015625,10638.0595703125,122400000,10495.98118960641,0.013536455347955778,0.03364197117616219,0.054193081995240755,0.1186216440107859,0.025182806818288217,上昇トレンド,uptrend,4.0
2009-12-30,10707.509765625,10707.509765625,10546.4404296875,10546.4404296875,141500000,10577.377652004046,-0.0029248480421500966,0.03173344204964934,0.05264673190580571,0.12954789704272796,0.018794900707627127,上昇トレンド,uptrend,4.0
2010-01-04,10609.33984375,10694.490234375,10608.1396484375,10654.7900390625,104400000,10652.959177265595,0.00017186415215153517,0.026669981738231652,0.04910112965445523,0.1388527822491874,0.010014239857919494,上昇トレンド,uptrend,4.0
2010-01-05,10719.4404296875,10791.0400390625,10655.5703125,10681.830078125,166200000,10708.186986953733,-0.0024613792102103904,0.02021781418181834,0.04449278277095714,0.14076225605764425,0.0013214869517614858,上昇トレンド,uptrend,4.0
2010-01-06,10709.5498046875,10768.6103515625,10661.169921875,10731.4501953125,181800000,10746.808347092641,-0.0014290895756315924,0.016018213650194735,0.03571461655464092,0.1398434567193063,-0.013734485330410662,上昇トレンド,uptrend,4.0
2010-01-07,10742.75,10774.0,10636.669921875,10681.66015625,182600000,10769.921795676948,-0.00819519780193545,0.010979354793826834,0.026099570980729903,0.1353923485079045,-0.028093511014510852,上昇トレンド,uptrend,4.0
2010-01-08,10743.2998046875,10816.4501953125,10677.5595703125,10798.3203125,211800000,10798.918473918451,-5.539086343653299e-05,0.008473095125744567,0.020944777543461468,0.1324479137273027,-0.03170195436234424,上昇トレンド,uptrend,4.0
2010-01-12,10770.349609375,10905.3896484375,10763.6796875,10879.1396484375,192800000,10843.030748205974,0.0033301482832648333,0.008953579333101702,0.017842138299563715,0.13309483504123376,-0.03125899135489152,上昇トレンド,uptrend,4.0
2010-01-13,10795.48046875,10866.6201171875,10729.8603515625,10735.0302734375,250000000,10883.405773293205,-0.013633186425870858,0.010537121788740444,0.016363067487796812,0.13531016376058402,-0.028129715283160328,上昇トレンド,uptrend,4.0
2010-01-14,10778.0703125,10909.9404296875,10774.25,10907.6796875,267300000,10934.189127295806,-0.0024244541124341934,0.012526314899409696,0.017435946948272996,0.13553810063779181,-0.018278669606367925,上昇トレンド,uptrend,4.0
2010-01-15,10917.41015625,10982.099609375,10878.830078125,10982.099609375,252900000,10979.50889424184,0.00023595910874640857,0.012586715762882728,0.0194604104413294,0.1347488321867889,-0.0066391605394005015,上昇トレンド,uptrend,4.0
2010-01-18,10887.6103515625,10895.099609375,10781.0302734375,10855.080078125,186600000,11011.238772024499,-0.01418175530769894,0.011745679743466297,0.01966125576545874,0.1329196705229294,-0.0012835217780027275,上昇トレンド,uptrend,4.0
2010-01-19,10866.830078125,10866.830078125,10749.4697265625,10764.900390625,174700000,11028.947673626839,-0.023941294384163814,0.008666261871626224,0.017146213981881875,0.12858177686518935,-0.0006959243176818397,上昇トレンド,uptrend,4.0
2010-01-20,10834.91015625,10860.9296875,10724.5703125,10737.51953125,146400000,11039.675196409222,-0.027369977810352775,0.005479871891076682,0.014358503796622735,0.12331464659743663,-0.002004563691174077,上昇トレンド,uptrend,4.0
2010-01-21,10704.7900390625,10886.6396484375,10649.83984375,10868.41015625,176900000,11065.207652441268,-0.017785251065563945,0.0049012542125490555,0.011982463776704977,0.11913260813589321,-0.005453483171568019,上昇トレンド,uptrend,4.0
2010-01-22,10740.2099609375,10768.0703125,10528.330078125,10590.5498046875,187400000,11061.068855434569,-0.04253829868493153,0.0029124430324880546,0.0074283797188325895,0.11094923440019966,-0.012032030722496811,上昇トレンド,uptrend,4.0
2010-01-25,10478.3095703125,10557.6396484375,10414.580078125,10512.6904296875,139800000,11038.97647482777,-0.04767525742448697,-6.329186040532342e-05,0.002519035630554445,0.09858444050269011,-0.017142220134904296,上昇トレンド,uptrend,4.0
2010-01-26,10506.150390625,10566.490234375,10324.98046875,10325.2802734375,175400000,10984.143128004647,-0.05998309079634456,-0.007326073489342555,-0.004062449741178087,0.0817160539268813,-0.02120866372305996,下降トレンドへの転換期,transition_to_downtrend,2.0
2010-01-27,10344.0703125,10373.8203125,10252.080078125,10252.080078125,139500000,10920.637710320423,-0.06121965126300366,-0.012695983267941413,-0.010782698219918396,0.06521554821400843,-0.02514120201654113,下降トレンドへの転換期,transition_to_downtrend,2.0
2010-01-28,10309.73046875,10462.7001953125,10296.98046875,10414.2900390625,168000000,10872.694573642037,-0.04216107897400312,-0.015063162926826301,-0.017398053868131202,0.04784679577000661,-0.02938051764483618,下降トレンドへの転換期,transition_to_downtrend,2.0
2010-01-29,10308.0498046875,10324.3701171875,10198.0400390625,10198.0400390625,156800000,10801.578197534533,-0.05587499784149974,-0.016620771264774903,-0.023459817608181943,0.029115620770237216,-0.030888197327014533,下降トレンドへの転換期,transition_to_downtrend,2.0
2010-02-01,10212.3603515625,10224.830078125,10129.91015625,10205.01953125,161900000,10740.009268966187,-0.0498127817507632,-0.01654010014301044,-0.02708287371961704,0.015375419344257457,-0.029601909350171485,下降トレンドへの転換期,transition_to_downtrend,2.0
2010-02-02,10310.98046875,10396.48046875,10287.740234375,10371.08984375,142000000,10697.295838792841,-0.030494248262246115,-0.016132039179542756,-0.026114671474051887,0.004161910394049562,-0.0220522217328738,下降トレンドへの転換期,transition_to_downtrend,2.0
2010-02-03,10428.1201171875,10436.51953125,10356.0302734375,10404.330078125,154300000,10654.831741335449,-0.02351061652514197,-0.013585649570409863,-0.024339784546993704,-0.004982659126450573,-0.013557086327075307,下降トレンド,downtrend,1.0
2010-02-04,10434.51953125,10438.41015625,10279.5703125,10355.98046875,164500000,10606.705867533212,-0.023638385179575283,-0.012411851618989056,-0.024463917781121558,-0.013036659353596103,-0.0070658639129903555,下降トレンド,downtrend,1.0
2010-02-05,10162.33984375,10166.2998046875,10036.330078125,10057.08984375,172000000,10533.029810298542,-0.04518547608050982,-0.015355846091364755,-0.02486195834765026,-0.0219957015355019,-0.001402140739468316,下降トレンド,downtrend,1.0
2010-02-08,10007.4697265625,10063.5302734375,9942.0498046875,9951.8203125,137400000,10449.50771927368,-0.04762783282658545,-0.01927050816440512,-0.027048538080122975,-0.0323560878331165,3.433563949406526e-05,下降トレンド,downtrend,1.0
2010-02-09,9876.6103515625,9956.7900390625,9867.3896484375,9932.900390625,135000000,10359.059109770877,-0.04113874770189452,-0.023348130970650804,-0.03161890015188484,-0.04463435082623679,-0.005504228677832956,下降トレンド,downtrend,1.0
2010-02-10,10024.259765625,10049.8701171875,9963.990234375,9963.990234375,127000000,10278.925194360641,-0.030638899887940108,-0.02412455110394285,-0.03528038321961269,-0.05554149055214852,-0.010940598672618984,下降トレンド,downtrend,1.0
2010-02-12,10085.349609375,10099.4599609375,10014.5,10092.1904296875,136000000,10213.029792646423,-0.011831881959840085,-0.022630532746636844,-0.0371157718337245,-0.06595453272790941,-0.01265185405260294,下降トレンド,downtrend,1.0
2010-02-15,10097.8203125,10119.4697265625,10012.5302734375,10013.2998046875,97300000,10132.065097171846,-0.011721726158026469,-0.021912609069382083,-0.03806736716292758,-0.07718412592337653,-0.01320540881527732,下降トレンド,downtrend,1.0
2010-02-16,10044.5302734375,10062.26953125,10019.4296875,10034.25,87000000,10059.482361189805,-0.0025083160627780154,-0.021348811186137517,-0.03732475907592192,-0.08643499887158534,-0.010276220995798946,下降トレンド,downtrend,1.0
2010-02-17,10161.7197265625,10306.830078125,10150.240234375,10306.830078125,127100000,10024.988594087476,0.02811389573088885,-0.018411891708603467,-0.032249117621917844,-0.09102945351169789,-0.000630217470033001,下降トレンド,downtrend,1.0
2010-02-18,10324.98046875,10340.3798828125,10285.0498046875,10335.6904296875,111800000,10000.698603008395,0.033496842568411456,-0.012965421451952452,-0.027067673525330238,-0.09411296753900555,0.00821270969428245,下降トレンド,downtrend,1.0
2010-02-19,10334.400390625,10354.419921875,10123.580078125,10123.580078125,129500000,9954.333775658186,0.017002273208949426,-0.01045268352348716,-0.025329997291744233,-0.1003934053183353,0.011785774541980265,下降トレンド,downtrend,1.0
2010-02-22,10302.0703125,10449.75,10298.150390625,10400.4697265625,115400000,9942.96858393289,0.04601253023859475,-0.008181556456129946,-0.018663175909888086,-0.10108428815650383,0.019404191253039493,下降トレンド,downtrend,1.0
2010-02-23,10327.6396484375,10375.5498046875,10280.330078125,10352.099609375,121500000,9945.368346461324,0.04089655091139943,-0.005532639142872164,-0.011343925127672572,-0.09906789192460064,0.02598083394824935,下降トレンド,downtrend,1.0
2010-02-24,10205.150390625,10243.2001953125,10129.650390625,10198.830078125,125200000,9947.25622773191,0.025290778143597814,-0.0007110016687990051,-0.0077538608274736465,-0.09439852414424021,0.024495256794444198,下降トレンド,downtrend,1.0
2010-02-25,10256.099609375,10267.4296875,10087.2099609375,10101.9599609375,128200000,9952.654350026978,0.015001587080145873,0.0009741322234226857,-0.004804089682991175,-0.08863798854701166,0.022263583842339063,下降トレンド,downtrend,1.0
2010-02-26,10107.080078125,10171.2197265625,10085.1298828125,10126.0302734375,113200000,9955.879002703685,0.017090532205906506,0.0010568393121508368,0.00015523158860486497,-0.08432275593953753,0.025485228880349098,上昇トレンドへの転換期,transition_to_uptrend,3.0
2010-03-01,10128.73046875,10215.150390625,10116.8603515625,10172.0595703125,108400000,9966.15093249171,0.020660798658937107,0.0018994890980210677,0.0023315319125396528,-0.07734307429570886,0.02099470782242774,上昇トレンドへの転換期,transition_to_uptrend,3.0
2010-03-02,10199.1904296875,10238.9599609375,10150.2998046875,10221.83984375,104000000,9990.227393600762,0.02318390172956386,0.0037751781838664122,0.004510546575723362,-0.06981203242831069,0.015854471703395934,上昇トレンドへの転換期,transition_to_uptrend,3.0
2010-03-03,10193.9501953125,10274.08984375,10186.6796875,10253.1396484375,120600000,10008.255871807281,0.024468177049713935,0.005260898519294344,0.006132308515921281,-0.06441253727758134,0.013886169343394927,上昇トレンドへの転換期,transition_to_uptrend,3.0
2010-03-04,10255.6904296875,10263.48046875,10134.3701171875,10145.7197265625,126300000,10006.49771769206,0.0139131605081253,0.004048381915310095,0.0054099505289195715,-0.060848827966768826,0.010214040211910747,上昇トレンドへの転換期,transition_to_uptrend,3.0
2010-03-05,10254.6103515625,10376.41015625,10254.6103515625,10368.9599609375,129900000,10026.179050985273,0.0341885885150377,0.003598682589301072,0.007061159367494962,-0.05473205572004347,0.0069059277788900975,上昇トレンドへの転換期,transition_to_uptrend,3.0
2010-03-08,10538.1201171875,10586.9697265625,10514.2802734375,10585.919921875,140500000,10082.30639354875,0.049950230499689274,0.00739894370107641,0.011654997184354254,-0.042791430848235334,0.009323465271814602,上昇トレンドへの転換期,transition_to_uptrend,3.0
2010-03-09,10567.3203125,10593.26953125,10542.8095703125,10567.650390625,110100000,10154.21619341497,0.04071552046312976,0.014762255475433195,0.016414921638245206,-0.028258893508835592,0.011904375062521844,上昇トレンドへの転換期,transition_to_uptrend,3.0
2010-03-10,10555.849609375,10588.6904296875,10547.33984375,10563.919921875,104800000,10228.837688386488,0.03275858349663263,0.020212948160077016,0.02203998572823984,-0.012570776940693529,0.01590767721231856,上昇トレンドへの転換期,transition_to_uptrend,3.0
2010-03-11,10627.990234375,10664.9501953125,10588.8603515625,10664.9501953125,123800000,10309.109399241152,0.034517122894974994,0.022495151093357313,0.03024151807020914,0.0029365137219863335,0.024831567541289568,上昇トレンド,uptrend,4.0
2010-03-12,10777.490234375,10777.490234375,10699.2998046875,10751.259765625,206600000,10386.751906321995,0.035093536708154405,0.022900409886666084,0.03596313745277557,0.01700985086723783,0.02890197808528061,上昇トレンド,uptrend,4.0
2010-03-15,10802.1103515625,10808.83984375,10708.9697265625,10751.98046875,130700000,10458.674677788613,0.028044259908407865,0.022469511825676358,0.03732958209648185,0.03223524301160818,0.025674584912127596,上昇トレンド,uptrend,4.0
2010-03-16,10718.6298828125,10776.51953125,10716.2001953125,10721.7099609375,106600000,10526.336297106176,0.018560461904018277,0.02107135441602881,0.0366468564981437,0.046409339879905476,0.020231934859898493,上昇トレンド,uptrend,4.0
2010-03-17,10789.240234375,10864.2998046875,10761.8896484375,10846.98046875,137700000,10588.317394225756,0.0244291009509503,0.019406017369210105,0.03514374915220442,0.056192462949087085,0.013103763423964576,上昇トレンド,uptrend,4.0
2010-03-18,10841.7099609375,10845.73046875,10731.66015625,10744.0302734375,130200000,10622.994263587683,0.011393775318573773,0.01571132011095444,0.030447330820801755,0.06222521898541067,0.0002058127505926155,上昇トレンド,uptrend,4.0
2010-03-19,10785.8798828125,10826.759765625,10775.5703125,10824.7197265625,116300000,10672.465689379293,0.014266060122800184,0.013882265220168666,0.027507519736116537,0.07214263956842482,-0.008455617716659036,上昇トレンド,uptrend,4.0
2010-03-23,10793.0498046875,10817.7802734375,10766.650390625,10774.150390625,112500000,10710.116707055091,0.005978803529538279,0.011503179239390482,0.02404148106838755,0.07715483727484118,-0.013288101028094301,上昇トレンド,uptrend,4.0
2010-03-24,10829.3603515625,10880.6201171875,10769.1796875,10815.0302734375,125500000,10739.293541820536,0.007052301096159841,0.010947881110271451,0.020230898833519584,0.07982863657751804,-0.016415957664624115,上昇トレンド,uptrend,4.0
2010-03-25,10857.8095703125,10872.4501953125,10808.7099609375,10828.849609375,123600000,10777.934639486324,0.004724000617162938,0.009882341454795052,0.017908156527681518,0.0835082954270916,-0.0172355926245229,上昇トレンド,uptrend,4.0
2010-03-26,10895.2900390625,11001.58984375,10889.330078125,10996.3701171875,142200000,10843.35054390548,0.014111834959354308,0.012439998600820568,0.020743330444327857,0.08949333138210402,-0.009704000376473898,上昇トレンド,uptrend,4.0
2010-03-29,10909.98046875,10990.75,10901.2001953125,10986.4697265625,144700000,10908.518283339316,0.007145924056637609,0.015757530126147667,0.022117906098768847,0.09568610470024042,-0.00538961363734769,上昇トレンド,uptrend,4.0
2010-03-30,11022.2001953125,11108.8203125,11003.349609375,11097.1396484375,153500000,10978.357697751746,0.010819646613452916,0.018595683214773562,0.02504557121398654,0.10156446276164988,0.0010040901455989903,上昇トレンド,uptrend,4.0
2010-03-31,11138.7197265625,11147.6201171875,11085.5498046875,11089.9404296875,141700000,11040.24373895491,0.004501412460418575,0.01815796641934564,0.028023276946702813,0.10510434887865872,0.007792378113183229,上昇トレンド,uptrend,4.0
2010-04-01,11178.919921875,11272.73046875,11118.1796875,11244.400390625,166500000,11111.493772663973,0.011961183678831588,0.018607063219086672,0.030948335124951765,0.11023278331287001,0.013040178597270247,上昇トレンド,uptrend,4.0
2010-04-02,11274.1796875,11313.98046875,11235.98046875,11286.08984375,150100000,11187.506553797117,0.008811909023590525,0.019051014897082608,0.03173889919892603,0.11802419482062798,0.010995568754598173,上昇トレンド,uptrend,4.0
2010-04-05,11380.6298828125,11408.169921875,11306.6201171875,11339.2998046875,117900000,11259.559934383407,0.007081970411702443,0.019865158832920615,0.03218050718952736,0.12301604401099642,0.010062601090758516,上昇トレンド,uptrend,4.0
2010-04-06,11350.7001953125,11358.4501953125,11217.25,11282.3203125,138000000,11302.034384185394,-0.0017442940815132202,0.017148064465480006,0.029483160901191408,0.12097708034513777,0.004437589687204868,上昇トレンド,uptrend,4.0
2010-04-07,11296.3095703125,11350.5703125,11260.419921875,11292.830078125,167400000,11335.440442485688,-0.003759039146020493,0.013223133142063803,0.02673824151990334,0.11632845180475315,-0.0012850354267994746,上昇トレンド,uptrend,4.0
2010-04-08,11179.669921875,11232.3603515625,11159.4501953125,11168.2001953125,130200000,11356.691074555589,-0.016597341426799805,0.008626548527493672,0.0220669971930183,0.1102621256225067,-0.008881337931933464,上昇トレンド,uptrend,4.0
2010-04-09,11174.6201171875,11204.8701171875,11148.7998046875,11204.33984375,148400000,11376.949385915465,-0.015171865173203014,0.006628452823935538,0.016933427587941807,0.10358217624045363,-0.014805471610984222,上昇トレンド,uptrend,4.0
2010-04-12,11300.7900390625,11351.5498046875,11248.5703125,11251.900390625,132500000,11393.440148488467,-0.012422916697574005,0.0051166698194977656,0.01189035938218419,0.09692040892531018,-0.020290147807343173,上昇トレンド,uptrend,4.0
2010-04-13,11202.919921875,11212.650390625,11088.48046875,11161.23046875,144600000,11396.935196064263,-0.020681413315016495,0.003543648519139575,0.00839679022846207,0.08971122510084961,-0.021086370672729338,上昇トレンド,uptrend,4.0
2010-04-14,11213.4599609375,11270.2001953125,11161.009765625,11204.900390625,139400000,11407.064320571739,-0.01772269571428231,0.002647013152186073,0.006318579189706908,0.08366899922318516,-0.02041966233019643,上昇トレンド,uptrend,4.0
2010-04-15,11310.0703125,11316.66015625,11255.7998046875,11273.7900390625,156800000,11420.115282978944,-0.012812939299705173,0.0023412713054902223,0.005584743655258517,0.07855808036192813,-0.016482253537759783,上昇トレンド,uptrend,4.0
2010-04-16,11230.5302734375,11230.5302734375,11084.7197265625,11102.1796875,136800000,11415.097584923877,-0.0274126344602742,0.0015936204380528896,0.003353113186531198,0.07456497684944408,-0.01358031440141061,上昇トレンド,uptrend,4.0
2010-04-19,10929.6396484375,10953.900390625,10878.990234375,10908.76953125,133100000,11392.06926604326,-0.04242422719758632,-0.0013145410692071424,-0.00012032208247392262,0.06742617850531762,-0.012010681464658113,下降トレンドへの転換期,transition_to_downtrend,2.0
2010-04-20,10960.1103515625,10999.5703125,10890.8203125,10900.6796875,129600000,11368.649014598466,-0.04116314317537184,-0.004506632998458993,-0.00248191123132524,0.06148694039062885,-0.01087870145978731,下降トレンドへの転換期,transition_to_downtrend,2.0
2010-04-21,11031.7900390625,11093.2998046875,11023.8798828125,11090.0498046875,153000000,11365.380445355135,-0.02422537828728455,-0.004355384542170215,-0.0036542158477559372,0.05829870476084076,-0.009972795037462845,下降トレンドへの転換期,transition_to_downtrend,2.0
2010-04-22,10988.009765625,10989.6201171875,10866.23046875,10949.08984375,144100000,11346.191305439947,-0.03499865734676588,-0.004027184134147044,-0.006473137591629929,0.05272407793899059,-0.012057881246888447,下降トレンドへの転換期,transition_to_downtrend,2.0
2010-04-23,10930.900390625,10967.1201171875,10865.919921875,10914.4599609375,136800000,11316.616379806384,-0.03553680759087152,-0.0045768529510645806,-0.008627276673268014,0.04364571946508766,-0.011980389859799212,下降トレンドへの転換期,transition_to_downtrend,2.0
2010-04-26,11039.58984375,11165.7900390625,11035.66015625,11165.7900390625,134900000,11306.900652661401,-0.012480043641816763,-0.0051454320403003795,-0.0074761319820730865,0.03652030083045643,-0.007355809899599164,下降トレンドへの転換期,transition_to_downtrend,2.0
2010-04-27,11109.259765625,11213.4501953125,11108.7197265625,11212.66015625,143000000,11298.706241101656,-0.0076155696958155605,-0.004185110497433975,-0.0061522502284129255,0.02918000598719006,-0.0036703389970876854,下降トレンドへの転換期,transition_to_downtrend,2.0
2010-04-28,11005.509765625,11008.8798828125,10882.400390625,10924.7900390625,179300000,11259.600601557097,-0.029735562951344385,-0.005038235488041165,-0.009307197793037236,0.019868842372401385,-0.005652981945281299,下降トレンドへの転換期,transition_to_downtrend,2.0
2010-04-30,11062.1201171875,11092.51953125,11035.26953125,11057.400390625,156700000,11229.137234076486,-0.015293859169369317,-0.00687751851490892,-0.010316595958270058,0.010587546896883904,-0.003843458366640129,下降トレンドへの転換期,transition_to_downtrend,2.0
2010-05-06,10847.900390625,10847.900390625,10682.6103515625,10695.6904296875,183800000,11157.630357262944,-0.04140125750578827,-0.012486021038896955,-0.014048900944202636,-0.002670496449812765,-0.005421624270934622,下降トレンド,downtrend,1.0
2010-05-07,10472.7001953125,10472.76953125,10257.3203125,10364.58984375,227700000,11054.70913189252,-0.062427629701404364,-0.018197045962380143,-0.02230421302141017,-0.01819349989561614,-0.014828081039337082,下降トレンド,downtrend,1.0
2010-05-10,10399.0498046875,10540.51953125,10362.33984375,10530.7001953125,181000000,10972.917096355832,-0.040300760240883804,-0.022817437562622,-0.028834199048444198,-0.029120181079088425,-0.022681948820031272,下降トレンド,downtrend,1.0
2010-05-11,10643.240234375,10643.2802734375,10392.4697265625,10411.099609375,196900000,10885.84886818914,-0.0436115974567185,-0.024358352120608773,-0.03319404893600497,-0.03966247068896067,-0.023886851142967735,下降トレンド,downtrend,1.0
2010-05-12,10465.0302734375,10501.7197265625,10345.1904296875,10394.0302734375,189300000,10806.582638466953,-0.03817602463529379,-0.022445320855139395,-0.03763019248951993,-0.048439147677543315,-0.027313596531249873,下降トレンド,downtrend,1.0
2010-05-13,10542.76953125,10638.23046875,10535.9404296875,10620.5498046875,159600000,10755.729935790752,-0.012568196850445967,-0.01979301936375777,-0.036020230873715864,-0.054603341287056684,-0.021971329929513228,下降トレンド,downtrend,1.0
2010-05-14,10453.400390625,10551.6904296875,10390.76953125,10462.509765625,189100000,10688.972080468775,-0.021186538157169865,-0.018085570551662045,-0.03308427630796762,-0.061831023715269384,-0.01078006328655745,下降トレンド,downtrend,1.0
2010-05-17,10329.3701171875,10331.8701171875,10158.2998046875,10235.759765625,182400000,10606.463925851138,-0.03495077745209885,-0.018518223504207065,-0.033396148652794944,-0.0693582315433452,-0.004561949604350746,下降トレンド,downtrend,1.0
2010-05-18,10313.1396484375,10336.5302734375,10197.740234375,10242.6396484375,160800000,10529.861701328142,-0.027276906481536578,-0.020999805295502272,-0.03270182887631945,-0.07689994503332742,0.000492220059685522,下降トレンド,downtrend,1.0
2010-05-19,10087.330078125,10186.83984375,10041.9296875,10186.83984375,175000000,10446.191332666353,-0.024827373025930743,-0.022713198797294942,-0.033349238872033116,-0.08528144648103264,0.004280953617486816,下降トレンド,downtrend,1.0
2010-05-20,10121.849609375,10161.7001953125,9999.58984375,10030.3095703125,149700000,10356.610990531171,-0.03150658265691375,-0.023556666676723403,-0.03710756477172905,-0.09272689843586335,-0.0010873338980131875,下降トレンド,downtrend,1.0
2010-05-21,9823.83984375,9829.3603515625,9696.6298828125,9784.5400390625,195000000,10265.25309602705,-0.04682914804610128,-0.025129352389093196,-0.03964076070663114,-0.09891233486219664,-0.00655648439866352,下降トレンド,downtrend,1.0
2010-05-24,9754.990234375,9793.4599609375,9693.0703125,9758.400390625,164800000,10183.584337366965,-0.041751895271473605,-0.025139018321269635,-0.03986998790930585,-0.10423971007546817,-0.006473839256510905,下降トレンド,downtrend,1.0
2010-05-25,9632.1396484375,9642.599609375,9432.08984375,9459.8896484375,165300000,10069.885698820892,-0.06057626358706514,-0.027685242978849556,-0.04368300511005119,-0.11398604320928762,-0.010981176233731738,下降トレンド,downtrend,1.0
2010-05-26,9567.349609375,9622.400390625,9477.4501953125,9522.66015625,188100000,9963.526656312635,-0.04424803739379901,-0.029392985919771686,-0.046204847392022574,-0.12186156675010329,-0.012855608519989459,下降トレンド,downtrend,1.0
2010-05-27,9419.2998046875,9642.16015625,9395.2900390625,9639.7197265625,175100000,9878.58659592577,-0.024180267798815103,-0.029949940152413368,-0.04615644973461386,-0.12707241596053975,-0.009048884962884807,下降トレンド,downtrend,1.0
2010-05-28,9806.0595703125,9824.849609375,9699.1396484375,9762.98046875,164300000,9796.2976369227,-0.0034009959075892437,-0.027168934194578442,-0.045683769773377514,-0.13360009627245972,-0.006043009066746374,下降トレンド,downtrend,1.0
2010-05-31,9735.4697265625,9831.73046875,9728.419921875,9768.7001953125,121400000,9703.405229385622,0.006729077512824144,-0.02610736498227828,-0.04715226899230418,-0.14119324617120832,-0.007282281082998332,下降トレンド,downtrend,1.0
2010-06-01,9747.259765625,9747.259765625,9658.4404296875,9711.830078125,110400000,9619.716990400602,0.009575446743008698,-0.02620512590656776,-0.04470445066451956,-0.14564314216702445,-0.0010214455544683698,下降トレンド,downtrend,1.0
2010-06-02,9604.4501953125,9763.41015625,9560.16015625,9603.240234375,158400000,9535.579619437454,0.007095595405613775,-0.02661393387054589,-0.04295136166510327,-0.1508181420652408,0.003253485726919303,下降トレンド,downtrend,1.0
2010-06-03,9758.8203125,9920.1796875,9758.8203125,9914.1904296875,142600000,9490.917724441431,0.044597658259752704,-0.02189824086710279,-0.03924335406891355,-0.14937872822938458,0.006913095665700308,下降トレンド,downtrend,1.0
2010-06-04,9909.240234375,9962.419921875,9868.08984375,9901.1904296875,120300000,9478.068261591712,0.04464223683748081,-0.014724833272147131,-0.03248465768654951,-0.14262165123388404,0.013199112086828002,下降トレンド,downtrend,1.0
2010-06-07,9705.3603515625,9714.419921875,9502.6201171875,9520.7998046875,148400000,9439.22227033648,0.008642399979009285,-0.010105033248797746,-0.02722579886173304,-0.13977092987686024,0.01992647013057114,下降トレンド,downtrend,1.0
2010-06-08,9448.7900390625,9587.650390625,9434.8095703125,9537.9404296875,129600000,9399.881351398773,0.01468732137434725,-0.009591946288631026,-0.022852609824301484,-0.13650451469454916,0.021851840840218073,下降トレンド,downtrend,1.0
2010-06-09,9475.5703125,9487.91015625,9378.23046875,9439.1298828125,141600000,9358.193915221931,0.008648673913341343,-0.012647550435519794,-0.018602508845286914,-0.13402837619446484,0.024348852819816358,下降トレンド,downtrend,1.0
2010-06-10,9476.7802734375,9544.0400390625,9437.4697265625,9542.650390625,116500000,9315.373536137793,0.024398039821539763,-0.0131206502666954,-0.018496018340941833,-0.13391526267873566,0.020747335727971716,下降トレンド,downtrend,1.0
2010-06-11,9701.3203125,9764.73046875,9673.599609375,9705.25,222400000,9284.016566207754,0.045371895966392906,-0.012326196561382896,-0.02047376005618362,-0.13143972158260187,0.012010897630365891,下降トレンド,downtrend,1.0
2010-06-14,9824.9296875,9882.0498046875,9819.9501953125,9879.849609375,97300000,9286.00995569195,0.06394992645027808,-0.007713449858371413,-0.016231455331443212,-0.12449521154178866,0.01099434353028983,下降トレンド,downtrend,1.0
2010-06-15,9845.650390625,9911.73046875,9826.4404296875,9887.8896484375,101700000,9298.325478768069,0.06340541326668436,-0.001830099169248367,-0.01080395260686906,-0.1169565429719498,0.012048657217432424,下降トレンド,downtrend,1.0
2010-06-16,10043.099609375,10109.8603515625,10033.240234375,10067.150390625,120300000,9327.82374918127,0.07926035711262469,0.004718559328401817,-0.003245302065312039,-0.10705984103391131,0.015357206779974875,下降トレンド,downtrend,1.0
2010-06-17,10009.25,10053.4501953125,9989.2099609375,9999.400390625,97600000,9360.201294298371,0.06828903313393342,0.007989582065970557,0.004812234097395507,-0.09621001475712432,0.02330825243833734,上昇トレンドへの転換期,transition_to_uptrend,3.0
2010-06-18,10027.98046875,10029.1103515625,9965.16015625,9995.01953125,98500000,9410.20095347328,0.0621472995814043,0.012031787332102972,0.013591572824720677,-0.08329576821488205,0.0340653328809043,上昇トレンドへの転換期,transition_to_uptrend,3.0
2010-06-21,10109.26953125,10251.900390625,10109.26953125,10238.009765625,123000000,9493.432376805442,0.07843078870385445,0.017754262095561968,0.022337087953082646,-0.06777102616306963,0.03856854328452586,上昇トレンドへの転換期,transition_to_uptrend,3.0
2010-06-22,10131.91015625,10183.8896484375,10105.48046875,10112.8896484375,114900000,9578.891579719224,0.0557473758079563,0.023363844274808976,0.03017383093244086,-0.04875865861706452,0.04097778353930992,上昇トレンドへの転換期,transition_to_uptrend,3.0
2010-06-23,9973.0,9975.009765625,9912.7998046875,9923.7001953125,102600000,9654.10722291701,0.027925210086286123,0.02591934759413439,0.034979592508314505,-0.031055212081917305,0.038224894573626544,上昇トレンドへの転換期,transition_to_uptrend,3.0
2010-06-24,9902.6201171875,10009.3701171875,9893.75,9928.33984375,94900000,9717.070208496067,0.02174211266573045,0.02355711009613559,0.038126200813125344,-0.01635015149802077,0.03331396671572984,上昇トレンドへの転換期,transition_to_uptrend,3.0
2010-06-25,9778.7001953125,9794.98046875,9697.8701171875,9737.48046875,129300000,9746.78133052469,-0.0009542495578064303,0.01752705408639632,0.03576760780301691,-0.005054593912232841,0.022176034978296233,上昇トレンドへの転換期,transition_to_uptrend,3.0
2010-06-28,9758.91015625,9762.23046875,9679.169921875,9693.9404296875,91600000,9762.53727751259,-0.007026538887907718,0.01123149475056473,0.028346428354472986,0.006093948127394944,0.0060093404013903395,上昇トレンド,uptrend,4.0
2010-06-29,9718.400390625,9760.01953125,9548.98046875,9570.669921875,106800000,9765.583308456959,-0.01995921599615702,0.0049925645199593305,0.01948990936832451,0.015163265011009619,-0.01068392156411635,上昇トレンド,uptrend,4.0
2010-06-30,9396.4501953125,9420.1396484375,9347.0703125,9382.6396484375,131000000,9756.088026551415,-0.03827849616542689,0.0009548481402348319,0.010563462915796462,0.023124803726086496,-0.024416129592518043,上昇トレンド,uptrend,4.0
2010-07-01,9296.8603515625,9297.4501953125,9147.6796875,9191.599609375,125400000,9715.495380288403,-0.05392373218316027,-0.004818613838489139,-0.00016206821334752153,0.023662375164061222,-0.038288269026472865,下降トレンドへの転換期,transition_to_downtrend,2.0
2010-07-02,9234.5595703125,9259.1396484375,9160.4697265625,9203.7099609375,115700000,9661.423045761314,-0.0473753279052016,-0.010666056435711502,-0.008757586927291894,0.019345163920438946,-0.044525194730308804,下降トレンドへの転換期,transition_to_downtrend,2.0
2010-07-05,9230.0,9282.900390625,9213.7900390625,9266.7802734375,100700000,9632.731986457627,-0.037990438593600295,-0.012644006466328683,-0.013296265854365719,0.020500599581097623,-0.041642694208838704,下降トレンドへの転換期,transition_to_downtrend,2.0
2010-07-06,9158.2802734375,9351.1103515625,9091.7001953125,9338.0400390625,137400000,9626.230033468757,-0.029937991654497065,-0.009187935697108629,-0.014269836279776738,0.024079950970476993,-0.03375974564810125,下降トレンドへの転換期,transition_to_downtrend,2.0
2010-07-07,9322.5595703125,9329.6396484375,9223.7998046875,9279.650390625,120800000,9616.405822522936,-0.03501884572188174,-0.00465948163382901,-0.01431743990504497,0.027592066336753485,-0.024880902820841433,下降トレンドへの転換期,transition_to_downtrend,2.0
2010-07-08,9462.8203125,9545.990234375,9456.1904296875,9535.740234375,118200000,9628.362456503037,-0.009619727398762379,-0.0004536127404700663,-0.008968448892698655,0.03359918087568303,-0.008806380679351133,下降トレンドへの転換期,transition_to_downtrend,2.0
2010-07-09,9601.6201171875,9610.58984375,9516.9697265625,9585.3203125,125200000,9629.687381094955,-0.0046073217996729365,0.00035915904919958663,-0.0032847816016381426,0.037232895096868335,0.005472805325653751,下降トレンドへの転換期,transition_to_downtrend,2.0
2010-07-12,9540.4697265625,9632.8896484375,9533.5595703125,9548.1103515625,123600000,9609.996088878434,-0.006439725546564357,-0.0006665415086258841,-0.002360275113141075,0.03488970340677833,0.010935990741224644,下降トレンドへの転換期,transition_to_downtrend,2.0
2010-07-13,9592.8701171875,9629.98046875,9502.240234375,9537.23046875,149700000,9580.61744611737,-0.004528620165807129,-0.004958788226072541,-0.004738364571883258,0.03035944138478386,0.00953147170789348,下降トレンドへの転換期,transition_to_downtrend,2.0
2010-07-14,9707.5,9807.3603515625,9693.330078125,9795.240234375,193300000,9566.542687352588,0.023905976745889568,-0.006557294255089996,-0.005185215359106543,0.025592136450077296,0.009132224545938428,下降トレンドへの転換期,transition_to_downtrend,2.0
2010-07-15,9701.1396484375,9726.9404296875,9667.0,9685.5302734375,115900000,9537.320405568966,0.015539990433999895,-0.007562509145406904,-0.009455611101613748,0.018922575028219146,-0.0004871622089150929,下降トレンドへの転換期,transition_to_downtrend,2.0
2010-07-16,9600.8798828125,9636.83984375,9392.2099609375,9408.3603515625,134000000,9486.33043839511,-0.00821920418426847,-0.009841433316019721,-0.014886977845332994,0.008090101932810567,-0.011602196243694851,下降トレンドへの転換期,transition_to_downtrend,2.0
2010-07-21,9404.0703125,9404.0703125,9230.83984375,9278.830078125,166600000,9413.928770440229,-0.014350936321022467,-0.015952880983233664,-0.02040243477987591,-0.008374590265103454,-0.018042159666734836,下降トレンド,downtrend,1.0
2010-07-22,9216.2802734375,9254.1904296875,9176.1201171875,9220.8798828125,229600000,9333.999150010932,-0.012119056942307416,-0.021318488517939715,-0.02574137809942334,-0.02556584210920476,-0.021003013527540082,下降トレンド,downtrend,1.0
2010-07-23,9380.1201171875,9474.1103515625,9367.2998046875,9430.9599609375,157500000,9291.438231606206,0.015016160668936074,-0.020544530685974838,-0.028756935994242117,-0.03756628996722733,-0.023571720635135573,下降トレンド,downtrend,1.0
2010-07-26,9520.73046875,9561.8203125,9493.6103515625,9503.66015625,90400000,9266.053276850233,0.025642727523851994,-0.01570815938764325,-0.028442698492161078,-0.04641490922351166,-0.01898708739054733,下降トレンド,downtrend,1.0
2010-07-27,9512.669921875,9541.58984375,9487.650390625,9496.849609375,130700000,9250.394049462113,0.026642709337038273,-0.00895705037092498,-0.024871196556475184,-0.05092832846346973,-0.00998421871114219,下降トレンド,downtrend,1.0
2010-07-28,9614.4697265625,9760.3095703125,9614.4697265625,9753.26953125,148200000,9269.814624568315,0.052153675802788735,-0.0023272615604691405,-0.015308608062176265,-0.05047075764609188,0.0050938267176996455,下降トレンド,downtrend,1.0
2010-07-29,9653.509765625,9732.759765625,9648.9697265625,9696.01953125,148200000,9291.841550066642,0.04349815685142189,0.002783091403201432,-0.004516563507962257,-0.04851136316455962,0.021224814591461083,下降トレンド,downtrend,1.0
2010-07-30,9658.6103515625,9658.6103515625,9505.6396484375,9537.2998046875,166200000,9313.701566724862,0.02400745142634686,0.006843764376332606,0.0023961129120919633,-0.0453446564465787,0.03115304890633408,上昇トレンドへの転換期,transition_to_uptrend,3.0
2010-08-02,9574.6396484375,9676.41015625,9548.8603515625,9570.3095703125,135600000,9356.12059224647,0.02289292618176919,0.00931043080941607,0.009720137873721946,-0.036989857333580844,0.038162836365883024,上昇トレンドへの転換期,transition_to_uptrend,3.0
2010-08-03,9716.5703125,9750.8798828125,9632.8603515625,9694.009765625,138600000,9416.364976618912,0.0294853470203722,0.013401372147954671,0.01794203860606891,-0.025364593598860674,0.042813235162544094,上昇トレンドへの転換期,transition_to_uptrend,3.0
2010-08-04,9606.8203125,9613.1298828125,9474.669921875,9489.33984375,119300000,9451.236653455626,0.0040315560483232815,0.014766963032414315,0.019571268276118214,-0.018841522141087363,0.03487987633829448,上昇トレンドへの転換期,transition_to_uptrend,3.0
2010-08-05,9640.33984375,9688.8701171875,9578.3095703125,9653.919921875,128800000,9494.214847860341,0.016821303980776303,0.014759777223084525,0.02177967593434138,-0.01371411083564611,0.026296239442303637,上昇トレンドへの転換期,transition_to_uptrend,3.0
2010-08-06,9560.650390625,9658.0400390625,9545.41015625,9642.1201171875,112100000,9534.416657161604,0.011296282079826803,0.012536863305088408,0.02369789163368652,-0.008525967692555425,0.021301778721594555,上昇トレンドへの転換期,transition_to_uptrend,3.0
2010-08-09,9535.509765625,9572.830078125,9523.6298828125,9572.490234375,87800000,9557.368576237986,0.0015821989092907884,0.011229421786148608,0.021509768071853674,-0.007373411687166098,0.011789630198131729,上昇トレンドへの転換期,transition_to_uptrend,3.0
2010-08-10,9629.9697265625,9667.0400390625,9505.33984375,9551.0498046875,107100000,9563.445739871646,-0.0012961787541142522,0.007291902818789442,0.0156196965196167,-0.006878898410903167,-0.0023223420864522115,上昇トレンドへの転換期,transition_to_uptrend,3.0
2010-08-11,9423.0302734375,9445.0400390625,9283.599609375,9292.849609375,111600000,9544.10490702871,-0.02632570577348481,0.0010161345172416958,0.009826042556994707,-0.0068565253555076255,-0.009745225719123507,上昇トレンドへの転換期,transition_to_uptrend,3.0
2010-08-12,9125.490234375,9212.58984375,9065.9404296875,9212.58984375,142300000,9519.253402828086,-0.03221508516487004,-0.0039880405475481995,0.0026372433496582026,-0.006405019680036705,-0.019142432584683178,上昇トレンドへの転換期,transition_to_uptrend,3.0
2010-08-13,9214.8095703125,9278.4599609375,9163.25,9253.4599609375,121800000,9486.297940798702,-0.02454466234502417,-0.00806694586568324,-0.005046844300302111,-0.0083880613066174,-0.02874473593398863,下降トレンド,downtrend,1.0
2010-08-16,9145.2197265625,9210.9697265625,9095.9404296875,9196.669921875,97000000,9441.52364088419,-0.025933708193973226,-0.01074812851951934,-0.012121007412209228,-0.010044410862912634,-0.0336307754840629,下降トレンド,downtrend,1.0
2010-08-17,9089.849609375,9188.48046875,9084.240234375,9161.6796875,91500000,9412.467137710057,-0.026644178039708977,-0.011217924410574454,-0.01578705063721264,-0.007786287981925932,-0.03140674715682934,下降トレンド,downtrend,1.0
2010-08-18,9261.5,9280.58984375,9153.419921875,9240.5400390625,118400000,9409.455820003343,-0.017951705621673475,-0.008100327575088828,-0.014108089583781291,-0.0004751417336968933,-0.023934132140776,下降トレンド,downtrend,1.0
2010-08-19,9242.83984375,9362.6796875,9242.83984375,9362.6796875,120200000,9424.622312032352,-0.006572425130847992,-0.0017901060776516209,-0.009941020245098242,0.0097089318913548,-0.012578263594756445,下降トレンドへの転換期,transition_to_downtrend,2.0
2010-08-20,9239.3603515625,9287.5,9169.169921875,9179.3798828125,112000000,9412.727858185523,-0.02479068543027063,2.769948321224014e-05,-0.007755405013874728,0.013053913027881059,-0.0027085607135726164,下降トレンドへの転換期,transition_to_downtrend,2.0
2010-08-23,9147.240234375,9171.419921875,9090.9599609375,9116.6904296875,93600000,9380.972663595545,-0.028172156916482338,-0.0030270779684459237,-0.006413263323987728,0.012402193610565604,0.0057077440882215,下降トレンドへの転換期,transition_to_downtrend,2.0
2010-08-24,9024.599609375,9069.2197265625,8983.51953125,8995.1396484375,111300000,9334.723813254512,-0.036378597975746385,-0.009538684501241734,-0.00825961178064294,0.009116342865123972,0.0075274388565697015,下降トレンドへの転換期,transition_to_downtrend,2.0
2010-08-25,8904.4404296875,8949.41015625,8807.41015625,8845.3896484375,133900000,9263.569714308947,-0.04514243199632928,-0.015846431143429207,-0.015504202207343276,-0.0006736823240042211,-0.0013961126235619847,下降トレンド,downtrend,1.0
2010-08-26,8908.01953125,8910.6201171875,8834.08984375,8906.48046875,104800000,9191.273553286992,-0.030985160313844018,-0.020221688849463626,-0.024759481178088683,-0.010823257826531485,-0.01481846093299044,下降トレンド,downtrend,1.0
2010-08-27,8811.4697265625,9021.75,8810.4599609375,8991.0595703125,127800000,9139.114319948603,-0.016200120104957416,-0.02095503811566013,-0.029068463718408544,-0.018745205171701862,-0.021313058704533816,下降トレンド,downtrend,1.0
2010-08-30,9141.4501953125,9280.7001953125,9117.8701171875,9149.259765625,114400000,9108.920703522694,0.0044285226993694415,-0.01669432147170824,-0.029000400046851782,-0.026421195225789895,-0.022587136722864054,下降トレンド,downtrend,1.0
2010-08-31,8998.7998046875,9008.3603515625,8819.259765625,8824.0595703125,121800000,9043.369174503123,-0.024250873757199254,-0.016091826440197243,-0.03121191848629634,-0.03961144274270889,-0.022952306705653402,下降トレンド,downtrend,1.0
2010-09-01,8833.3203125,8932.150390625,8796.4501953125,8927.01953125,120100000,8994.02941466895,-0.0074504852418716405,-0.015875160349287376,-0.029096806949447607,-0.048375387851441465,-0.01359260474210433,下降トレンド,downtrend,1.0
2010-09-02,9069.6201171875,9083.3701171875,8958.8095703125,9062.83984375,119300000,8960.498082450107,0.01142143666101969,-0.01629420497811418,-0.025108106020232057,-0.05621494499152979,-0.00034862484214337464,下降トレンド,downtrend,1.0
2010-09-03,9097.58984375,9141.08984375,9050.830078125,9114.1298828125,102000000,8926.316762314116,0.021040382668393365,-0.012943451708133713,-0.023284264774979135,-0.06377945465501811,0.005784198943429408,下降トレンド,downtrend,1.0
2010-09-06,9199.990234375,9303.0,9173.3798828125,9301.3203125,106700000,8914.78845796909,0.043358499907575565,-0.008810395546474448,-0.02131232139045036,-0.06723399993869761,0.00768807865640142,下降トレンド,downtrend,1.0
2010-09-07,9232.01953125,9311.01953125,9206.8095703125,9226.0,118000000,8901.380149838238,0.03646848518964352,-0.006597616791822802,-0.015700898849204226,-0.06922877047057874,0.015511019637092116,下降トレンド,downtrend,1.0
2010-09-08,9098.8603515625,9105.8896484375,8997.6298828125,9024.599609375,107000000,8883.614176326586,0.015870278723283393,-0.004783897672981485,-0.012276504028581603,-0.06920405183473088,0.016820302920866004,下降トレンド,downtrend,1.0
2010-09-09,9120.5400390625,9136.259765625,9069.9296875,9098.3896484375,92800000,8888.64318021015,0.0235971299527844,-0.002932798448578855,-0.008019074562461093,-0.0662457648654029,0.017089031457770965,下降トレンド,downtrend,1.0
2010-09-10,9132.25,9291.5,9132.25,9239.169921875,169800000,8908.016083156861,0.03717481374380083,0.0007454948790994731,-0.00205019378592064,-0.06095969800345025,0.021234070989058496,下降トレンド,downtrend,1.0
2010-09-13,9325.6396484375,9390.900390625,9317.2998046875,9321.8203125,108700000,8934.712919003363,0.04332622625997229,0.00575202183059087,0.00223498977325276,-0.05367891255244106,0.023547311163703122,上昇トレンドへの転換期,transition_to_uptrend,3.0
2010-09-14,9319.5,9330.0498046875,9258.1796875,9299.3095703125,117500000,8962.563945410046,0.03757246553034754,0.008316315966476528,0.006873517874969037,-0.047798646807224565,0.022574416724173263,上昇トレンドへの転換期,transition_to_uptrend,3.0
2010-09-16,9613.8896484375,9620.900390625,9479.6298828125,9509.5,142200000,9007.21513049885,0.055764724415251266,0.011135930426703133,0.013913363606181894,-0.0427485602992449,0.026189867634763497,上昇トレンドへの転換期,transition_to_uptrend,3.0
2010-09-17,9581.650390625,9643.2802734375,9554.3603515625,9626.08984375,122900000,9052.830036329387,0.0633238230608657,0.013220023787759327,0.01847153190768025,-0.03944903714903247,0.026490606470141342,上昇トレンドへの転換期,transition_to_uptrend,3.0
2010-09-21,9700.8798828125,9704.25,9579.830078125,9602.1103515625,109500000,9099.411483986847,0.05524520662246157,0.015268793551747484,0.02148574935690495,-0.03328645839114619,0.02353594314282559,上昇トレンドへの転換期,transition_to_uptrend,3.0
2010-09-22,9563.2001953125,9625.41015625,9546.8203125,9566.3203125,108900000,9153.459740366767,0.045104319442463625,0.01623638469261457,0.024482803571466594,-0.024252594201844446,0.022247813798213834,上昇トレンドへの転換期,transition_to_uptrend,3.0
2010-09-24,9435.0400390625,9601.76953125,9415.9599609375,9471.669921875,146600000,9205.887935580331,0.02887086918225812,0.016907187988365546,0.027148926540702334,-0.01380178784628261,0.020275408665733297,上昇トレンドへの転換期,transition_to_uptrend,3.0
2010-09-27,9557.3701171875,9613.4697265625,9539.1201171875,9603.1396484375,122500000,9282.148941441503,0.03458150790523162,0.020082338047492154,0.030523730915642755,0.0020056228544227395,0.01661036730946086,上昇トレンド,uptrend,4.0
2010-09-28,9547.0302734375,9553.91015625,9471.349609375,9495.759765625,97500000,9348.565881248192,0.01574507643702394,0.021315016006571597,0.03266777833362666,0.017113224522073978,0.014196246425946413,上昇トレンド,uptrend,4.0
2010-09-29,9530.0498046875,9600.9296875,9502.33984375,9559.3798828125,134700000,9410.740276395138,0.01579467736350071,0.022252317456859627,0.03421416791142673,0.02972125601423281,0.012728418554521781,上昇トレンド,uptrend,4.0
2010-09-30,9554.830078125,9566.83984375,9369.349609375,9369.349609375,145800000,9439.73808433089,-0.007456613131324841,0.01697765720886113,0.031275425039740457,0.03631795594402942,0.006792621468273863,上昇トレンド,uptrend,4.0
2010-10-01,9440.51953125,9470.3603515625,9358.6201171875,9404.23046875,163200000,9478.53384291073,-0.007839121048906161,0.013902449136421469,0.029616470376163884,0.048119750505653425,0.0024675438354615498,上昇トレンド,uptrend,4.0
2010-10-04,9410.919921875,9508.3603515625,9358.8203125,9381.0595703125,161200000,9522.0815361441,-0.014809993518361098,0.011831296633298738,0.02584881973089037,0.05871140699339006,-0.004674911184752384,上昇トレンド,uptrend,4.0
2010-10-05,9337.4296875,9538.349609375,9332.1904296875,9518.759765625,193800000,9564.938172060305,-0.0048278834222049705,0.013263089146216434,0.023144971491950717,0.0674560815758718,-0.009522806841675946,上昇トレンド,uptrend,4.0
2010-10-06,9588.4697265625,9693.740234375,9567.0,9691.4296875,234300000,9613.086562155722,0.00814963277795644,0.014195520264521422,0.021501633220941008,0.07693764607828713,-0.012712534690485722,上昇トレンド,uptrend,4.0
2010-10-07,9661.08984375,9716.919921875,9649.169921875,9684.8095703125,171200000,9646.191134349894,0.004003490644622021,0.013033872660583423,0.021870633292431885,0.08204375009336196,-0.009404791747308572,上昇トレンド,uptrend,4.0
2010-10-08,9675.58984375,9675.58984375,9588.8798828125,9588.8798828125,147900000,9662.626025639905,-0.007632101525167134,0.010213119188261066,0.01942201038474556,0.08551998263050264,-0.010194459991418325,上昇トレンド,uptrend,4.0
2010-10-12,9648.58984375,9650.2001953125,9387.73046875,9388.6396484375,140700000,9670.629260640186,-0.029159386075360505,0.0059858712508626954,0.0156003415778605,0.0885917677977135,-0.010248478153029872,上昇トレンド,uptrend,4.0
2010-10-13,9473.7802734375,9510.1904296875,9393.51953125,9403.509765625,144000000,9684.609107755186,-0.029025367880371022,0.003982709120129879,0.012511417590178153,0.08954864217265346,-0.010633553901772563,上昇トレンド,uptrend,4.0
2010-10-14,9515.169921875,9614.4404296875,9481.509765625,9583.509765625,171000000,9705.15248153292,-0.012533828411185,0.004401128200570925,0.009577144529171022,0.08948528953413892,-0.011924488691769985,上昇トレンド,uptrend,4.0
2010-10-15,9551.2099609375,9553.5703125,9478.6396484375,9500.25,143800000,9705.880878535394,-0.021186214946254722,0.0036452248292346834,0.006187908092858185,0.08631144240704414,-0.0156827251995737,上昇トレンド,uptrend,4.0
2010-10-18,9517.6796875,9564.849609375,9471.48046875,9498.490234375,104800000,9703.503413779625,-0.021127748470051833,0.0019509621724751458,0.004230463647382221,0.0826704805547338,-0.015191546737363337,上昇トレンド,uptrend,4.0
2010-10-19,9490.08984375,9575.1396484375,9489.6796875,9539.4501953125,118500000,9696.222755816067,-0.016168415727612073,-0.0009201015371829158,0.0026465180792367704,0.07649507814953882,-0.012953823498623729,上昇トレンド,uptrend,4.0
2010-10-20,9399.650390625,9402.0498046875,9316.9697265625,9381.599609375,138400000,9658.732353981673,-0.028692455122480864,-0.004857727510131471,-0.002671946124577329,0.06692960270111947,-0.015183363714755482,下降トレンドへの転換期,transition_to_downtrend,2.0
2010-10-21,9443.9501953125,9479.25,9326.7802734375,9376.48046875,131500000,9617.987811732992,-0.025109965588475447,-0.00881285844916535,-0.008981277724980141,0.05699009531096988,-0.018558422254151163,下降トレンドへの転換期,transition_to_downtrend,2.0
2010-10-22,9404.08984375,9457.6201171875,9390.1396484375,9426.7099609375,108500000,9586.772688821851,-0.01669620560326668,-0.011287907647188122,-0.012271754743760632,0.04733870697482545,-0.018459662836618818,下降トレンドへの転換期,transition_to_downtrend,2.0
2010-10-25,9424.4404296875,9460.7001953125,9392.6796875,9401.16015625,98000000,9560.778668736904,-0.016695137291363737,-0.01014146387485193,-0.014708578845867293,0.038550407699939226,-0.018939042493249514,下降トレンドへの転換期,transition_to_downtrend,2.0
2010-10-26,9386.5498046875,9455.0400390625,9362.1298828125,9377.3798828125,107300000,9532.177805345016,-0.016239512700415237,-0.008921825237010128,-0.01691843871600951,0.026936527896813223,-0.01956495679524628,下降トレンドへの転換期,transition_to_downtrend,2.0
2010-10-27,9436.009765625,9453.7900390625,9329.8603515625,9387.0302734375,130200000,9505.781902375302,-0.012492568223990919,-0.008448180537438232,-0.015835458111987166,0.01681712715342365,-0.013163511987409837,下降トレンドへの転換期,transition_to_downtrend,2.0
2010-10-28,9368.6103515625,9413.6796875,9350.4404296875,9366.0302734375,146800000,9481.118367941059,-0.01213866234311678,-0.0083319888009048,-0.014230569477845068,0.007478486227321612,-0.005249291752864926,下降トレンドへの転換期,transition_to_downtrend,2.0
2010-10-29,9327.25,9337.919921875,9179.150390625,9202.4501953125,166900000,9448.657155711384,-0.026057349350437575,-0.008761969335779662,-0.01440688515244648,0.0009448430984859701,-0.002135130408685848,下降トレンドへの転換期,transition_to_downtrend,2.0
2010-11-01,9166.849609375,9258.3203125,9134.4697265625,9154.7197265625,125400000,9419.970799119797,-0.028158375244866196,-0.009027253532301382,-0.014727657076461731,-0.00617849181756458,-1.907823059443814e-05,下降トレンド,downtrend,1.0
2010-11-02,9140.2802734375,9172.0302734375,9123.6201171875,9159.98046875,115200000,9393.259438450308,-0.02483472017662003,-0.009266726358762911,-0.01457362312490773,-0.013528774901244711,0.0023448155911017787,下降トレンド,downtrend,1.0
2010-11-04,9282.7900390625,9377.759765625,9276.7099609375,9358.7802734375,133100000,9381.55244973677,-0.0024273356058366335,-0.007102036286082414,-0.013068830519611385,-0.019172703369815247,0.002766627592375781,下降トレンド,downtrend,1.0
2010-11-05,9500.599609375,9680.6796875,9497.4501953125,9625.990234375,160900000,9381.869838179682,0.026020441597032873,-0.004044700535979939,-0.010468019268377704,-0.024052287731006317,0.0037625502094673635,下降トレンド,downtrend,1.0
2010-11-08,9699.7900390625,9737.009765625,9677.8701171875,9732.919921875,118200000,9385.895256855329,0.03697299570504042,-0.0007839857552358609,-0.006642414665042451,-0.026984316801235364,0.007764470487404029,下降トレンド,downtrend,1.0
2010-11-09,9667.4404296875,9726.599609375,9659.8603515625,9694.490234375,122100000,9391.887827121085,0.032219550831951604,0.001101670266162147,-0.0029812164599636315,-0.028019111761172666,0.0117464406164981,下降トレンド,downtrend,1.0
2010-11-10,9748.6103515625,9842.900390625,9747.0302734375,9830.51953125,168800000,9425.420622802332,0.042979398443782735,0.004642015437628322,0.003423857774051964,-0.025356016783298907,0.017997480898959695,上昇トレンドへの転換期,transition_to_uptrend,3.0
2010-11-11,9878.1103515625,9885.3701171875,9834.8203125,9861.4599609375,139600000,9470.680381822613,0.04126203856112842,0.009033248576405972,0.00950033936956185,-0.022089557105744784,0.022569169889173235,上昇トレンドへの転換期,transition_to_uptrend,3.0
2010-11-12,9810.2998046875,9851.419921875,9724.8095703125,9724.8095703125,129400000,9493.37963747262,0.024378034133004656,0.010806326930189236,0.011885668978176112,-0.021820661186237156,0.022353688246553816,上昇トレンドへの転換期,transition_to_uptrend,3.0
2010-11-15,9782.1103515625,9830.58984375,9744.990234375,9827.509765625,128500000,9521.830861198896,0.03210295466092905,0.010228746520163146,0.014482966261985641,-0.01896273193951159,0.021125380927028092,上昇トレンドへの転換期,transition_to_uptrend,3.0
2010-11-16,9892.8203125,9908.2998046875,9774.1201171875,9797.099609375,133300000,9551.174418373603,0.02574816250117995,0.008499287623039642,0.01696001849516815,-0.015698350266946326,0.01994123495513178,上昇トレンドへの転換期,transition_to_uptrend,3.0
2010-11-17,9693.2099609375,9817.3701171875,9693.2099609375,9811.66015625,112600000,9579.878813467862,0.024194600714185333,0.009111526063258601,0.016387405596717697,-0.011998893309089764,0.012963547822665733,上昇トレンドへの転換期,transition_to_uptrend,3.0
2010-11-18,9820.599609375,10013.6298828125,9798.5595703125,10013.6298828125,188900000,9633.257386139838,0.03948534555091765,0.011702216366287432,0.017166348959390954,-0.002637506342261786,0.007666009589829104,上昇トレンドへの転換期,transition_to_uptrend,3.0
2010-11-19,10124.83984375,10130.23046875,10019.080078125,10022.3896484375,160800000,9693.412063163247,0.03393826478546491,0.014892162843976653,0.021070728584481113,0.007841999065360206,0.009185059606305002,上昇トレンド,uptrend,4.0
2010-11-22,10133.48046875,10157.9697265625,10091.990234375,10115.1904296875,121800000,9758.498597945709,0.03655191709684513,0.018645307310853898,0.024855276280029814,0.017912796589418356,0.010372310018044173,上昇トレンド,uptrend,4.0
2010-11-24,9942.5400390625,10064.3095703125,9904.919921875,10030.1103515625,150100000,9812.102755422598,0.022218234110870982,0.01856540961316777,0.02731897938614214,0.02628698931264939,0.01035896089097399,上昇トレンド,uptrend,4.0
2010-11-25,10117.849609375,10123.26953125,10038.7900390625,10079.759765625,133800000,9871.30189112657,0.021117566537582677,0.018351621369665727,0.030420330291549336,0.03557676878324645,0.014032924694831639,上昇トレンド,uptrend,4.0
2010-11-26,10078.08984375,10134.6396484375,10039.5595703125,10039.5595703125,115800000,9924.868187334867,0.011555960322374048,0.01704868712326113,0.030271256077367248,0.044087513185511185,0.013104907117976294,上昇トレンド,uptrend,4.0
2010-11-29,10075.66015625,10149.9404296875,10044.009765625,10125.990234375,124800000,9985.621461650582,0.014057089312217386,0.017684150946349453,0.030145153902802146,0.05321134850667231,0.009074425318321033,上昇トレンド,uptrend,4.0
2010-11-30,10070.3095703125,10101.419921875,9937.0400390625,9937.0400390625,153300000,10033.852642506265,-0.009648597292892136,0.016467002344018322,0.028216845224379172,0.06193424919023016,0.003361568944349358,上昇トレンド,uptrend,4.0
2010-12-01,9939.7998046875,9988.0498046875,9918.5498046875,9988.0498046875,122600000,10094.913559846635,-0.010585900961469719,0.017133262558465256,0.02882265009584639,0.07165019670654438,0.0015036707097042523,上昇トレンド,uptrend,4.0
2010-12-02,10151.150390625,10187.58984375,10143.080078125,10168.51953125,131400000,10173.184467042756,-0.00045855216799306486,0.018783308190932546,0.030581840090166068,0.08303028716527394,0.00016150979861673243,上昇トレンド,uptrend,4.0
2010-12-03,10231.7802734375,10254.0,10154.990234375,10178.3203125,107700000,10239.227984967203,-0.00594846335647814,0.020468243831976318,0.03167395190532507,0.09142149338561745,0.0014026958279578228,上昇トレンド,uptrend,4.0
2010-12-06,10175.23046875,10179.8203125,10143.580078125,10167.23046875,95300000,10278.964525620675,-0.010870166600164266,0.01823204970333947,0.029376545575722668,0.09562003128526153,-0.0007686083270794786,上昇トレンド,uptrend,4.0
2010-12-07,10152.919921875,10167.099609375,10094.41015625,10141.099609375,114800000,10296.39210550919,-0.015082224389172172,0.01211101979577589,0.02616536960994753,0.09700692621610574,-0.0020514756144316415,上昇トレンド,uptrend,4.0
2010-12-08,10200.16015625,10258.900390625,10184.3203125,10232.330078125,126600000,10318.819297781884,-0.008381697281536371,0.007773175178005021,0.022180054995800447,0.09869490433904948,-0.006642595100045945,上昇トレンド,uptrend,4.0
2010-12-09,10277.8701171875,10298.25,10240.1103515625,10285.8798828125,153400000,10340.853435173582,-0.005316152356834802,0.006020928411480275,0.016481463466430757,0.09712381537186787,-0.014100376623735311,上昇トレンド,uptrend,4.0
2010-12-10,10373.7001953125,10373.7001953125,10194.26953125,10211.9501953125,240700000,10347.335424723226,-0.013084066946089878,0.004947686402383411,0.010558163165693912,0.09256515979392632,-0.02111578873963116,上昇トレンド,uptrend,4.0
2010-12-13,10212.51953125,10293.8896484375,10199.73046875,10293.8896484375,145300000,10367.34725097948,-0.007085477197172008,0.004702859096294754,0.008598407469790015,0.09206074621277138,-0.020778138105932653,上昇トレンド,uptrend,4.0
2010-12-14,10272.7001953125,10319.240234375,10267.2197265625,10316.76953125,170500000,10390.146790011608,-0.007062196544917687,0.004766855574062978,0.009105586067594817,0.0911921185610498,-0.017059783542352713,上昇トレンド,uptrend,4.0
2010-12-15,10338.1396484375,10340.6904296875,10282.849609375,10309.7802734375,137400000,10408.313893628221,-0.009466818660325171,0.005893156682569511,0.00867294922642703,0.08974178857060111,-0.013507105769373418,上昇トレンド,uptrend,4.0
2010-12-16,10297.5498046875,10347.3896484375,10282.5400390625,10311.2900390625,140800000,10426.77965242328,-0.011076249543063743,0.005732652722535647,0.008309393203217441,0.08840412863728542,-0.008172070263213316,上昇トレンド,uptrend,4.0
2010-12-17,10307.169921875,10327.419921875,10280.7998046875,10303.830078125,140400000,10433.682180693593,-0.012445472300169347,0.004190065026207002,0.008344830086792765,0.08308973408157794,-0.0022133330789011474,上昇トレンド,uptrend,4.0
2010-12-20,10296.5498046875,10301.150390625,10182.740234375,10216.41015625,113600000,10422.763709449522,-0.019798352812357978,0.0013882955461352875,0.00534528815602342,0.07524199338001392,-0.003253119313766595,上昇トレンド,uptrend,4.0
2010-12-21,10277.1396484375,10372.509765625,10266.2900390625,10370.5302734375,113300000,10423.638817363959,-0.005095009991903154,-0.00030122771977736384,0.0032234412111047384,0.06816009786159838,-0.005882144856490079,上昇トレンド,uptrend,4.0
2010-12-22,10348.48046875,10394.2197265625,10327.599609375,10346.48046875,142100000,10422.805054789984,-0.007322845015210855,-0.0010425011721879596,0.0013922678841031821,0.06223969668783624,-0.007280681342323847,上昇トレンド,uptrend,4.0
2010-12-24,10275.9697265625,10290.8896484375,10264.0595703125,10279.1904296875,86200000,10417.7249587445,-0.013297963769020038,-0.00048343710415821306,-0.0008684075026631488,0.055354711429615566,-0.00917780070588059,下降トレンドへの転換期,transition_to_downtrend,2.0
2010-12-27,10292.83984375,10376.91015625,10292.83984375,10355.990234375,83100000,10421.03656387026,-0.006241829120989362,-0.00024964923855219645,-0.0012119994268879886,0.04999243991658786,-0.009556829513680754,下降トレンドへの転換期,transition_to_downtrend,2.0
2010-12-28,10330.009765625,10340.83984375,10292.6298828125,10292.6298828125,77900000,10416.708794676635,-0.011911527365298435,-0.000584896300113269,-0.0005809317894636123,0.04317080661245054,-0.005926219945487032,下降トレンドへの転換期,transition_to_downtrend,2.0
2010-12-29,10282.83984375,10344.5400390625,10276.6103515625,10344.5400390625,87600000,10423.725102621533,-0.007596618558092794,0.0005759552974180515,8.277844146808988e-06,0.03885570916834635,-0.0032151633669579294,上昇トレンド,uptrend,4.0
2010-12-30,10303.1298828125,10315.4697265625,10209.9296875,10228.919921875,107800000,10426.58169405636,-0.018957485586482914,0.0005321092726346954,0.00036234384568478717,0.032854975155900634,-0.001029924038418395,上昇トレンド,uptrend,4.0
2011-01-04,10352.1904296875,10409.169921875,10321.2802734375,10398.099609375,114100000,10436.55858927681,-0.0036850250561832887,0.0019055725749306252,0.001807844861223984,0.02588905402111652,0.0026762523638871327,上昇トレンド,uptrend,4.0
2011-01-05,10387.9501953125,10413.4501953125,10358.009765625,10380.76953125,114600000,10437.650860354584,-0.0054496294104487975,0.0013359674776485253,0.0015943036359671314,0.019378694924919948,0.00280630306285512,上昇トレンド,uptrend,4.0
2011-01-06,10477.51953125,10530.1103515625,10477.51953125,10529.759765625,166000000,10454.827714111396,0.00716722011712001,0.002709039346149078,0.0036594014660600305,0.017109037398891358,0.004240333255523643,上昇トレンド,uptrend,4.0
2011-01-07,10506.7197265625,10550.7099609375,10503.01953125,10541.0400390625,161800000,10475.221510445645,0.006283258883950316,0.0037045661017569564,0.004940307550048484,0.01736816188660595,0.004932029705901675,上昇トレンド,uptrend,4.0
2011-01-11,10484.6201171875,10538.3896484375,10476.2900390625,10510.6796875,138500000,10489.508599487106,0.0020183107542262047,0.004968334333685487,0.006035238324235914,0.016541553522689822,0.005672894478551127,上昇トレンド,uptrend,4.0
2011-01-12,10562.2802734375,10576.509765625,10502.9599609375,10512.7998046875,170700000,10497.713299372708,0.0014371230080834074,0.0041019887112465625,0.005859662413885358,0.015168947629175422,0.004051817552661374,上昇トレンド,uptrend,4.0
2011-01-13,10593.4599609375,10620.5703125,10565.2802734375,10589.759765625,160900000,10514.926730778832,0.007116838449013674,0.0037903943409305363,0.007403569199441851,0.016196566475962015,0.005809265563474719,上昇トレンド,uptrend,4.0
2011-01-14,10502.76953125,10579.9697265625,10497.259765625,10499.0400390625,170900000,10522.759860306454,-0.0022541444981015735,0.0031699541026140032,0.006497682032901242,0.014990585881291096,0.0028382805668412114,上昇トレンド,uptrend,4.0
2011-01-17,10562.08984375,10562.3896484375,10482.6904296875,10502.8603515625,126700000,10526.836187024237,-0.0022775917698131254,0.0027742125185747923,0.004927311229373288,0.013155675254177712,-1.299632067519596e-05,上昇トレンド,uptrend,4.0
2011-01-18,10461.0400390625,10548.2099609375,10456.7099609375,10518.98046875,126400000,10532.437959122693,-0.0012777184565362365,0.0016653685557888043,0.0040925996893397265,0.011925472921263225,-0.0019426386348961877,上昇トレンド,uptrend,4.0
2011-01-19,10567.8798828125,10580.6796875,10534.01953125,10557.099609375,138600000,10542.71789722074,0.0013641370559722699,0.0018966542218235016,0.004287085821892411,0.011119276388517063,-0.0015725765919929469,上昇トレンド,uptrend,4.0
2011-01-20,10492.3203125,10505.6298828125,10421.830078125,10437.3095703125,132900000,10542.173082072442,-0.009947048956943094,0.0014569330020648419,0.0025912069566642604,0.010398141279365447,-0.00481236224277759,上昇トレンド,uptrend,4.0
2011-01-21,10459.0400390625,10461.0703125,10257.990234375,10274.51953125,183900000,10530.686282845605,-0.024325741429872316,-0.00016631251794563262,0.0007532646039989377,0.010354506386654139,-0.005744417428902304,上昇トレンド,uptrend,4.0
2011-01-24,10318.599609375,10347.9404296875,10278.8095703125,10345.1103515625,134100000,10523.289635817515,-0.01693189966458364,-0.001842813361092266,-0.0003369057087725391,0.0095600797571338,-0.005264216938145827,下降トレンドへの転換期,transition_to_downtrend,2.0
2011-01-25,10374.6396484375,10480.240234375,10355.7998046875,10464.419921875,142900000,10522.010546776934,-0.005473347954357832,-0.0019125596913027731,-0.0009900283662936937,0.009518118343905702,-0.00508262805563342,下降トレンドへの転換期,transition_to_downtrend,2.0
2011-01-26,10410.2900390625,10440.349609375,10392.4599609375,10401.900390625,111000000,10519.481518678904,-0.0111774641977479,-0.0010640108218733513,-0.002204021654412469,0.009767637400427853,-0.00649110747630488,下降トレンドへの転換期,transition_to_downtrend,2.0
2011-01-27,10466.33984375,10496.400390625,10421.75,10478.66015625,145300000,10524.126832104243,-0.004320232602627372,7.95565185127689e-05,-0.0017118149956092399,0.009892515739882812,-0.0043030219522735,下降トレンドへの転換期,transition_to_downtrend,2.0
2011-01-28,10460.2900390625,10480.080078125,10332.650390625,10360.33984375,150700000,10517.155117781344,-0.014910427038032026,-0.00046145448856993454,-0.0012849271833597076,0.009642808019749927,-0.0020381917873586453,下降トレンドへの転換期,transition_to_downtrend,2.0
2011-01-31,10219.98046875,10265.9599609375,10182.5703125,10237.919921875,146000000,10499.205475641436,-0.024886221569111022,-0.0019274755130720411,-0.0022886531692623002,0.007241209095289802,-0.0019517474604897611,下降トレンドへの転換期,transition_to_downtrend,2.0
2011-02-01,10281.5498046875,10299.3798828125,10245.75,10274.5,149000000,10489.078950040228,-0.020457368188596337,-0.0033302413229285843,-0.0031297817646450676,0.0059940312000330565,-0.002139753398351374,下降トレンドへの転換期,transition_to_downtrend,2.0
2011-02-02,10368.48046875,10479.75,10366.9599609375,10457.3603515625,180500000,10494.497201670962,-0.003538697413969394,-0.0021543769067430274,-0.002375052131949551,0.005551505498534892,-0.0001710304775370819,下降トレンドへの転換期,transition_to_downtrend,2.0
2011-02-03,10424.6796875,10450.4599609375,10409.83984375,10431.3603515625,150700000,10490.634901908852,-0.005650234795185449,-0.0008163068865038037,-0.0031823951506572135,0.005076241988081653,-0.0014705801550479736,下降トレンドへの転換期,transition_to_downtrend,2.0
2011-02-04,10526.3896484375,10580.3603515625,10524.1298828125,10543.51953125,200300000,10491.677245117991,0.004941277254419063,0.00024771432173786856,-0.002422506122428225,0.0035246425875443688,-0.0011375789390685176,下降トレンドへの転換期,transition_to_downtrend,2.0
2011-02-07,10641.2998046875,10644.2099609375,10572.7197265625,10592.0400390625,162300000,10490.602713918193,0.009669351505393164,-0.000371098079110288,-0.0008193726414061908,0.0014683415961382895,0.0014692805278561094,下降トレンドへの転換期,transition_to_downtrend,2.0
2011-02-08,10645.0302734375,10648.7998046875,10623.7001953125,10635.98046875,150400000,10495.452667789139,0.013389398762394089,0.00045924445234590827,0.0006076527576224233,0.0005666679468974145,0.003737434522267491,上昇トレンド,uptrend,4.0
2011-02-09,10686.7197265625,10701.919921875,10599.5,10617.830078125,165000000,10500.24370204069,0.011198442571523914,0.000816500233714823,0.0005475727192354451,0.0002410432249215777,0.002922624851184996,上昇トレンド,uptrend,4.0
2011-02-10,10574.7998046875,10631.9404296875,10570.6201171875,10605.650390625,145600000,10500.383873537661,0.010025016071328885,0.0009323734666351058,0.0009293023463274874,-0.0013830678628127258,0.004111697496984701,上昇トレンドへの転換期,transition_to_uptrend,3.0
2011-02-14,10689.650390625,10725.5400390625,10674.4404296875,10725.5400390625,140600000,10513.52794686857,0.0201656468946827,0.0017222009999533494,0.002082670028831224,-0.0008773281496909924,0.004505176151259449,上昇トレンドへの転換期,transition_to_uptrend,3.0
2011-02-15,10738.8095703125,10760.990234375,10712.490234375,10746.669921875,142700000,10532.78011699106,0.020307060672319688,0.0030986342673213763,0.004020493790781732,0.0005646454320387129,0.0048398664321879226,上昇トレンド,uptrend,4.0
2011-02-16,10758.8603515625,10842.3095703125,10752.6103515625,10808.2900390625,189100000,10556.88171481261,0.023814638739120486,0.005380550078491142,0.005852920209149293,0.002320806994998259,0.005245267451526869,上昇トレンド,uptrend,4.0
2011-02-17,10882.91015625,10891.599609375,10820.48046875,10836.6396484375,173700000,10580.949052612803,0.024165185424605884,0.006412795598675691,0.007686045473061398,0.0036263092463226787,0.007138472753825953,上昇トレンド,uptrend,4.0
2011-02-18,10829.150390625,10862.4296875,10810.1201171875,10842.7998046875,151300000,10609.445355504078,0.021994971590325374,0.007278727711152344,0.010386428084907084,0.006381252983413521,0.009457125738579597,上昇トレンド,uptrend,4.0
2011-02-21,10820.7802734375,10859.3896484375,10789.41015625,10857.5302734375,136400000,10652.241769677046,0.019271859219796683,0.009032975592653703,0.013193841639978832,0.011542978640381119,0.011111171611147608,上昇トレンド,uptrend,4.0
2011-02-22,10745.51953125,10761.2197265625,10639.7802734375,10664.7001953125,178900000,10679.482531251648,-0.0013841809184939047,0.009312347895155337,0.013928175907131468,0.014842592082850992,0.009907682116349736,上昇トレンド,uptrend,4.0
2011-02-23,10588.8203125,10666.7197265625,10569.9296875,10579.099609375,182300000,10688.460747279489,-0.010231701316985586,0.007447645859679053,0.012463816117429527,0.015819239085779202,0.006610895908280234,上昇トレンド,uptrend,4.0
2011-02-24,10533.2001953125,10542.7001953125,10428.3798828125,10452.7099609375,184900000,10682.457331111278,-0.02150697756635722,0.002836544840753019,0.009593494684998038,0.01549276094482277,0.0019074492119366404,上昇トレンド,uptrend,4.0
2011-02-25,10475.7802734375,10532.2099609375,10454.4599609375,10526.759765625,154700000,10683.149868742788,-0.014638950594090372,0.0003434002986950624,0.006947065635290128,0.015110330688284712,-0.003439362449616956,上昇トレンド,uptrend,4.0
2011-02-28,10504.5400390625,10628.759765625,10448.830078125,10624.08984375,186600000,10695.427473831363,-0.006669918547520082,0.0006517988620249326,0.004054142319342757,0.016950625340555803,-0.009139699320636074,上昇トレンド,uptrend,4.0
2011-03-01,10676.240234375,10754.0302734375,10672.91015625,10754.0302734375,156400000,10731.305968253584,0.002117571267760132,0.004572790288620343,0.00485261686137739,0.022106481595262517,-0.009075559045754078,上昇トレンド,uptrend,4.0
2011-03-02,10609.2802734375,10629.5,10492.3798828125,10492.3798828125,153300000,10744.283227625065,-0.023445337345993078,0.005722409554614893,0.0052226865650215615,0.02433047542118638,-0.0072411295524079655,上昇トレンド,uptrend,4.0
2011-03-03,10529.76953125,10593.33984375,10522.400390625,10586.01953125,122400000,10755.460392640476,-0.01575393848378792,0.005612951792342669,0.006833920255088222,0.024866669260530383,-0.002759574429909817,上昇トレンド,uptrend,4.0
2011-03-04,10730.91015625,10768.4296875,10664.3701171875,10693.66015625,148300000,10769.422325955818,-0.007034933482292782,0.0035518843479995788,0.008075563693574095,0.026574885757985722,0.0011284980582839665,上昇トレンド,uptrend,4.0
2011-03-07,10626.9697265625,10626.9697265625,10472.509765625,10505.01953125,149400000,10760.428581524795,-0.02373595515640725,0.001502692507045822,0.006077467015925375,0.025615669461416246,0.002023324696582618,上昇トレンド,uptrend,4.0
2011-03-08,10513.080078125,10565.099609375,10509.23046875,10525.1904296875,150300000,10745.93729552693,-0.020542355661363976,-0.0008854197557235377,0.0013634246676621498,0.024339362434341094,-0.0034891921937152404,上昇トレンド,uptrend,4.0
2011-03-09,10607.23046875,10662.0703125,10563.8203125,10589.5,131000000,10733.635530816642,-0.013428398085888471,-0.0033230004410659264,-0.000991010436233286,0.022693910455000577,-0.006213697001254848,下降トレンドへの転換期,transition_to_downtrend,2.0
2011-03-10,10544.1298828125,10549.169921875,10410.099609375,10434.3798828125,131000000,10705.637076571644,-0.025337790905761826,-0.005091944483254673,-0.004632374091854241,0.019560819763738913,-0.011466294346942463,下降トレンドへの転換期,transition_to_downtrend,2.0
2011-03-11,10298.6396484375,10378.5498046875,10254.4296875,10254.4296875,236000000,10662.655766204261,-0.03828559109993512,-0.007750047951362471,-0.009913861349297726,0.015453900983138924,-0.01798942504287182,下降トレンドへの転換期,transition_to_downtrend,2.0
2011-03-14,10044.169921875,10049.919921875,9578.650390625,9620.490234375,349800000,10555.569132980534,-0.08858630802614997,-0.016589569985385966,-0.01903822389528198,0.003998770567256393,-0.025115690911207356,下降トレンドへの転換期,transition_to_downtrend,2.0
2011-03-15,9441.66015625,9441.66015625,8227.6298828125,8605.150390625,415700000,10351.644529829222,-0.1687165874148342,-0.033065995438711804,-0.03669226376947454,-0.017197319715203885,-0.03805568843713669,下降トレンド,downtrend,1.0
2011-03-16,8767.2001953125,9168.509765625,8763.9501953125,9093.7197265625,372100000,10197.048680748492,-0.10820081267916482,-0.043667084042188664,-0.049991156167692674,-0.03408516300407427,-0.04900014573145939,下降トレンド,downtrend,1.0
2011-03-17,8913.349609375,9093.6103515625,8639.5595703125,8962.669921875,312100000,10032.451202179065,-0.10663209406607499,-0.04955847706657557,-0.06288143989728434,-0.05183824699527262,-0.0582490658054301,下降トレンド,downtrend,1.0
2011-03-18,9083.9501953125,9275.599609375,9073.25,9206.75,245400000,9894.09976666439,-0.06947067271145146,-0.04420020044606188,-0.07207922832657143,-0.06742535211499756,-0.062165366977273706,下降トレンド,downtrend,1.0
2011-03-22,9403.0498046875,9625.0302734375,9395.849609375,9608.3203125,252600000,9795.25648232627,-0.01908435681735965,-0.03940279300429217,-0.07202952688535691,-0.08045116754581128,-0.05299130299007493,下降トレンド,downtrend,1.0
2011-03-23,9590.3798828125,9592.400390625,9387.9501953125,9449.4697265625,265100000,9694.487352170245,-0.025273912555354938,-0.03368706642055874,-0.06348336013329259,-0.0922324818828053,-0.026791096363818045,下降トレンド,downtrend,1.0
2011-03-24,9479.76953125,9509.849609375,9418.7099609375,9435.009765625,200100000,9608.397196028958,-0.018045406207355508,-0.028876055161484615,-0.057727633077880425,-0.10104949410282826,-0.007736476910187751,下降トレンド,downtrend,1.0
2011-03-25,9565.490234375,9569.7099609375,9469.3701171875,9536.1298828125,203700000,9543.335455118084,-0.0007550370978229859,-0.02571867593898436,-0.04875336417831211,-0.10663481638027694,0.014128075718972233,下降トレンド,downtrend,1.0
2011-03-28,9541.759765625,9541.759765625,9405.2001953125,9478.5302734375,192700000,9477.429702647369,0.00011612545011274733,-0.022389801712855317,-0.042112983883676236,-0.11286186011703969,0.029966244442895196,下降トレンド,downtrend,1.0
2011-03-29,9348.599609375,9502.23046875,9317.3798828125,9459.080078125,200600000,9403.897679690925,0.0058680347568274005,-0.021283416179188608,-0.03995391068538934,-0.1207553225245499,0.03207561619996757,下降トレンド,downtrend,1.0
2011-03-30,9489.509765625,9708.7900390625,9479.0302734375,9708.7900390625,217100000,9343.866992641153,0.03905482031248364,-0.020901336164386386,-0.03616698302779264,-0.12928892156433625,0.027316377105499945,下降トレンド,downtrend,1.0
2011-03-31,9765.2802734375,9765.8095703125,9658.6396484375,9755.099609375,187100000,9296.814786500578,0.04929482122628426,-0.019057373339982586,-0.03242813584529525,-0.13471987013548214,0.025299497232585177,下降トレンド,downtrend,1.0
2011-04-01,9757.2802734375,9822.0595703125,9698.599609375,9708.3896484375,191500000,9255.146416163192,0.04897202182374594,-0.01581804360217387,-0.03019793659252923,-0.1394932361522978,0.01855542758578288,下降トレンド,downtrend,1.0
2011-04-04,9773.91015625,9808.599609375,9718.8896484375,9718.8896484375,171800000,9206.627054955932,0.055640636948122824,-0.014687702403438085,-0.028573427204191426,-0.14511412253128286,0.01353955667948481,下降トレンド,downtrend,1.0
2011-04-05,9732.259765625,9732.259765625,9566.0498046875,9615.5498046875,182900000,9155.275081540245,0.050274264732395046,-0.015224537458340515,-0.026438250034091282,-0.1491718929058765,0.013515660651298056,下降トレンド,downtrend,1.0
2011-04-06,9668.1103515625,9671.4599609375,9562.16015625,9584.3701171875,203300000,9110.547992690585,0.05200808171770399,-0.015623569522366543,-0.024970282660735754,-0.15218675280350724,0.011196700367056889,下降トレンド,downtrend,1.0
2011-04-07,9652.650390625,9687.1796875,9578.4697265625,9590.9296875,165400000,9063.770549700539,0.05816113006268431,-0.015516703826782385,-0.025067105471266338,-0.15557310254497303,0.00736103037402891,下降トレンド,downtrend,1.0
2011-04-08,9586.169921875,9804.2802734375,9536.6796875,9768.080078125,215000000,9038.280891616256,0.08074535359768387,-0.012778883090021398,-0.023431884790952817,-0.15574562943145642,0.0067660518015764115,下降トレンド,downtrend,1.0
2011-04-11,9731.3203125,9775.599609375,9700.75,9719.7001953125,147500000,9025.781347019316,0.07688185893427879,-0.009304231286556774,-0.019642992689626437,-0.15351470169121362,0.008930434514564989,下降トレンド,downtrend,1.0
2011-04-12,9603.5,9603.6396484375,9513.26953125,9555.259765625,169000000,9039.230172661331,0.05708778105068868,-0.0027075240822395097,-0.012675196304357317,-0.14365297988352432,0.013763053729733965,下降トレンド,downtrend,1.0
2011-04-13,9516.5,9655.830078125,9516.5,9641.1796875,157400000,9138.940255871305,0.054955981499718476,0.011137003315355942,0.003116416619889373,-0.11715088075748714,0.028086699280625127,上昇トレンドへの転換期,transition_to_uptrend,3.0
2011-04-14,9579.7900390625,9676.9697265625,9553.75,9653.919921875,153100000,9260.346936027017,0.04250088993067869,0.025988397013978703,0.021688146809163644,-0.09186008364262499,0.04675525228042998,上昇トレンドへの転換期,transition_to_uptrend,3.0
2011-04-15,9646.2197265625,9651.9599609375,9577.9599609375,9591.51953125,147900000,9354.641549427695,0.025321973115773444,0.034893610489121984,0.03500230426616757,-0.06756171937364108,0.05843418905712039,上昇トレンドへの転換期,transition_to_uptrend,3.0
2011-04-18,9593.41015625,9608.919921875,9539.0302734375,9556.650390625,110100000,9435.077192977304,0.012885236141807699,0.03240385961772163,0.04534741428155176,-0.046393566318549295,0.0649904069711782,上昇トレンドへの転換期,transition_to_uptrend,3.0
2011-04-19,9448.650390625,9478.8701171875,9405.1904296875,9441.0302734375,131500000,9468.630040526183,-0.002914863815626334,0.02249193317896636,0.04750403072637188,-0.033345368994617264,0.0601792270307292,上昇トレンドへの転換期,transition_to_uptrend,3.0
2011-04-20,9536.7900390625,9631.0,9519.3603515625,9606.8203125,125900000,9503.015117897978,0.01092339571327372,0.015860957118058572,0.03983775490738917,-0.019750630158840043,0.036721338287499794,上昇トレンドへの転換期,transition_to_uptrend,3.0
2011-04-21,9686.26953125,9725.1201171875,9643.919921875,9685.76953125,118000000,9550.115201077224,0.014204470555232218,0.01219258790861244,0.031291296865225915,-0.006065735394017779,0.00960315005606227,上昇トレンドへの転換期,transition_to_uptrend,3.0
2011-04-22,9623.0,9732.6298828125,9611.3798828125,9682.2099609375,126200000,9589.380845207654,0.00968040765387257,0.012752721794457189,0.02509335013422498,0.004824873893003012,-0.009908954131942593,上昇トレンド,uptrend,4.0
2011-04-25,9705.900390625,9748.400390625,9657.240234375,9671.9599609375,100600000,9623.01024815957,0.005086736012495985,0.012627058756919496,0.01991854982618979,0.015360762366988023,-0.025428864455361966,上昇トレンド,uptrend,4.0
2011-04-26,9627.4296875,9627.4296875,9536.509765625,9558.6904296875,100300000,9646.540680685921,-0.009106917589049579,0.010096787062612744,0.018789480568812245,0.02580238633593579,-0.028714550157559637,上昇トレンド,uptrend,4.0
2011-04-27,9631.5302734375,9728.0302734375,9630.3701171875,9691.83984375,115900000,9668.292495284815,0.0024355229712660353,0.008229066229713755,0.0173920987535372,0.03472068929268435,-0.022445656153851967,上昇トレンド,uptrend,4.0
2011-04-28,9749.3603515625,9849.740234375,9712.580078125,9849.740234375,158100000,9688.123139762018,0.016681981874246965,0.0067663745463537595,0.01445091873543336,0.04209058287679768,-0.016840378129792555,上昇トレンド,uptrend,4.0
2011-05-02,9964.3896484375,10017.4697265625,9936.26953125,10004.2001953125,127800000,9720.839879606205,0.029149777099072516,0.007702159912002848,0.013708813584585977,0.05031724432038431,-0.011384536549639002,上昇トレンド,uptrend,4.0
2011-05-06,9851.150390625,9876.099609375,9782.66015625,9859.2001953125,132400000,9738.481368655925,0.012396062803500252,0.007259696932559789,0.011999480154189612,0.05776863888645245,-0.007919069672000179,上昇トレンド,uptrend,4.0
2011-05-09,9881.669921875,9897.8798828125,9776.740234375,9794.3798828125,110700000,9751.586600308974,0.004388340508832744,0.0065506455307622335,0.010889491176186539,0.06513310779389592,-0.007899989392625706,上昇トレンド,uptrend,4.0
2011-05-10,9804.26953125,9853.1298828125,9755.9296875,9818.759765625,131900000,9770.893891375139,0.004898822439583839,0.005149144764121205,0.010612152677462072,0.07248146864649097,-0.006779946076075127,上昇トレンド,uptrend,4.0
2011-05-11,9912.48046875,9929.0400390625,9842.669921875,9864.259765625,141700000,9792.891072187827,0.007287806319000278,0.00558708298267363,0.010814058710280072,0.08044340029231845,-0.003636860025153288,上昇トレンド,uptrend,4.0
2011-05-12,9770.7099609375,9836.7099609375,9716.650390625,9716.650390625,144900000,9788.679289743583,-0.0073583878873274555,0.003803759424485076,0.006978760166567621,0.08302446085996085,-0.006730053418018356,上昇トレンド,uptrend,4.0
2011-05-13,9751.4501953125,9751.4501953125,9552.9296875,9648.76953125,212600000,9770.390196199216,-0.01244788207092562,-5.155057270322949e-05,0.003276571195791611,0.08249799330955443,-0.008722908958398001,上昇トレンド,uptrend,4.0
2011-05-16,9571.1298828125,9598.330078125,9552.8603515625,9558.2998046875,126100000,9752.481687515534,-0.019911022553019797,-0.004126399892985355,9.178887941496683e-05,0.07890622334315522,-0.010797702296771572,上昇トレンド,uptrend,4.0
2011-05-17,9513.5,9593.1298828125,9502.3896484375,9567.01953125,136000000,9739.052998156509,-0.01766429107009404,-0.005069763766708646,-0.0032587492580117283,0.06566546289649522,-0.0138709019354738,下降トレンドへの転換期,transition_to_downtrend,2.0
2011-05-18,9602.8798828125,9693.599609375,9590.400390625,9662.080078125,132800000,9732.73509137607,-0.007259522897492099,-0.0038540021500671484,-0.0061428213964926925,0.05101192845283631,-0.016956880106772765,下降トレンドへの転換期,transition_to_downtrend,2.0
2011-05-19,9711.3203125,9731.1201171875,9600.8095703125,9620.8203125,117200000,9726.116827587915,-0.01082616186443952,-0.0027034000957283366,-0.006391307785639566,0.0397102632097055,-0.013370067952207187,下降トレンドへの転換期,transition_to_downtrend,2.0
2011-05-20,9612.8701171875,9670.919921875,9600.48046875,9607.080078125,120800000,9724.220562325556,-0.01204625948679039,-0.001522985431310464,-0.004725464689385728,0.030645575381563095,-0.008002035885177339,下降トレンドへの転換期,transition_to_downtrend,2.0
2011-05-23,9547.8603515625,9547.8603515625,9437.8701171875,9460.6298828125,131500000,9716.160635856886,-0.026299560353229,-0.0017029596884712284,-0.003724288116853769,0.026142176246327198,-0.0038160769962687358,下降トレンドへの転換期,transition_to_downtrend,2.0
2011-05-24,9406.0400390625,9490.349609375,9406.0400390625,9477.169921875,115900000,9706.89397304458,-0.023666071949225875,-0.0019764161673249125,-0.0033020690120503238,0.021454122993303182,-4.331975403859545e-05,下降トレンドへの転換期,transition_to_downtrend,2.0
2011-05-25,9492.4296875,9503.76953125,9415.330078125,9422.8798828125,116700000,9681.59386282598,-0.02672225086892488,-0.00438355950755831,-0.005254558772015194,0.013767233062688566,0.0008882626244774983,下降トレンドへの転換期,transition_to_downtrend,2.0
2011-05-26,9499.4501953125,9567.4599609375,9489.1201171875,9562.0498046875,117500000,9667.251807841023,-0.0108823071173334,-0.005033760746540938,-0.006052263281469461,0.008120541241438461,0.0003390445041701051,下降トレンドへの転換期,transition_to_downtrend,2.0
2011-05-27,9514.16015625,9588.7001953125,9493.4404296875,9521.9404296875,108900000,9650.4063177819,-0.013311966757056481,-0.005819333704431329,-0.0075907620637105655,0.0028469334351557407,-0.0028652973743248378,下降トレンドへの転換期,transition_to_downtrend,2.0
2011-05-30,9489.7802734375,9540.01953125,9448.0,9504.9697265625,93700000,9638.628026862172,-0.013866942465999954,-0.0044378886960732,-0.007979757838562751,-0.0008202581718844693,-0.004255469721708982,下降トレンド,downtrend,1.0
2011-05-31,9500.599609375,9697.349609375,9497.400390625,9693.73046875,156500000,9644.184408588075,0.00513740281840791,-0.002386138243987701,-0.006460312086507325,-0.002493520619954115,-0.003158243074457001,下降トレンド,downtrend,1.0
2011-06-01,9708.0498046875,9720.73046875,9659.3095703125,9719.6103515625,136000000,9638.358643712827,0.008430035740854436,-0.0012484110691665107,-0.004465712952405609,-0.005136649826935735,0.0007888458196095849,下降トレンド,downtrend,1.0
2011-06-02,9560.6298828125,9575.009765625,9517.2802734375,9555.0400390625,144100000,9602.6740268927,-0.004960492014703388,-0.0037301989317639617,-0.006680055741999369,-0.012155930369906587,-0.0006277924605299079,下降トレンド,downtrend,1.0
2011-06-03,9550.58984375,9603.0302734375,9490.6796875,9492.2099609375,115700000,9562.419714139898,-0.007342258058238071,-0.00847813469590708,-0.009117398868468185,-0.018078964044917156,-0.0015266368047576195,下降トレンド,downtrend,1.0
2011-06-06,9467.3701171875,9490.5498046875,9359.7802734375,9380.349609375,140300000,9522.806952695926,-0.014959595844857065,-0.011988731202929093,-0.012016344426142522,-0.023460761514008333,-0.004036586587579771,下降トレンド,downtrend,1.0
2011-06-07,9371.2099609375,9454.66015625,9358.3095703125,9442.9501953125,128400000,9492.363685189455,-0.005205604369547423,-0.011487460825423845,-0.015742204521040137,-0.028506113082605977,-0.009281892434532812,下降トレンド,downtrend,1.0
2011-06-08,9428.6201171875,9458.4296875,9394.740234375,9449.4599609375,117200000,9460.616659140167,-0.001179278117340088,-0.010646160495255796,-0.018441105082617204,-0.03393016532077353,-0.013975392130211595,下降トレンド,downtrend,1.0
2011-06-09,9411.7099609375,9472.41015625,9383.1201171875,9467.150390625,143100000,9436.921920604802,0.0032032128987098396,-0.009018877786534318,-0.017261036438777633,-0.035935120431143996,-0.010580980696778264,下降トレンド,downtrend,1.0
2011-06-10,9536.83984375,9613.75,9493.0498046875,9514.4404296875,188800000,9428.263485959667,0.009140277406986419,-0.006752817459975802,-0.014029527273505371,-0.03501668852208584,-0.004912128405037186,下降トレンド,downtrend,1.0
2011-06-13,9405.16015625,9466.509765625,9391.259765625,9448.2099609375,96400000,9421.071049092478,0.0028806609889262536,-0.004180024566314389,-0.01068339451894984,-0.03398218515470841,0.001332949907192682,下降トレンド,downtrend,1.0
2011-06-14,9446.83984375,9565.650390625,9438.41015625,9547.7900390625,141200000,9427.297051377174,0.012781286834249395,-0.0010199161663733136,-0.006854629254650413,-0.03201090977103693,0.008887575266389725,下降トレンド,downtrend,1.0
2011-06-15,9589.5400390625,9599.900390625,9520.9296875,9574.3203125,142800000,9430.967580321756,0.015200214713637417,0.0002868072541795108,-0.0031339478055868453,-0.031005417102300648,0.015307157277030359,下降トレンド,downtrend,1.0
2011-06-16,9478.6298828125,9497.58984375,9411.2802734375,9411.2802734375,125500000,9417.0913593539,-0.0006170786386848759,-0.0004224243419711504,-0.0021013802400550174,-0.03177274895130511,0.015159656198722615,下降トレンド,downtrend,1.0
2011-06-17,9443.3203125,9447.4404296875,9318.6201171875,9351.400390625,139700000,9400.784040448683,-0.00525314161150825,-0.0028123661303977032,-0.002914581837037744,-0.033260919968224445,0.011114945436467627,下降トレンド,downtrend,1.0
2011-06-20,9383.240234375,9421.3798828125,9346.759765625,9354.3203125,121700000,9393.068756315213,-0.004125216669915388,-0.004018550979394853,-0.0029723045958730543,-0.033253040130823086,0.007711089923076786,下降トレンド,downtrend,1.0
2011-06-21,9420.4296875,9459.66015625,9378.3603515625,9459.66015625,116000000,9401.682341975293,0.006166748903635666,-0.0016362820313198245,-0.0027170788469150775,-0.03144276963535819,0.004137550407735335,下降トレンド,downtrend,1.0
2011-06-22,9525.25,9658.6201171875,9525.25,9629.4296875,137800000,9427.791854504856,0.021387599143779967,0.0028729320809803838,-0.00033673382819454645,-0.02621489931483667,0.002797213977392299,下降トレンド,downtrend,1.0
2011-06-23,9557.7197265625,9652.41015625,9553.2998046875,9596.740234375,127600000,9445.776186238008,0.01598217501246091,0.005611310987940765,0.0030460389295909884,-0.02290988442272468,0.005147419169646006,上昇トレンドへの転換期,transition_to_uptrend,3.0
2011-06-24,9626.4296875,9695.08984375,9609.240234375,9678.7099609375,130900000,9466.454415807299,0.02242186311865324,0.006889413136500044,0.006985627483415913,-0.019061570665232064,0.009900209320453657,上昇トレンドへの転換期,transition_to_uptrend,3.0
2011-06-27,9633.919921875,9638.490234375,9570.580078125,9578.3095703125,119300000,9479.735590704731,0.01039838913908353,0.0055096396909797285,0.009226679441822316,-0.016484964012992154,0.01219898403769537,上昇トレンドへの転換期,transition_to_uptrend,3.0
2011-06-28,9668.009765625,9703.41015625,9632.5400390625,9648.98046875,117500000,9491.202198836232,0.016623633825134876,0.004809134972349582,0.009521684907525918,-0.015862638380868543,0.012238763754440996,上昇トレンドへの転換期,transition_to_uptrend,3.0
2011-06-29,9767.91015625,9797.259765625,9734.66015625,9797.259765625,123400000,9506.571983207912,0.03057756075802609,0.004237866220918374,0.008356159100544103,-0.01367314346523929,0.00869289292873865,上昇トレンドへの転換期,transition_to_uptrend,3.0
2011-06-30,9838.08984375,9849.6904296875,9785.8896484375,9816.08984375,136200000,9530.004753191159,0.03001940691194771,0.0053028021726384544,0.0089170614772629,-0.007567608095206402,0.005871022547671911,上昇トレンドへの転換期,transition_to_uptrend,3.0
2011-07-01,9878.6904296875,9900.5703125,9849.6396484375,9868.0703125,111600000,9567.761234411593,0.031387601627046235,0.008066315938854318,0.010701664441031822,0.0005585950451219013,0.003716036957615909,上昇トレンド,uptrend,4.0
2011-07-04,9980.16015625,10005.75,9940.4697265625,9965.08984375,131400000,9621.621407200326,0.035697563021201306,0.012102093603838737,0.014967275736542662,0.010376610068360659,0.005740596294720346,上昇トレンド,uptrend,4.0
2011-07-05,9959.3896484375,9995.169921875,9948.3798828125,9972.4599609375,132600000,9676.3549130694,0.03060088747552725,0.015356777217685469,0.019507825284332148,0.019383078228135897,0.00998614037680623,上昇トレンド,uptrend,4.0
2011-07-06,9987.25,10082.48046875,9967.8701171875,10082.48046875,137700000,9736.385769522134,0.035546526957800806,0.017624241552356423,0.024174201459806754,0.029149168634323486,0.015818042359262652,上昇トレンド,uptrend,4.0
2011-07-07,10047.150390625,10102.1904296875,10029.330078125,10071.1396484375,133200000,9791.711550033006,0.02853720689959993,0.017677908497355066,0.027461350085288716,0.03759590599701235,0.018544288608025816,上昇トレンド,uptrend,4.0
2011-07-08,10205.7099609375,10207.91015625,10126.4697265625,10137.73046875,127300000,9848.420537784184,0.029376277125439332,0.017782070444975595,0.029333853186382486,0.044563567029093365,0.018632188745350664,上昇トレンド,uptrend,4.0
2011-07-11,10069.009765625,10109.2998046875,10057.76953125,10069.5302734375,104900000,9897.493421636114,0.01738186068659675,0.016546966803461682,0.028672092026957197,0.050569873643987684,0.013704816290414534,上昇トレンド,uptrend,4.0
2011-07-12,9943.3203125,9971.1396484375,9907.8095703125,9925.919921875,135000000,9928.9406392982,-0.0003042336068809215,0.014014821470586636,0.026103396216652364,0.053211815135043805,0.006595570932320216,上昇トレンド,uptrend,4.0
2011-07-13,9891.1103515625,9979.669921875,9887.330078125,9963.1396484375,119000000,9956.929669679159,0.0006236841038711471,0.011017922262627877,0.022651516217382817,0.0557696848046485,-0.0015226852424239379,上昇トレンド,uptrend,4.0
2011-07-14,9929.1796875,9998.490234375,9884.0,9936.1201171875,126800000,9987.541383215468,-0.005148540972694682,0.009098057229571577,0.01999955086317895,0.060576031610327874,-0.007461799222109766,上昇トレンド,uptrend,4.0
2011-07-15,9919.58984375,9985.3203125,9919.099609375,9974.4697265625,101300000,10030.740704005659,-0.005609852662295189,0.010252862657325057,0.01851263007321724,0.06701107703851772,-0.010821223113165246,上昇トレンド,uptrend,4.0
2011-07-19,9921.5,9945.7197265625,9889.7197265625,9889.7197265625,108800000,10065.890841134957,-0.017501790686276997,0.010943250085174938,0.017014148161060838,0.07162963481635187,-0.011657943865896359,上昇トレンド,uptrend,4.0
2011-07-20,10008.0,10042.75,9986.330078125,10005.900390625,104400000,10105.676552173258,-0.009873278749140346,0.011828253263242772,0.01780007750026691,0.0748795996919478,-0.008303318716385455,上昇トレンド,uptrend,4.0
2011-07-21,10019.9404296875,10026.1796875,9974.0,10010.3896484375,125500000,10131.1938568183,-0.011923985473784815,0.01001452991128815,0.017501799542665175,0.07460941153228151,-0.0051497166747176415,上昇トレンド,uptrend,4.0
2011-07-22,10096.8896484375,10149.1796875,10076.5302734375,10132.1103515625,134200000,10161.752585644903,-0.002917039539446886,0.00952342381045912,0.017442851623344025,0.07579857761716124,-0.0025566992398349253,上昇トレンド,uptrend,4.0
2011-07-25,10080.8203125,10091.01953125,10039.099609375,10050.009765625,104100000,10180.413792228153,-0.012809305128903992,0.007395570169799637,0.014921439267463477,0.07541993496833088,-0.0035911908057537634,上昇トレンド,uptrend,4.0
2011-07-26,10078.48046875,10130.25,10043.990234375,10097.7197265625,111200000,10204.091686006275,-0.010424441755031655,0.007195383902255159,0.01372961887352786,0.07641100201273598,-0.003284529287532978,上昇トレンド,uptrend,4.0
2011-07-27,10048.33984375,10053.5,10009.3701171875,10047.1904296875,123900000,10222.952900088201,-0.017192925773842238,0.006022614103964097,0.011604997182471877,0.07709778865965933,-0.006195080317795032,上昇トレンド,uptrend,4.0
2011-07-28,9936.9697265625,9945.98046875,9853.849609375,9901.349609375,131400000,10215.785184775405,-0.03077938403295799,0.0034744552892589375,0.008349591287326374,0.07460241218603536,-0.0091522082553388,上昇トレンド,uptrend,4.0
2011-07-29,9866.8203125,9914.2197265625,9824.33984375,9833.0302734375,146500000,10194.052175884339,-0.03541495533060879,-0.0009838710226118819,0.0031785452329418096,0.06967965283236843,-0.014264306390402215,上昇トレンド,uptrend,4.0
2011-08-01,9907.0400390625,10040.1298828125,9906.169921875,9965.009765625,145000000,10182.84733223596,-0.02139259870089083,-0.003923090348180613,0.0002390413648671874,0.06428735863643187,-0.01468239790259629,上昇トレンド,uptrend,4.0
2011-08-02,9872.169921875,9873.4599609375,9822.2998046875,9844.58984375,120500000,10153.617762447606,-0.030435252333461116,-0.0060854277183164385,-0.004946439635375777,0.05529175725508817,-0.018676058508903637,下降トレンドへの転換期,transition_to_downtrend,2.0
2011-08-03,9705.01953125,9705.01953125,9610.3798828125,9637.1396484375,131200000,10101.21853090646,-0.04594286135370995,-0.009106648011620977,-0.011907945812866916,0.04390740332015097,-0.023512942995338793,下降トレンドへの転換期,transition_to_downtrend,2.0
2011-08-04,9685.5,9768.400390625,9615.349609375,9659.1796875,154800000,10048.016788823234,-0.038697895265835,-0.013240947154917304,-0.01642246708576023,0.032006847990411424,-0.024772058373086603,下降トレンドへの転換期,transition_to_downtrend,2.0
2011-08-05,9469.16015625,9469.16015625,9264.08984375,9299.8798828125,189000000,9958.685095466633,-0.0661538352040103,-0.01919834600253678,-0.023088667426531706,0.017052539239992726,-0.026267212659473516,下降トレンドへの転換期,transition_to_downtrend,2.0
2011-08-08,9169.669921875,9215.08984375,9057.2900390625,9097.5595703125,147000000,9851.722796389593,-0.07655140544083061,-0.024699568052457432,-0.032517872952697924,0.0003353084479627011,-0.03275691431756511,下降トレンドへの転換期,transition_to_downtrend,2.0
2011-08-09,8911.7998046875,8949.9697265625,8656.7900390625,8944.48046875,252500000,9735.432784843684,-0.08124470001221251,-0.031109024850281664,-0.041185810554199453,-0.016373906997317333,-0.03623937091882368,下降トレンド,downtrend,1.0
2011-08-10,9110.8095703125,9144.330078125,9021.3603515625,9038.740234375,173700000,9642.670816067013,-0.06263104830725108,-0.03173253058714298,-0.04539528705734264,-0.02883185967475188,-0.03348734124447572,下降トレンド,downtrend,1.0
2011-08-11,8876.5400390625,8983.330078125,8832.419921875,8981.9404296875,162900000,9553.042969320126,-0.05978226429701383,-0.03031752245190311,-0.049260847180677914,-0.04056337784417108,-0.032838380094917685,下降トレンド,downtrend,1.0
2011-08-12,9064.169921875,9070.26953125,8926.8896484375,8963.7197265625,150700000,9464.836463545947,-0.052945102529083465,-0.02779499661473772,-0.049589742740785536,-0.05233569500377244,-0.02650107531425383,下降トレンド,downtrend,1.0
2011-08-15,9082.5302734375,9117.1103515625,9032.83984375,9086.41015625,107800000,9390.827795525638,-0.03241648616117543,-0.026117558645862293,-0.04678318811739823,-0.06379517997354656,-0.01426531516470031,下降トレンド,downtrend,1.0
2011-08-16,9135.0595703125,9150.3095703125,9072.5302734375,9107.4296875,117500000,9324.252064964305,-0.023253594599722427,-0.023949531588059347,-0.04223548443778624,-0.07367840441303952,-0.001049673883586788,下降トレンド,downtrend,1.0
2011-08-17,9047.8896484375,9081.7998046875,9003.7001953125,9057.259765625,115100000,9254.553301822694,-0.02131853691510288,-0.0222173053420589,-0.04025000144126267,-0.0842222928822639,0.005145285616079964,下降トレンド,downtrend,1.0
2011-08-18,9043.1796875,9043.1796875,8931.25,8943.759765625,119500000,9172.361261070628,-0.02492286216591344,-0.023263820742096986,-0.039849261588382756,-0.0946416196648312,0.009411585592295157,下降トレンド,downtrend,1.0
2011-08-19,8771.7001953125,8796.419921875,8707.4697265625,8719.240234375,152100000,9067.543976367475,-0.038412137057206475,-0.027531225754975575,-0.041975631455298146,-0.10767912326690299,0.0076141112854873905,下降トレンド,downtrend,1.0
2011-08-22,8686.91015625,8756.099609375,8619.2099609375,8628.1298828125,146200000,8957.066197791544,-0.03672366684753836,-0.03214494469144824,-0.04618992139763911,-0.12016678490716426,0.0005932667197591224,下降トレンド,downtrend,1.0
2011-08-23,8703.3095703125,8747.41015625,8630.490234375,8733.009765625,158700000,8860.853968251879,-0.014427977606327747,-0.03396151590112895,-0.04969815203233674,-0.13163716664722747,-0.007462667594550498,下降トレンド,downtrend,1.0
2011-08-24,8812.16015625,8825.26953125,8620.8896484375,8639.6103515625,167100000,8760.313604463578,-0.013778416886762623,-0.03388242424901655,-0.053405030069012205,-0.14307405207863222,-0.013155028627749532,下降トレンド,downtrend,1.0
2011-08-25,8748.009765625,8849.9404296875,8741.740234375,8772.3603515625,160800000,8683.593991932143,0.010222306537227555,-0.030531448559220076,-0.053286962345553635,-0.1499827145080036,-0.013437700757170878,下降トレンド,downtrend,1.0
2011-08-26,8746.76953125,8805.099609375,8742.4599609375,8797.7802734375,140900000,8621.100225962888,0.020493909459784687,-0.027057633851998886,-0.049235355413565496,-0.1543009514550574,-0.00725972395826735,下降トレンド,downtrend,1.0
2011-08-29,8802.25,8926.26953125,8751.2900390625,8851.349609375,143700000,8561.83619787485,0.03381440672411018,-0.022656427104116195,-0.04412493903574599,-0.15919036016865884,0.0020649823618931196,下降トレンド,downtrend,1.0
2011-08-30,8958.5,8992.8603515625,8935.849609375,8953.900390625,135600000,8512.823553236902,0.051813224440718564,-0.01966587093476535,-0.03927729948625236,-0.16159700390525422,0.01042085254608438,下降トレンド,downtrend,1.0
2011-08-31,8938.3095703125,8967.7998046875,8905.51953125,8955.2001953125,136200000,8480.666672235375,0.055954742877784236,-0.01628951642443388,-0.03192202298393931,-0.16043132357870704,0.02148300708507289,下降トレンド,downtrend,1.0
2011-09-01,9017.009765625,9098.150390625,8998.009765625,9060.7998046875,126200000,8466.8527959961,0.07014967934393201,-0.011093812084646881,-0.024959849128991518,-0.15736080323690538,0.028327113216562116,下降トレンド,downtrend,1.0
2011-09-02,8980.5595703125,9014.26953125,8914.650390625,8950.740234375,126900000,8460.193090331411,0.057982972587729886,-0.006182491928365952,-0.018664338821499427,-0.15047086947426036,0.03057101659206607,下降トレンド,downtrend,1.0
2011-09-05,8828.4599609375,8842.5595703125,8757.1796875,8784.4599609375,112100000,8465.352898380284,0.03769565975427569,-0.0018057275974807663,-0.011268996190153091,-0.14072359998977824,0.0328559428455929,下降トレンド,downtrend,1.0
2011-09-06,8687.1103515625,8709.919921875,8588.33984375,8590.5703125,152800000,8469.361557332792,0.014311439456999642,0.00029630388021839593,-0.005105473599013366,-0.1300477601244331,0.034171825887238994,下降トレンド,downtrend,1.0
2011-09-07,8723.0498046875,8773.259765625,8702.7802734375,8763.41015625,130100000,8489.692660696259,0.03224115483248746,0.003486867267670446,0.0010643017594871296,-0.11957041543403257,0.03298632474342644,上昇トレンドへの転換期,transition_to_uptrend,3.0
2011-09-08,8863.240234375,8876.490234375,8757.580078125,8793.1201171875,104900000,8509.848803090208,0.033287467339540466,0.005256237423774346,0.005078156917342591,-0.10920019616578358,0.03003800604633411,上昇トレンドへの転換期,transition_to_uptrend,3.0
2011-09-09,8739.490234375,8803.75,8726.25,8737.66015625,169300000,8527.290949727443,0.024670110092734676,0.006839877126806115,0.007931008037241227,-0.09905564849741288,0.026595346858740654,上昇トレンドへの転換期,transition_to_uptrend,3.0
2011-09-12,8578.7099609375,8584.0498046875,8520.9697265625,8535.669921875,126700000,8520.199683267238,0.001815713150261633,0.0035934189599364785,0.006478972057673671,-0.09271047571261193,0.017747968247826762,上昇トレンドへの転換期,transition_to_uptrend,3.0
2011-09-13,8588.740234375,8635.8798828125,8549.0595703125,8616.5498046875,126100000,8512.464525134963,0.012227396571839133,0.00030737585417561775,0.005089281820168878,-0.08706194707880299,0.010194755419182244,上昇トレンドへの転換期,transition_to_uptrend,3.0
2011-09-14,8623.5498046875,8671.240234375,8499.33984375,8518.5703125,129400000,8496.670606792059,0.0025774455338347657,-0.0035908640992674545,0.0008219315321160714,-0.0818929526162403,-0.00024237022737105818,上昇トレンドへの転換期,transition_to_uptrend,3.0
2011-09-15,8645.3798828125,8695.9501953125,8634.01953125,8668.8603515625,126600000,8501.263796807732,0.019714310573176297,-0.0022224697968866725,-0.0010088318231175064,-0.07316518017134477,-0.0060869887404600975,下降トレンド,downtrend,1.0
2011-09-16,8785.2802734375,8864.16015625,8774.16015625,8864.16015625,143300000,8538.287204736078,0.03816607988229359,0.0030335139165476033,0.0012895367442560257,-0.05836826080036517,-0.0066414712929852016,上昇トレンドへの転換期,transition_to_uptrend,3.0
2011-09-20,8763.6103515625,8771.7197265625,8704.23046875,8721.240234375,103900000,8574.385796455374,0.017127108740585983,0.009146546130809341,0.006359723387064697,-0.04272385543276713,-0.00011924867060897348,上昇トレンドへの転換期,transition_to_uptrend,3.0
2011-09-21,8717.0,8771.6201171875,8707.16015625,8741.16015625,106700000,8608.20371342456,0.015445317891129129,0.012579296346148405,0.01124694123621972,-0.02851308189171775,0.0061576594160508424,上昇トレンドへの転換期,transition_to_uptrend,3.0
2011-09-22,8643.01953125,8643.01953125,8545.4599609375,8560.259765625,125000000,8621.50697758656,-0.00710400306127279,0.00974665888544024,0.014692386767907628,-0.01584493810887011,0.013870455235791557,上昇トレンドへの転換期,transition_to_uptrend,3.0
2011-09-26,8547.6201171875,8556.66015625,8359.7001953125,8374.1298828125,159000000,8612.339042254069,-0.02765905502243482,0.004426351542799134,0.013065733295800852,-0.008205697979923543,0.014074565118918358,上昇トレンドへの転換期,transition_to_uptrend,3.0
2011-09-27,8496.330078125,8609.9501953125,8479.0498046875,8609.9501953125,140500000,8615.341673468407,-0.0006257996908596297,0.0008292043591759946,0.009024581497983242,-0.0006679602769421589,0.007735044753727216,上昇トレンドへの転換期,transition_to_uptrend,3.0
2011-09-28,8607.919921875,8665.5400390625,8595.849609375,8615.650390625,140300000,8612.930525494956,0.0003157885834552676,-0.0009947741286877587,0.004495334121251693,0.005967683384644484,-0.0018643892658130046,上昇トレンド,uptrend,4.0
2011-09-29,8527.6396484375,8706.1396484375,8501.419921875,8701.23046875,165700000,8608.744058102197,0.010743310525158423,-0.0004174225067353765,6.277089804385128e-05,0.011267766125473422,-0.01118417033817587,上昇トレンド,uptrend,4.0
2011-09-30,8713.91015625,8756.0,8653.6201171875,8700.2900390625,148700000,8597.9126562368,0.011907236897950702,-0.0020230210120720793,-0.002736681813411246,0.013825090471398127,-0.017429068581318874,下降トレンドへの転換期,transition_to_downtrend,2.0
2011-10-03,8567.98046875,8577.51953125,8455.669921875,8545.48046875,143700000,8566.49950308157,-0.0024536316524630397,-0.005390850683858028,-0.005322542336942404,0.011769037384539383,-0.018388275632743256,下降トレンドへの転換期,transition_to_downtrend,2.0
2011-10-04,8426.3896484375,8470.759765625,8359.240234375,8456.1201171875,158700000,8526.795514688667,-0.008288623478705293,-0.009519221719270776,-0.010277730371672233,0.00787244731250536,-0.019302311869655475,下降トレンドへの転換期,transition_to_downtrend,2.0
2011-10-05,8491.4296875,8501.0302734375,8343.009765625,8382.98046875,158100000,8493.81041072714,-0.013048318318615637,-0.012107851018252291,-0.013830381472973885,0.003361645130269819,-0.018325715594225578,下降トレンドへの転換期,transition_to_downtrend,2.0
2011-10-06,8463.830078125,8545.7900390625,8463.830078125,8522.01953125,123500000,8490.966862816922,0.0036571416347250807,-0.008817211772145339,-0.013681112423644115,0.002550995767257591,-0.013743883321687966,下降トレンドへの転換期,transition_to_downtrend,2.0
2011-10-07,8593.2197265625,8663.5703125,8589.3603515625,8605.6201171875,122400000,8496.199617969884,0.012878758049209127,-0.003588205752803275,-0.01182996877656528,0.0007664538085989658,-0.009093286963154035,下降トレンドへの転換期,transition_to_downtrend,2.0
2011-10-11,8733.5400390625,8806.4404296875,8725.6201171875,8773.6796875,112600000,8507.121724572877,0.03133350756662723,0.0015671781217210246,-0.006931393445751555,-0.0003204614535973205,-0.0016088511088091506,下降トレンド,downtrend,1.0
2011-10-12,8719.669921875,8763.01953125,8689.3798828125,8738.900390625,109800000,8515.723057336414,0.026207678641723353,0.002915591936638373,-0.001298548479693129,-0.0013565729678074456,0.008979181891979104,下降トレンド,downtrend,1.0
2011-10-13,8832.8095703125,8854.16015625,8808.73046875,8823.25,108300000,8544.086034154037,0.032673356135464404,0.005636215995075133,0.005919089430510782,0.0028034966050982657,0.019749470903484667,上昇トレンド,uptrend,4.0
2011-10-14,8782.91015625,8787.8896484375,8733.7099609375,8747.9599609375,108300000,8569.364036025472,0.02084121110518966,0.007316494752015679,0.009233008970022327,0.006684258210122307,0.022914121393666442,上昇トレンド,uptrend,4.0
2011-10-17,8881.4404296875,8911.7001953125,8856.580078125,8879.599609375,95900000,8606.491551689047,0.031732797975309035,0.010658929810362316,0.012981325613617978,0.012925173868597373,0.02481129439018326,上昇トレンド,uptrend,4.0
2011-10-18,8758.740234375,8773.990234375,8727.3896484375,8741.91015625,81600000,8626.086857720042,0.013427096253534776,0.009597378027119019,0.013984181371653914,0.014682882909618833,0.02091557481740547,上昇トレンド,uptrend,4.0
2011-10-19,8808.25,8831.5498046875,8745.3603515625,8772.5400390625,91200000,8631.228152919655,0.016372164382544296,0.007219219143230093,0.013563744946323952,0.010885198161526333,0.014862293426017081,上昇トレンド,uptrend,4.0
2011-10-20,8733.599609375,8733.599609375,8672.2099609375,8682.150390625,109200000,8625.876354628386,0.0065238630468449355,0.0022523467109585305,0.009572740741069508,0.006005159949100891,0.0036536513105587254,上昇トレンド,uptrend,4.0
2011-10-21,8679.0400390625,8700.490234375,8652.259765625,8678.8896484375,97000000,8626.432326467593,0.006080998492152823,4.0049300830125034e-05,0.006659571258988084,0.0021175861596542944,-0.0025734377110342432,上昇トレンド,uptrend,4.0
2011-10-24,8764.919921875,8844.2802734375,8762.01953125,8843.98046875,97300000,8650.598043807886,0.02235480413756341,0.002244163929518983,0.005124793518234805,0.0033742437716461904,-0.007856532095383173,上昇トレンド,uptrend,4.0
2011-10-25,8866.4296875,8870.3701171875,8755.3798828125,8762.3095703125,106700000,8683.871260703305,0.009032643075231661,0.006723363944789229,0.006698796793536577,0.008305782911968818,-0.007285384578117338,上昇トレンド,uptrend,4.0
2011-10-26,8673.849609375,8798.7998046875,8642.5595703125,8748.4697265625,108800000,8711.614647558967,0.004230568097253862,0.009874571302207702,0.009313448007062464,0.011174597333387215,-0.004250296939261489,上昇トレンド,uptrend,4.0
2011-10-27,8779.400390625,8926.5400390625,8731.76953125,8926.5400390625,139900000,8744.06708591802,0.02086820141606016,0.010804922577236198,0.013701880995108162,0.015225544898439747,0.004129140254038655,上昇トレンド,uptrend,4.0
2011-10-28,9059.0400390625,9086.4296875,9003.08984375,9050.4697265625,165100000,8782.837966096298,0.03047212774496355,0.011396611306393023,0.018130976249453923,0.020222916004832614,0.011471404990465839,上昇トレンド,uptrend,4.0
2011-10-31,9011.1796875,9152.3896484375,8988.3896484375,8988.3896484375,133800000,8810.124380406434,0.020234137491580206,0.011307861611517644,0.018441076072507778,0.02468177250157333,0.013316282554272973,上昇トレンド,uptrend,4.0
2011-11-01,8880.75,8946.0,8831.6904296875,8835.51953125,103800000,8828.771162795245,0.0007643610113254873,0.009687034196436572,0.01668609514602637,0.030615966255450155,0.009987298352489793,上昇トレンド,uptrend,4.0
2011-11-02,8719.919921875,8719.919921875,8640.419921875,8640.419921875,129200000,8838.191695313799,-0.02237694997537354,0.006302487809883184,0.014529688568157617,0.036519719522850824,0.0052162405610951534,上昇トレンド,uptrend,4.0
2011-11-04,8761.26953125,8814.7099609375,8729.080078125,8801.400390625,125000000,8869.29238521171,-0.007654725048856115,0.006715910269878167,0.014321173209587812,0.04420654056633522,0.0006192922144796498,上昇トレンド,uptrend,4.0
2011-11-07,8771.8203125,8779.5498046875,8741.25,8767.08984375,100000000,8891.820443044471,-0.014027566131527114,0.007141342672343676,0.0124085719637399,0.04720941521782884,-0.005722404285714022,上昇トレンド,uptrend,4.0
2011-11-08,8744.3603515625,8772.0400390625,8644.0,8655.509765625,136400000,8892.014325904447,-0.02659741107146618,0.006089778593418194,0.009294981768944721,0.04658726556958426,-0.009146094303563057,上昇トレンド,uptrend,4.0
2011-11-09,8724.599609375,8762.98046875,8678.7802734375,8755.4404296875,137400000,8889.432537008095,-0.015073190191023489,0.002270773238907564,0.006870873997559146,0.044940089587634624,-0.009815221148467224,上昇トレンド,uptrend,4.0
2011-11-10,8597.2802734375,8600.2099609375,8500.669921875,8500.7998046875,149900000,8855.864605214936,-0.04009374763005635,-0.004043698144811425,0.0019996069909309355,0.039942767700211324,-0.012530081577226682,上昇トレンド,uptrend,4.0
2011-11-11,8545.919921875,8566.490234375,8485.76953125,8514.4697265625,124900000,8822.069464249522,-0.03486707273543199,-0.007866031147876096,-0.005324316632172921,0.032535186207661715,-0.019645489841760733,下降トレンドへの転換期,transition_to_downtrend,2.0
2011-11-14,8631.2802734375,8655.3095703125,8595.4296875,8603.7001953125,104300000,8798.020849774066,-0.022086859963119543,-0.010283185889928048,-0.010548975192563481,0.026683055217087803,-0.02295754715630338,下降トレンドへの転換期,transition_to_downtrend,2.0
2011-11-15,8546.990234375,8584.2998046875,8527.6298828125,8541.9296875,80200000,8766.150698365858,-0.025578046577234503,-0.010130451497220028,-0.014154681147096171,0.018551014163893376,-0.023449662916040892,下降トレンドへの転換期,transition_to_downtrend,2.0
2011-11-16,8546.75,8567.6396484375,8459.2998046875,8463.16015625,95500000,8728.85084701298,-0.03043822095481208,-0.010566524964952917,-0.01806433530223539,0.011913164217789873,-0.024935209299794536,下降トレンドへの転換期,transition_to_downtrend,2.0
2011-11-17,8421.8798828125,8491.8203125,8400.2197265625,8479.6298828125,112900000,8699.14492636258,-0.02523409431711432,-0.011238427948715879,-0.01769671125731409,0.007868726470861676,-0.019696318248245026,下降トレンドへの転換期,transition_to_downtrend,2.0
2011-11-18,8374.16015625,8398.7998046875,8359.599609375,8374.91015625,108600000,8662.952770449623,-0.033249934731512276,-0.011772319626614736,-0.018036209581516194,0.004298278145540957,-0.012711892949343273,下降トレンドへの転換期,transition_to_downtrend,2.0
2011-11-21,8349.0498046875,8375.599609375,8343.9296875,8348.26953125,89900000,8629.421685884587,-0.032580648491714825,-0.011390864945575063,-0.01916330578982528,0.0003465348482269981,-0.008614330597261799,下降トレンドへの転換期,transition_to_downtrend,2.0
2011-11-22,8263.8603515625,8350.349609375,8261.009765625,8314.740234375,112200000,8585.924311515522,-0.03158472720016969,-0.013015142960079329,-0.02055935302183809,-0.007476215166263289,-0.0064046718747419185,下降トレンド,downtrend,1.0
2011-11-24,8189.419921875,8212.9501953125,8157.39013671875,8165.18017578125,109800000,8526.642205350021,-0.04239207191571526,-0.015734884941838057,-0.023165551251474903,-0.01810587129092811,-0.005101215949239513,下降トレンド,downtrend,1.0
2011-11-25,8138.18994140625,8199.669921875,8135.7900390625,8160.009765625,111400000,8473.787803654766,-0.037029253658491745,-0.01803526214096074,-0.02590566367331959,-0.02729997291269537,-0.0082089524160055,下降トレンド,downtrend,1.0
2011-11-28,8269.91015625,8322.009765625,8259.7099609375,8287.490234375,102300000,8426.76429920599,-0.016527585189977767,-0.01853731835209227,-0.02726419934428137,-0.03628778045665215,-0.009227989762765176,下降トレンド,downtrend,1.0
2011-11-29,8371.009765625,8477.8203125,8351.3798828125,8477.8203125,115900000,8385.225139465163,0.01104265794832826,-0.01658531723028389,-0.02829813576254636,-0.04527156577019964,-0.009134829972721081,下降トレンド,downtrend,1.0
2011-11-30,8407.6298828125,8435.33984375,8361.6904296875,8434.6103515625,126500000,8338.822944794356,0.01148692176369348,-0.01592733521155676,-0.028779821223179347,-0.05349543494076481,-0.008220468201341258,下降トレンド,downtrend,1.0
2011-12-01,8581.2001953125,8653.8798828125,8577.08984375,8597.3798828125,147900000,8319.134154022355,0.03344647695765457,-0.012772416714417534,-0.02433643236460259,-0.0577245688415301,-0.0011708811131276864,下降トレンド,downtrend,1.0
2011-12-02,8603.23046875,8643.75,8591.9296875,8643.75,101000000,8321.152359885884,0.03876838521420134,-0.007641151968325821,-0.01801265824747822,-0.05850057944568687,0.00789300542584137,下降トレンド,downtrend,1.0
2011-12-05,8697.7802734375,8704.48046875,8668.0400390625,8695.98046875,91300000,8329.98334143827,0.04393731803652523,-0.0010600540885215004,-0.011484948947348528,-0.06080632144596565,0.015779250396932842,下降トレンド,downtrend,1.0
2011-12-06,8644.9697265625,8671.5400390625,8571.08984375,8575.16015625,107800000,8322.975312629893,0.030299842802299803,0.00046172576814140776,-0.007423751396046674,-0.06397397856358544,0.020874384366499688,下降トレンド,downtrend,1.0
2011-12-07,8629.1904296875,8729.8095703125,8614.2099609375,8722.169921875,132600000,8337.448263361843,0.046143813593876315,0.0019583710009345445,-0.00016485317431658153,-0.062366753158171195,0.028614968048862766,下降トレンド,downtrend,1.0
2011-12-08,8664.349609375,8688.8095703125,8625.1904296875,8664.580078125,127900000,8347.255652185011,0.03801541957768184,0.002073510838949577,0.003380339545198785,-0.060991169297468284,0.027716771909801374,上昇トレンドへの転換期,transition_to_uptrend,3.0
2011-12-09,8521.330078125,8576.6796875,8503.0302734375,8536.4599609375,199700000,8352.904657246972,0.02197502679876462,0.0035959910360015,0.003815853380375378,-0.05679399701659693,0.021828511627853597,上昇トレンドへの転換期,transition_to_uptrend,3.0
2011-12-12,8652.98046875,8682.4697265625,8633.349609375,8653.8203125,101000000,8380.468056619568,0.03261777910656405,0.005159827311525422,0.0060606021779368024,-0.050056441906232596,0.01754555112528533,上昇トレンドへの転換期,transition_to_uptrend,3.0
2011-12-13,8535.51953125,8594.3203125,8518.7998046875,8552.8095703125,113300000,8392.800793910517,0.01906500348704565,0.005456301283115028,0.008389485569501254,-0.04605809224400226,0.015813236965547928,上昇トレンドへの転換期,transition_to_uptrend,3.0
2011-12-14,8513.76953125,8540.5703125,8486.3701171875,8519.1298828125,98300000,8400.532863574173,0.014117797187911618,0.005701993292342777,0.0075664157928931886,-0.04170791118841266,0.00773126896720977,上昇トレンドへの転換期,transition_to_uptrend,3.0
2011-12-15,8449.0498046875,8455.3203125,8374.25,8377.3701171875,103100000,8401.060625670625,-0.002819942569005529,0.0024572098971002987,0.0064458279136963,-0.03755250571780877,0.0030654883684975154,上昇トレンドへの転換期,transition_to_uptrend,3.0
2011-12-16,8416.2099609375,8433.1796875,8390.98046875,8401.7197265625,105000000,8406.420144959322,-0.0005591462615202047,0.0016227420837495732,0.006406811750918173,-0.0336498338493203,0.002590958370542795,上昇トレンドへの転換期,transition_to_uptrend,3.0
2011-12-19,8363.3896484375,8364.9296875,8272.259765625,8296.1201171875,95000000,8405.61530813249,-0.013026433750668143,0.0006050145438218912,0.0030006977346639374,-0.029705513712938836,-0.003059904443272865,上昇トレンドへの転換期,transition_to_uptrend,3.0
2011-12-20,8318.0302734375,8354.900390625,8317.73046875,8336.48046875,80000000,8414.379406048081,-0.009257835134233283,0.0015853689160103546,0.002571085942278062,-0.024919662946620957,-0.005818399627223192,上昇トレンドへの転換期,transition_to_uptrend,3.0
2011-12-21,8442.740234375,8471.1103515625,8440.8896484375,8459.98046875,90800000,8436.938283242487,0.0027311075100879822,0.003630337023003083,0.004333703618513596,-0.01735235751766573,-0.003232712174379593,上昇トレンドへの転換期,transition_to_uptrend,3.0
2011-12-22,8429.5400390625,8436.58984375,8383.9599609375,8395.16015625,83900000,8460.573234720565,-0.0077315184983118845,0.006538239566460158,0.007083939957306162,-0.0077485332488798075,0.000638112043609862,上昇トレンドへの転換期,transition_to_uptrend,3.0
2011-12-26,8504.4599609375,8516.5302734375,8477.3701171875,8479.33984375,61400000,8497.666273654933,-0.002156642696330646,0.00989815928040838,0.010854338365460459,0.0028179216371064797,0.004447526614542285,上昇トレンド,uptrend,4.0
2011-12-27,8443.0,8458.259765625,8428.5302734375,8440.5595703125,51300000,8522.976513768617,-0.009669971907463881,0.01019780252476421,0.013962238495804025,0.01141745646922776,0.010961540761140087,上昇トレンド,uptrend,4.0
2011-12-28,8426.08984375,8456.66015625,8414.900390625,8423.6201171875,70900000,8529.387387371691,-0.012400336082845298,0.008133509484762325,0.013668028950649003,0.017192412309602334,0.01109694300837094,上昇トレンド,uptrend,4.0
2011-12-29,8367.7099609375,8404.8896484375,8330.8701171875,8398.8896484375,66300000,8525.058643700957,-0.014799780334259771,0.0032235168061314212,0.010444589909291535,0.022333571553148523,0.006110886290777939,上昇トレンド,uptrend,4.0
2011-12-30,8434.900390625,8455.349609375,8415.5595703125,8455.349609375,57600000,8519.144415454535,-0.0074884052867804085,-0.00044961972004631257,0.0069228383360131485,0.024042196907652302,-0.00016110162129301386,上昇トレンド,uptrend,4.0
2012-01-04,8549.5400390625,8581.4501953125,8547.7001953125,8560.1103515625,106000000,8513.025489188067,0.005530919933721901,-0.0019182969937382444,0.0018074627831350387,0.023058480484885013,-0.00904687558232542,上昇トレンド,uptrend,4.0
2012-01-05,8515.66015625,8519.16015625,8481.830078125,8488.7099609375,77700000,8495.595219526784,-0.0008104504053415562,-0.0034560963631544706,-0.0032126445728907216,0.019881417681193003,-0.017174883068694746,下降トレンドへの転換期,transition_to_downtrend,2.0
2012-01-06,8488.98046875,8488.98046875,8349.330078125,8390.349609375,101300000,8472.357190616,-0.009679429159553332,-0.005492009825970201,-0.006686318039690442,0.017948134215828304,-0.020354346990339445,下降トレンドへの転換期,transition_to_downtrend,2.0
2012-01-10,8422.990234375,8450.58984375,8405.1796875,8422.259765625,112300000,8450.915941294928,-0.003390895835314378,-0.007295825435037262,-0.008697031364213736,0.013609401143957811,-0.01914162127350527,下降トレンドへの転換期,transition_to_downtrend,2.0
2012-01-11,8440.9599609375,8463.7197265625,8426.0302734375,8447.8798828125,106200000,8428.548425578076,0.0022935689822649596,-0.007891947793675858,-0.010634400059248872,0.009738862301621909,-0.01755723839526202,下降トレンドへの転換期,transition_to_downtrend,2.0
2012-01-12,8423.099609375,8426.830078125,8360.330078125,8385.58984375,84800000,8409.431493710617,-0.0028351084111272185,-0.007427177052341305,-0.012168881158527989,0.0067673269099992606,-0.013976343941663028,下降トレンドへの転換期,transition_to_downtrend,2.0
2012-01-13,8471.099609375,8509.759765625,8458.6796875,8500.01953125,109800000,8402.047778662009,0.011660461255267096,-0.005782587706751219,-0.011011287431604622,0.0025750020042609734,-0.0077986428587139,下降トレンドへの転換期,transition_to_downtrend,2.0
2012-01-16,8409.7900390625,8409.7900390625,8352.23046875,8378.3603515625,76500000,8383.103259455773,-0.0005657699477723543,-0.005391814085612956,-0.010534722409848873,-0.0011554586714104254,-0.0038484043701584314,下降トレンド,downtrend,1.0
2012-01-17,8420.1201171875,8475.66015625,8413.2197265625,8466.400390625,85500000,8379.123207365612,0.01041602815705911,-0.003604082674039555,-0.008495260682750971,-0.002548606922472385,0.0002017706814627651,下降トレンド,downtrend,1.0
2012-01-18,8458.2900390625,8595.7802734375,8446.08984375,8550.580078125,136200000,8391.477315473507,0.018960042036711977,-0.0012580817756531193,-0.004398279304188346,-0.0011407262278092523,0.006236120755060526,下降トレンド,downtrend,1.0
2012-01-19,8596.6796875,8668.9404296875,8596.6796875,8639.6796875,125100000,8417.268476703712,0.026423205035202457,0.004075485675236301,0.0009319278002271059,0.001290481745775507,0.013100808958755095,上昇トレンド,uptrend,4.0
2012-01-20,8751.1796875,8791.3896484375,8725.3203125,8766.3603515625,177500000,8458.309371342826,0.03641992349716672,0.00945041169792149,0.006696176237381168,0.006268912063981169,0.01770746366898579,上昇トレンド,uptrend,4.0
2012-01-23,8753.91015625,8795.26953125,8744.5400390625,8765.900390625,119900000,8501.279502382362,0.031127183639648726,0.013084964992562842,0.014096956612491995,0.010327570476774461,0.02463167902234087,上昇トレンド,uptrend,4.0
2012-01-24,8815.3603515625,8825.08984375,8768.509765625,8785.330078125,111000000,8537.374308322636,0.029043563143371198,0.014268979533127446,0.01888635565328789,0.011904321414752506,0.02738161633603886,上昇トレンド,uptrend,4.0
2012-01-25,8842.009765625,8911.6201171875,8816.08984375,8883.6904296875,132500000,8579.809624870697,0.03541812908481434,0.014364602687567674,0.02244328409848806,0.014093181022393209,0.026841563402676405,上昇トレンド,uptrend,4.0
2012-01-26,8890.490234375,8894.599609375,8834.9296875,8849.4697265625,122200000,8617.52018825184,0.026916042346715408,0.013673316568041605,0.023790581481671902,0.014104332970628075,0.022858653681444796,上昇トレンド,uptrend,4.0
2012-01-27,8851.01953125,8886.01953125,8810.8896484375,8841.2197265625,133100000,8652.216150354174,0.021844527797723723,0.013451658306651071,0.02292500433577338,0.015163673908613173,0.016228828098392212,上昇トレンド,uptrend,4.0
2012-01-30,8803.7900390625,8832.48046875,8774.23046875,8793.0498046875,98100000,8684.369331202297,0.01251449234139801,0.012186716361224148,0.021536737942638773,0.018170348794342095,0.0074397813301467774,上昇トレンド,uptrend,4.0
2012-01-31,8781.4404296875,8836.6796875,8776.650390625,8802.509765625,138100000,8718.43450006343,0.009643390170673394,0.011710365581639737,0.021207948158520784,0.022683228872021344,0.0023215925052328945,上昇トレンド,uptrend,4.0
2012-02-01,8789.0595703125,8830.2802734375,8780.099609375,8809.7900390625,127200000,8750.608038661981,0.006763187213853161,0.011371871275289491,0.01990701673568407,0.027169820338712514,-0.00253626736280399,上昇トレンド,uptrend,4.0
2012-02-02,8865.2802734375,8893.2197265625,8849.25,8876.8203125,157800000,8780.329086510555,0.010989477164094819,0.011049709155445786,0.01889277828216418,0.03139936532105736,-0.004897803199507722,上昇トレンド,uptrend,4.0
2012-02-03,8849.169921875,8877.5703125,8825.98046875,8831.9296875,157500000,8802.996102914354,0.003286788298823229,0.009699172810245793,0.01742674361573915,0.036183560473905585,-0.0054982607200342315,上昇トレンド,uptrend,4.0
2012-02-06,8939.990234375,8949.3203125,8916.9404296875,8929.2001953125,143200000,8842.031077211677,0.009858494879698032,0.010447621256233885,0.01815465694704077,0.043632943970437044,-0.0033820809955980025,上昇トレンド,uptrend,4.0
2012-02-07,8904.16015625,8928.4404296875,8887.1904296875,8917.51953125,129200000,8881.26514093869,0.004082120028619851,0.011495702886946013,0.018676591637418083,0.050923379505041,-0.002531356521102701,上昇トレンド,uptrend,4.0
2012-02-08,8971.8798828125,9015.58984375,8956.7802734375,9015.58984375,157400000,8925.391485366545,0.010105815361862724,0.013903832402205607,0.019973863065553266,0.05894764254787943,6.684632986919681e-05,上昇トレンド,uptrend,4.0
2012-02-09,8996.1298828125,9018.490234375,8942.8701171875,9002.240234375,178300000,8967.87976768693,0.0038315039427576636,0.014233007029301303,0.021360324804284847,0.06640737538488484,0.002467546522120667,上昇トレンド,uptrend,4.0
2012-02-10,9010.5302734375,9016.9697265625,8947.169921875,8947.169921875,154000000,9000.343007780819,-0.0059078954946328865,0.01340775947485584,0.022418152019984428,0.07120826313773798,0.004991408404245279,上昇トレンド,uptrend,4.0
2012-02-13,8954.0302734375,9023.5,8948.5400390625,8999.1796875,126800000,9036.688224667872,-0.0041506950594448755,0.012469675922204937,0.022014981145890733,0.07796456097267845,0.0038603241988499626,上昇トレンド,uptrend,4.0
2012-02-14,8978.7197265625,9072.080078125,8972.740234375,9052.0703125,141700000,9077.815302677038,-0.0028360337061986707,0.012258810090900907,0.022130874218847296,0.08338486951680646,0.0034542825814292133,上昇トレンド,uptrend,4.0
2012-02-15,9108.83984375,9314.3701171875,9107.6796875,9260.33984375,208100000,9129.88731024754,0.014288515188575879,0.014393262829508924,0.0229116924693189,0.08799523218783412,0.002937829403765635,上昇トレンド,uptrend,4.0
2012-02-16,9232.3798828125,9308.9296875,9214.23046875,9238.099609375,180000000,9169.940884641826,0.00743284232587893,0.014745740547981612,0.022531648749681388,0.08942003097813367,0.0011713239453965407,上昇トレンド,uptrend,4.0
2012-02-17,9371.1201171875,9435.0302734375,9369.25,9384.169921875,188700000,9213.381879583138,0.01853695467354166,0.014933832908686773,0.023670083642161943,0.08926990904335264,0.0012519316221775156,上昇トレンド,uptrend,4.0
2012-02-20,9534.0302734375,9549.3095703125,9462.669921875,9485.08984375,169300000,9260.447389530333,0.024258272281060922,0.014300294718451623,0.024761191190778797,0.08930042671049976,0.0027462100448880644,上昇トレンド,uptrend,4.0
2012-02-21,9458.6796875,9517.0400390625,9440.41015625,9463.01953125,169900000,9303.447530254498,0.017151921422309258,0.014559160990478492,0.024855344601571794,0.08973171308478967,0.0027244703827244976,上昇トレンド,uptrend,4.0
2012-02-22,9459.740234375,9564.0498046875,9442.580078125,9554.0,165000000,9348.98728263269,0.021928868996127004,0.01471830917483774,0.023998102598618898,0.0896497348300529,0.0010864101292999973,上昇トレンド,uptrend,4.0
2012-02-23,9549.76953125,9609.83984375,9513.650390625,9595.5703125,180000000,9395.015220558813,0.021346968284023493,0.014531461102043508,0.02454479682567534,0.09022259482106265,0.0020131480759939535,上昇トレンド,uptrend,4.0
2012-02-24,9594.849609375,9647.3798828125,9576.2099609375,9647.3798828125,180000000,9447.19082610807,0.021190326350897015,0.015450540822219194,0.02537710360655443,0.09188104665200192,0.0017070199643924866,上昇トレンド,uptrend,4.0
2012-02-27,9726.2001953125,9736.1103515625,9628.25,9633.9296875,177100000,9499.410536401592,0.014160789301918442,0.016089791249191077,0.0258047086517037,0.09385151346234344,0.0010435174609249032,上昇トレンド,uptrend,4.0
2012-02-28,9567.1201171875,9722.51953125,9528.76953125,9722.51953125,185500000,9561.08668805886,0.016884361418117777,0.017676551192449264,0.027692869440766765,0.0966517771039399,0.0028375248391949714,上昇トレンド,uptrend,4.0
2012-02-29,9771.6201171875,9866.41015625,9706.2197265625,9723.240234375,179200000,9620.407044708805,0.010689068475824293,0.01833520903611241,0.029031996073020983,0.09939869346265695,0.005033893474402085,上昇トレンド,uptrend,4.0
2012-03-01,9771.33984375,9865.75,9666.01953125,9707.3701171875,175100000,9672.79539972309,0.0035744286977681394,0.018252170769658793,0.02956676201614017,0.10164383412276123,0.005021965190464828,上昇トレンド,uptrend,4.0
2012-03-02,9797.0498046875,9803.75,9729.240234375,9777.0302734375,158500000,9729.654682316963,0.00486919553338705,0.017630631303514166,0.029899243215060434,0.10526627168400382,0.004522139608506004,上昇トレンド,uptrend,4.0
2012-03-05,9756.98046875,9792.1396484375,9673.75,9698.58984375,132600000,9774.045093945399,-0.007719961333321423,0.01597001546011434,0.028910694667991343,0.10540723150541464,0.003105986016287643,上昇トレンド,uptrend,4.0
2012-03-06,9704.6103515625,9732.8896484375,9602.83984375,9637.6298828125,171900000,9807.1666542559,-0.017287028702609786,0.013891667194434465,0.025737656631058092,0.10425333537777326,-0.001955212809708673,上昇トレンド,uptrend,4.0
2012-03-07,9509.099609375,9603.1904296875,9509.099609375,9576.0595703125,155800000,9829.060759810627,-0.025740118581076055,0.0102168145468029,0.021688657676556478,0.10124701823171289,-0.007343338396464505,上昇トレンド,uptrend,4.0
2012-03-08,9674.9404296875,9768.9599609375,9659.150390625,9768.9599609375,144100000,9866.614231417296,-0.009897444877174255,0.009470913688462534,0.020037520043042933,0.1002170509654563,-0.009529241973097236,上昇トレンド,uptrend,4.0
2012-03-09,9911.0703125,10007.6201171875,9853.1796875,9929.740234375,265400000,9923.269522672117,0.0006520745695861585,0.011838574025438087,0.0198994565251156,0.1025434824087732,-0.009999786689944834,上昇トレンド,uptrend,4.0
2012-03-12,10015.919921875,10021.509765625,9889.8603515625,9889.8603515625,153500000,9974.202683677224,-0.008456047544807777,0.014766611725512746,0.020478480282008826,0.10374535844339228,-0.008432214385982517,上昇トレンド,uptrend,4.0
2012-03-13,9921.25,10011.8798828125,9888.2998046875,9899.080078125,206000000,10020.042233270817,-0.012072020489511615,0.015550217962811974,0.02170612435983621,0.10379445925892727,-0.004031532271221883,上昇トレンド,uptrend,4.0
2012-03-14,10064.1201171875,10115.7900390625,10050.51953125,10050.51953125,168100000,10068.145778634176,-0.001750694494469962,0.014599649402956771,0.02432429961173166,0.10276780386254258,0.0026356419351751814,上昇トレンド,uptrend,4.0
2012-03-15,10115.400390625,10158.740234375,10077.5498046875,10123.2802734375,177600000,10114.361109578032,0.0008818316612229093,0.014052093219458772,0.02510961433678638,0.10299087385808092,0.0050720942937434454,上昇トレンド,uptrend,4.0
2012-03-16,10110.5703125,10148.4697265625,10090.08984375,10129.830078125,163000000,10154.322041987518,-0.0024119743062358534,0.01340112203028787,0.023283910488121506,0.10212755475701107,0.0033844539630059067,上昇トレンド,uptrend,4.0
2012-03-19,10150.849609375,10172.6396484375,10134.48046875,10141.990234375,135100000,10183.239244068593,-0.00405067667614889,0.011431446064146034,0.020957721335807422,0.09964873355703618,0.00047924105379859583,上昇トレンド,uptrend,4.0
2012-03-21,10100.8701171875,10132.01953125,10073.900390625,10086.490234375,149900000,10202.648197281971,-0.011385079702926126,0.008728884281216098,0.018224071292316957,0.09665241450583806,-0.003482053067519253,上昇トレンド,uptrend,4.0
2012-03-22,10055.16015625,10136.849609375,10052.5,10127.080078125,146900000,10222.975738202533,-0.009380405718774965,0.0067610319951578735,0.01537820001543122,0.09348482666068247,-0.008946099596300439,上昇トレンド,uptrend,4.0
2012-03-23,10014.8701171875,10031.9599609375,9999.3701171875,10011.4697265625,121600000,10225.354444422137,-0.02091709573708811,0.004135737101342851,0.010973835484180627,0.08838082795718294,-0.014135778852605752,上昇トレンド,uptrend,4.0
2012-03-26,10040.099609375,10056.2001953125,10016.0498046875,10018.240234375,126600000,10224.902846080842,-0.020211694410872116,0.0021812619987033877,0.006950814027906205,0.08232203988338016,-0.0163330964602153,上昇トレンド,uptrend,4.0
2012-03-27,10152.900390625,10255.150390625,10152.25,10255.150390625,161100000,10247.83282255965,0.0007140600546526876,0.0024314920619668,0.006343126871803717,0.07878618186782393,-0.014614594464003705,上昇トレンド,uptrend,4.0
2012-03-28,10153.509765625,10197.7998046875,10124.2802734375,10182.5703125,141100000,10260.20087392406,-0.007566183389387082,0.003407845634234352,0.005640954733440617,0.0731207872781181,-0.01258311655887634,上昇トレンド,uptrend,4.0
2012-03-29,10134.7802734375,10147.0400390625,10084.76953125,10114.7900390625,149300000,10262.533994627654,-0.014396440064656235,0.0036803428955058948,0.0038695441951697163,0.06674633899945182,-0.011508655820261504,上昇トレンド,uptrend,4.0
2012-03-30,10089.099609375,10111.08984375,10033.1904296875,10083.5595703125,137400000,10263.679511631433,-0.017549256201424668,0.0015463453928421522,0.0037480429082048516,0.06108721289868879,-0.007225792575975776,上昇トレンド,uptrend,4.0
2012-04-02,10161.7197265625,10190.349609375,10109.8701171875,10109.8701171875,151900000,10266.057213598144,-0.015213932005343045,0.0005707821655780432,0.004024915261965134,0.05513068539380539,-0.0029258987659410707,上昇トレンド,uptrend,4.0
2012-04-03,10082.2099609375,10084.0703125,10040.990234375,10050.3896484375,112400000,10264.346964750703,-0.020844708099596043,0.00017665911011821578,0.0016114765411372467,0.05016365957928981,-0.00473165033066647,上昇トレンド,uptrend,4.0
2012-04-04,10045.8798828125,10059.1904296875,9819.990234375,9819.990234375,147800000,10247.249375332945,-0.04169500763653111,-0.0016008037156526322,-0.0012623045835320479,0.04487358445021106,-0.006903259316972665,下降トレンドへの転換期,transition_to_downtrend,2.0
2012-04-05,9737.5,9806.400390625,9692.7001953125,9767.6103515625,165100000,10232.209298732505,-0.04540553595082897,-0.0032970705463052363,-0.0029548935877848903,0.04101597790200717,-0.006824437782954607,下降トレンドへの転換期,transition_to_downtrend,2.0
2012-04-06,9710.25,9739.58984375,9659.16015625,9688.4501953125,118400000,10204.38134945485,-0.05055976805197637,-0.005842126683926696,-0.00577747601231926,0.03423333578422838,-0.009525518920524112,下降トレンドへの転換期,transition_to_downtrend,2.0
2012-04-09,9565.3095703125,9618.099609375,9535.330078125,9546.259765625,111600000,10148.575273702501,-0.059349760122315076,-0.009629325686946855,-0.011443725419728712,0.022704790040784406,-0.015468640681693846,下降トレンドへの転換期,transition_to_downtrend,2.0
2012-04-10,9583.3603515625,9648.1201171875,9509.7197265625,9538.01953125,134800000,10090.222186137553,-0.054726510943058915,-0.013876486343231909,-0.016964038648646595,0.011631957574934182,-0.018575515189783842,下降トレンドへの転換期,transition_to_downtrend,2.0
2012-04-11,9398.599609375,9487.83984375,9388.1396484375,9458.740234375,155800000,10029.149203997076,-0.05687511054225236,-0.017172245867421942,-0.02128377707493656,0.0009088754831811929,-0.020021472491404513,下降トレンドへの転換期,transition_to_downtrend,2.0
2012-04-12,9486.1904296875,9541.0400390625,9449.490234375,9524.7900390625,134700000,9970.494403643064,-0.04470233335848528,-0.01754737638108561,-0.02557755490027558,-0.009699042617990261,-0.02262266131249069,下降トレンド,downtrend,1.0
2012-04-13,9613.1904296875,9690.2900390625,9603.9697265625,9637.990234375,171400000,9915.670764853196,-0.0280042104123156,-0.01729906617162158,-0.02829280626768016,-0.019644379172569004,-0.0225153302553609,下降トレンド,downtrend,1.0
2012-04-16,9522.7001953125,9532.91015625,9464.490234375,9470.6396484375,113000000,9844.757932608663,-0.038001775841737695,-0.018385534768485146,-0.029936945127766346,-0.030485945600191244,-0.018493219708037634,下降トレンド,downtrend,1.0
2012-04-17,9476.150390625,9519.7998046875,9455.3203125,9464.7099609375,109200000,9775.996177275756,-0.031841892191185495,-0.01950738032571797,-0.03114163425395089,-0.03999150535818374,-0.014177595605304294,下降トレンド,downtrend,1.0
2012-04-18,9594.2998046875,9682.8798828125,9594.2998046875,9667.259765625,116800000,9731.430349087363,-0.006594157401371148,-0.018580731463864852,-0.029685355043981065,-0.04618583715550861,-0.008401577969044505,下降トレンド,downtrend,1.0
2012-04-19,9578.6796875,9617.9296875,9565.830078125,9588.3798828125,118800000,9682.591491488829,-0.009729999324988858,-0.016472364504026338,-0.02887549007088752,-0.052859779828521636,-0.003297935170611943,下降トレンド,downtrend,1.0
2012-04-20,9574.990234375,9580.8701171875,9532.6796875,9561.3603515625,109800000,9637.295458681772,-0.00787929636948781,-0.014187885927819055,-0.028074278863528312,-0.057509887695007644,0.00021852740415184702,下降トレンド,downtrend,1.0
2012-04-23,9599.2001953125,9643.26953125,9520.98046875,9542.169921875,101500000,9597.24158710426,-0.005738280601715662,-0.013789212599737533,-0.025141943275675538,-0.061385547464361756,0.004795001852090808,下降トレンド,downtrend,1.0
2012-04-24,9466.080078125,9510.7001953125,9423.2998046875,9468.0400390625,106400000,9540.852680223536,-0.007631670208257502,-0.01463852021330081,-0.024053149447706423,-0.06898825874479175,0.007088484806244466,下降トレンド,downtrend,1.0
2012-04-25,9578.419921875,9582.73046875,9530.01953125,9561.009765625,97500000,9488.397506782672,0.007652742076880825,-0.015450180243770095,-0.02497401035475555,-0.07522302697824346,0.004711344689225516,下降トレンド,downtrend,1.0
2012-04-26,9613.16015625,9630.9697265625,9531.0302734375,9561.830078125,104900000,9444.856682076846,0.012384877821399742,-0.01587798990411693,-0.02455280795652237,-0.07967596628462859,0.004322682114365151,下降トレンド,downtrend,1.0
2012-04-27,9564.400390625,9691.7001953125,9463.599609375,9520.8896484375,165500000,9404.185806271273,0.01240977630284612,-0.01432438782285661,-0.024188285334813764,-0.08374128443762585,0.0038859935287145486,下降トレンド,downtrend,1.0
2012-05-01,9471.66015625,9472.25,9332.7900390625,9350.9501953125,117900000,9350.279686008162,7.17100800033954e-05,-0.014556496044329736,-0.025732591896815316,-0.08920440520991524,-0.0005906486211397777,下降トレンド,downtrend,1.0
2012-05-02,9397.8701171875,9417.9599609375,9344.5302734375,9380.25,94500000,9302.847771100449,0.008320272544930063,-0.01503558134935834,-0.02494587403245707,-0.09367368396179365,-0.0008927245847506482,下降トレンド,downtrend,1.0
2012-05-07,9198.169921875,9206.4501953125,9109.009765625,9119.1396484375,133000000,9247.72167041568,-0.013904183815298565,-0.01663771208680853,-0.02536527756082607,-0.09754107354148289,-0.00039126720607052246,下降トレンド,downtrend,1.0
2012-05-08,9190.5,9207.5595703125,9159.4697265625,9181.650390625,112400000,9213.3661189993,-0.0034423605840321336,-0.01464272423997548,-0.024509695686207422,-0.09957215983252143,4.311227031494891e-05,下降トレンド,downtrend,1.0
2012-05-09,9112.7197265625,9115.9404296875,9021.2001953125,9045.0595703125,131600000,9174.64352769598,-0.01412414084452418,-0.013781182553877613,-0.02440852225848411,-0.10091134253953393,-0.0002202369236703472,下降トレンド,downtrend,1.0
2012-05-10,9013.259765625,9075.6298828125,8985.900390625,9009.650390625,141500000,9144.39904141267,-0.014735648584168981,-0.011172765864434386,-0.022018661634643277,-0.09894750792181672,0.0037139302621720383,下降トレンド,downtrend,1.0
2012-05-11,9019.400390625,9050.6103515625,8944.6298828125,8953.3095703125,143400000,9116.477998197182,-0.017898186988105413,-0.010516039366146535,-0.020033625991626947,-0.09650374094617542,0.004912248040830125,下降トレンド,downtrend,1.0
2012-05-14,8986.2197265625,9031.08984375,8947.8203125,8973.83984375,112700000,9094.96932316526,-0.013318294445121226,-0.008684174408542744,-0.016517835710723072,-0.09314647352733596,0.008847441850103,下降トレンド,downtrend,1.0
2012-05-15,8910.849609375,8930.7802734375,8838.7802734375,8900.740234375,144900000,9067.544658829756,-0.01839576541730359,-0.008404530711625613,-0.015827164392049786,-0.0905621836047954,0.008682531294157636,下降トレンド,downtrend,1.0
2012-05-16,8865.7802734375,8883.73046875,8756.0703125,8801.169921875,145300000,9022.733556821604,-0.02455615402486222,-0.010282966886347666,-0.01655758835924226,-0.09005313197738185,0.007850933899241852,下降トレンド,downtrend,1.0
2012-05-17,8789.4697265625,8885.080078125,8765.7099609375,8876.58984375,160100000,8987.829397421121,-0.012376687268122688,-0.01178013052460214,-0.01712191728318979,-0.08704414481834533,0.004896744351453486,下降トレンド,downtrend,1.0
2012-05-18,8727.580078125,8735.5400390625,8588.16015625,8611.3095703125,155100000,8937.170899205095,-0.03646135142403717,-0.0143780664479779,-0.0196684617708226,-0.0858045832731098,0.0003651642208043482,下降トレンド,downtrend,1.0
2012-05-21,8617.919921875,8676.2001953125,8608.6201171875,8633.8896484375,110800000,8879.305723754285,-0.027639106361687538,-0.015896272694307934,-0.02371240536916064,-0.08756417040101316,-0.007194569658437566,下降トレンド,downtrend,1.0
2012-05-22,8721.58984375,8740.48046875,8690.4697265625,8729.2900390625,111000000,8825.150502293236,-0.010862190192204246,-0.01809990910314363,-0.026732060955496073,-0.08855490701526536,-0.010904896563446287,下降トレンド,downtrend,1.0
2012-05-23,8715.1396484375,8715.1396484375,8538.6904296875,8556.599609375,142700000,8761.195965490615,-0.023352560189441873,-0.019690228115715303,-0.028986513863445973,-0.09090719454926766,-0.012428925504203714,下降トレンド,downtrend,1.0
2012-05-24,8537.990234375,8597.849609375,8496.6103515625,8563.3798828125,134200000,8700.9595703252,-0.015812013192420538,-0.020085596664609295,-0.031917587040340645,-0.09338954413561773,-0.014795669757150853,下降トレンド,downtrend,1.0
2012-05-25,8616.849609375,8616.849609375,8550.9296875,8580.3896484375,113600000,8647.444212364802,-0.00775426383571487,-0.020136346669924365,-0.032418165670980104,-0.09364031683568574,-0.012749703900157505,下降トレンド,downtrend,1.0
2012-05-28,8604.990234375,8624.509765625,8568.8701171875,8593.150390625,97000000,8594.006306073337,-9.959446361262891e-05,-0.019082972242125296,-0.0321308249267398,-0.09426156525061158,-0.00841841955757916,下降トレンド,downtrend,1.0
2012-05-29,8565.5595703125,8657.080078125,8517.1796875,8657.080078125,129700000,8542.121490221774,0.013457849789987097,-0.018255237117196343,-0.0320707292184893,-0.09557955427403775,-0.005338668262993229,下降トレンド,downtrend,1.0
2012-05-30,8637.9501953125,8656.7099609375,8568.9697265625,8633.1904296875,119000000,8490.464593604464,0.016810132650520337,-0.018153296500702076,-0.03090118894184457,-0.09716111862203802,-0.0019146750783985977,下降トレンド,downtrend,1.0
2012-05-31,8499.6796875,8542.73046875,8455.1298828125,8542.73046875,162800000,8441.299091582965,0.0120160861576597,-0.017769036820749706,-0.029842740521150324,-0.0972142679095902,0.002074846519190321,下降トレンド,downtrend,1.0
2012-06-01,8465.4697265625,8487.4404296875,8422.5,8440.25,125200000,8389.60563302106,0.006036561096460558,-0.017854564276017504,-0.029816738103388363,-0.09816801914317042,0.002601427567591741,下降トレンド,downtrend,1.0
2012-06-04,8278.650390625,8303.349609375,8238.9599609375,8295.6298828125,126800000,8336.596700752063,-0.004914093773526029,-0.018122435015900495,-0.02995222439380385,-0.09852426382796431,0.002178600532935948,下降トレンド,downtrend,1.0
2012-06-05,8331.01953125,8388.1396484375,8306.9296875,8382.0,136900000,8300.367169431966,0.009834845724495889,-0.01669552525292306,-0.028301437888298198,-0.09909504710602979,0.0037692913301911046,下降トレンド,downtrend,1.0
2012-06-06,8428.3603515625,8549.0,8412.5498046875,8533.5302734375,160100000,8281.052180544008,0.0304886489529288,-0.012939041145127339,-0.024664423336527186,-0.09739793643801431,0.006236765605317385,下降トレンド,downtrend,1.0
2012-06-07,8639.25,8647.7900390625,8599.6396484375,8639.7197265625,127300000,8278.812376507774,0.04359409703242556,-0.006931404542944497,-0.019249017634881627,-0.09465757793211693,0.010593722886268697,下降トレンド,downtrend,1.0
2012-06-08,8609.7802734375,8611.9296875,8427.2001953125,8459.259765625,182900000,8264.868129531282,0.023520234448646038,-0.004276803564957632,-0.014868100950873986,-0.09341435023858002,0.014948637152514377,下降トレンド,downtrend,1.0
2012-06-11,8612.1396484375,8665.7998046875,8594.580078125,8624.900390625,108900000,8266.956200163328,0.0432981839742419,-0.0017021967828916296,-0.008353588771117249,-0.09104078239087066,0.0215986356226866,下降トレンド,downtrend,1.0
2012-06-12,8478.7802734375,8575.8701171875,8452.5,8536.7197265625,113200000,8263.651014294046,0.03304456006141998,-0.0018313450678929533,-0.004423437468300873,-0.08865615497717982,0.023878000419997325,下降トレンド,downtrend,1.0
2012-06-13,8557.5703125,8615.8896484375,8554.1396484375,8587.83984375,101600000,8272.717914578328,0.03809170485752422,0.000949777410119701,-0.0010064259690646393,-0.08312510144735785,0.023657997367462547,下降トレンド,downtrend,1.0
2012-06-14,8531.400390625,8592.169921875,8520.990234375,8568.8896484375,101600000,8280.019669672787,0.034887595717043585,0.001580203063033192,0.00014582926996120626,-0.07875202081065602,0.019394846904842833,上昇トレンドへの転換期,transition_to_uptrend,3.0
2012-06-15,8608.4296875,8625.1904296875,8552.75,8569.3203125,106700000,8296.121742666302,0.03293087762064273,0.00392934410178869,0.0037815017306022103,-0.071728420969975,0.018649602681476196,上昇トレンドへの転換期,transition_to_uptrend,3.0
2012-06-18,8723.5498046875,8766.5595703125,8711.490234375,8721.01953125,109800000,8336.154583847585,0.04616816345370345,0.0076681774870466235,0.008370479050426205,-0.06117045147501121,0.016724067821543454,上昇トレンドへの転換期,transition_to_uptrend,3.0
2012-06-19,8692.8203125,8712.8603515625,8630.66015625,8655.8701171875,99200000,8362.357354420643,0.035099284846000556,0.009944141201672974,0.011944640444745191,-0.05244025558004195,0.016368077913046064,上昇トレンドへの転換期,transition_to_uptrend,3.0
2012-06-20,8739.099609375,8770.41015625,8711.2197265625,8752.3095703125,114100000,8399.61950718443,0.04198881423454992,0.012475439455745585,0.015339770304807931,-0.0412702169578667,0.01634619627387257,上昇トレンドへの転換期,transition_to_uptrend,3.0
2012-06-21,8794.0302734375,8859.0400390625,8790.8603515625,8824.0703125,132500000,8449.200243757405,0.044367520940169936,0.013560888149658501,0.020432387945197084,-0.02893466226718555,0.020286558675235877,上昇トレンドへの転換期,transition_to_uptrend,3.0
2012-06-22,8733.5,8830.33984375,8731.7900390625,8798.349609375,113300000,8492.72810586769,0.03598625785466436,0.01559019136848172,0.023698587038598617,-0.01789154144248606,0.019917085307996407,上昇トレンドへの転換期,transition_to_uptrend,3.0
2012-06-25,8837.830078125,8837.830078125,8726.400390625,8734.6201171875,92800000,8526.49370298497,0.024409378749634003,0.015104755125160185,0.022832964195048877,-0.007855777699471433,0.014462485144622672,上昇トレンドへの転換期,transition_to_uptrend,3.0
2012-06-26,8671.6103515625,8712.6796875,8619.3603515625,8663.990234375,127500000,8547.308423391481,0.01365129292213152,0.01161153444156593,0.022117097025645238,0.0006072183796079766,0.010172456580900047,上昇トレンド,uptrend,4.0
2012-06-27,8677.759765625,8730.490234375,8641.51953125,8730.490234375,106000000,8570.255552230308,0.01869660492247438,0.009128685788145408,0.02031473507816961,0.009397714076323727,0.004974964773361679,上昇トレンド,uptrend,4.0
2012-06-28,8816.0703125,8881.4404296875,8805.650390625,8874.1103515625,118500000,8610.088574135123,0.030664234769953946,0.009804132162894552,0.019041841326531417,0.019995676106354665,-0.0013905466186656668,上昇トレンド,uptrend,4.0
2012-06-29,8811.4599609375,9044.0400390625,8803.330078125,9006.7802734375,143900000,8669.447306823626,0.0389105504278644,0.01428974799808147,0.02080829608024759,0.033355760216084995,-0.0028902909583510272,上昇トレンド,uptrend,4.0
2012-07-02,9103.7900390625,9103.7900390625,9003.48046875,9003.48046875,99700000,8737.077285392059,0.030491109859283716,0.01946519939167235,0.024697559130709035,0.048038857943538016,0.0018645949356601577,上昇トレンド,uptrend,4.0
2012-07-03,9013.650390625,9082.3896484375,9012.8603515625,9066.58984375,121000000,8810.144759721044,0.02910793080283902,0.023235090308698414,0.03075077244320057,0.06141626989303006,0.008633675417555331,上昇トレンド,uptrend,4.0
2012-07-04,9119.6904296875,9136.01953125,9095.3095703125,9104.169921875,105600000,8871.76978933709,0.026195464721957773,0.023337414180280902,0.035181475659534556,0.07133364165739087,0.014866740581364946,上昇トレンド,uptrend,4.0
2012-07-05,9078.4599609375,9130.5400390625,9069.009765625,9079.7998046875,97100000,8915.82813426386,0.018391075731203355,0.02045888379294336,0.03550945585474974,0.0769453067403365,0.01646761452821832,上昇トレンド,uptrend,4.0
2012-07-06,9052.7001953125,9082.0400390625,8977.349609375,9020.75,108200000,8955.59733054002,0.007275078038379235,0.016509668658790666,0.033006720450468485,0.08357413453950802,0.012198424370220895,上昇トレンド,uptrend,4.0
2012-07-09,8922.990234375,8954.4404296875,8892.169921875,8896.8798828125,92100000,8981.135248120367,-0.009381371394612925,0.012327355350757907,0.02793359320929434,0.08638960104118243,0.0032360340785853037,上昇トレンド,uptrend,4.0
2012-07-10,8922.0302734375,8966.990234375,8855.9296875,8857.73046875,108300000,8997.384341511184,-0.015521607998545073,0.009147350758579531,0.021252724773170195,0.08879045423723286,-0.009498047670030374,上昇トレンド,uptrend,4.0
2012-07-11,8819.0400390625,8851.0,8797.73046875,8851.0,98000000,9012.975406045573,-0.017971357820074085,0.006406951249346982,0.015916285032350208,0.08948177601495999,-0.019265190627184348,上昇トレンド,uptrend,4.0
2012-07-12,8859.3896484375,8862.7998046875,8709.75,8720.009765625,141800000,9012.819123545287,-0.032488098774260954,0.0035278252191504045,0.010878517151837741,0.08850213925898309,-0.024630938702911997,上昇トレンド,uptrend,4.0
2012-07-13,8701.349609375,8759.0595703125,8695.4404296875,8724.1201171875,122800000,9012.830592556695,-0.03203327438636516,0.0017167490527492113,0.00639078108408242,0.0863908308148873,-0.026615939366386066,上昇トレンド,uptrend,4.0
2012-07-17,8740.98046875,8808.8701171875,8711.73046875,8755.0,112000000,9008.19578899489,-0.028107269749200303,-0.0005303040156391381,0.0030130423523224703,0.08061765150678402,-0.024920550856971868,上昇トレンド,uptrend,4.0
2012-07-18,8796.150390625,8802.08984375,8715.1396484375,8726.740234375,119000000,8996.863632774492,-0.030024173914947938,-0.0017703107709232668,-5.787334595563909e-05,0.07587648452005302,-0.021310598119125834,下降トレンドへの転換期,transition_to_downtrend,2.0
2012-07-19,8795.0,8835.7998046875,8771.1904296875,8795.5498046875,113200000,8990.556843580185,-0.021690206990007788,-0.0024713378053399238,-0.002487365321151347,0.07035286966157339,-0.018403650353501555,下降トレンドへの転換期,transition_to_downtrend,2.0
2012-07-20,8785.8701171875,8792.1904296875,8662.7197265625,8669.8701171875,116900000,8964.47759645911,-0.03286387590370876,-0.00485315745348136,-0.005363641100916805,0.060985340367854635,-0.016242158252754546,下降トレンドへの転換期,transition_to_downtrend,2.0
2012-07-23,8582.2802734375,8606.23046875,8500.26953125,8508.3203125,103300000,8921.779657236393,-0.046342698499737045,-0.008345572257489442,-0.010102368438556497,0.050519873710812346,-0.016493149522638917,下降トレンドへの転換期,transition_to_downtrend,2.0
2012-07-24,8497.990234375,8517.51953125,8446.1796875,8488.08984375,126200000,8882.909922777695,-0.044447155544749095,-0.011973331872024873,-0.013907986588197141,0.04180103008437697,-0.01692102894051961,下降トレンドへの転換期,transition_to_downtrend,2.0
2012-07-25,8410.98046875,8433.580078125,8328.01953125,8365.900390625,137400000,8839.856883352128,-0.05361585588786144,-0.01390161465250428,-0.01745127589245743,0.03422696894381705,-0.01739340254650179,下降トレンドへの転換期,transition_to_downtrend,2.0
2012-07-26,8408.2197265625,8448.5498046875,8358.509765625,8443.099609375,153400000,8805.431314828567,-0.041148660695744854,-0.013040934306582708,-0.020591108200801678,0.02744092765554207,-0.01810374287965033,下降トレンドへの転換期,transition_to_downtrend,2.0
2012-07-27,8547.33984375,8569.08984375,8522.740234375,8566.6396484375,129100000,8774.089470476656,-0.023643458701576914,-0.012250541010440763,-0.021238061441266276,0.019047527203633452,-0.01587442034034947,下降トレンドへの転換期,transition_to_downtrend,2.0
2012-07-30,8658.830078125,8663.2998046875,8589.1904296875,8635.4404296875,112000000,8738.014306243947,-0.011738808493727326,-0.011520840037577695,-0.02059738729855254,0.00790903929554454,-0.010495018859996041,下降トレンドへの転換期,transition_to_downtrend,2.0
2012-07-31,8600.919921875,8732.83984375,8585.259765625,8695.0595703125,140300000,8703.76773013544,-0.001000504619716458,-0.01154555422196335,-0.02016706171734295,-0.00381243683311705,-0.006259075129145808,下降トレンド,downtrend,1.0
2012-08-01,8622.0400390625,8654.6103515625,8578.16015625,8641.849609375,123200000,8664.026011464315,-0.0025595955113675295,-0.012544145963257591,-0.019890692146719013,-0.016585283470569867,-0.002439416254261584,下降トレンド,downtrend,1.0
2012-08-02,8642.8896484375,8705.91015625,8635.509765625,8653.1796875,127000000,8623.13613515138,0.0034840633242643193,-0.013146942436392917,-0.02070258379850143,-0.028025259907503486,-0.00011147559769975057,下降トレンド,downtrend,1.0
2012-08-03,8539.7099609375,8565.0595703125,8513.2001953125,8555.1103515625,141700000,8574.795640022701,-0.0022957151734696035,-0.014817960923542595,-0.02271390451676436,-0.03825023195888655,-0.0014758430754980845,下降トレンド,downtrend,1.0
2012-08-06,8683.2001953125,8751.7998046875,8676.25,8726.2900390625,113000000,8548.37990824939,0.02081214601159953,-0.013347848109170224,-0.02170223020338269,-0.04547071594006957,-0.00110484290483015,下降トレンド,downtrend,1.0
2012-08-07,8714.1201171875,8812.419921875,8711.900390625,8803.3095703125,109300000,8539.526900034329,0.03088961172744953,-0.009695919652274454,-0.018870084220245498,-0.04917066004305648,0.0012969774970974512,下降トレンド,downtrend,1.0
2012-08-08,8889.3798828125,8962.9501953125,8851.58984375,8881.16015625,162300000,8546.365216438637,0.0391739565689746,-0.003315580309735444,-0.013580383400279339,-0.05012780469893707,0.0063103087464396745,下降トレンド,downtrend,1.0
2012-08-09,8870.8095703125,9004.8095703125,8862.169921875,8978.599609375,151200000,8565.155609358315,0.04827045985772349,0.0019624421573420925,-0.006723832824198861,-0.049686122119769305,0.013978750974302567,下降トレンド,downtrend,1.0
2012-08-10,8931.919921875,8954.849609375,8857.23046875,8891.4404296875,120000000,8582.786818349565,0.03596193379498236,0.005065844843824108,0.0009319380498777896,-0.04771340679325253,0.02364584256664215,上昇トレンドへの転換期,transition_to_uptrend,3.0
2012-08-13,8871.6796875,8906.2099609375,8867.6298828125,8885.150390625,72100000,8605.944254091002,0.03244340519650368,0.006971272130726014,0.006733948006459212,-0.045145233152581676,0.0284361782098419,上昇トレンドへの転換期,transition_to_uptrend,3.0
2012-08-14,8913.7001953125,8970.990234375,8897.8701171875,8929.8798828125,117500000,8631.771746581899,0.03453614680539352,0.007777574659682651,0.010802102695782745,-0.04178684069820726,0.029672186916028243,上昇トレンドへの転換期,transition_to_uptrend,3.0
2012-08-15,8960.2802734375,8960.2802734375,8866.0595703125,8925.0400390625,104400000,8656.845915881577,0.030980581817784625,0.008628793782187172,0.012927214862107128,-0.037792916595320136,0.026507598262386467,上昇トレンドへの転換期,transition_to_uptrend,3.0
2012-08-16,8967.1103515625,9094.08984375,8962.9697265625,9092.759765625,115300000,8695.730230739602,0.04565798666130294,0.010433018620346957,0.015244862713132745,-0.032792920168355,0.021968695537331606,上昇トレンドへの転換期,transition_to_uptrend,3.0
2012-08-17,9120.2197265625,9181.5703125,9097.0,9162.5,132500000,8743.685015964378,0.047899139009575764,0.012965272098025116,0.018746614709201692,-0.024629720819642986,0.017814676659323903,上昇トレンドへの転換期,transition_to_uptrend,3.0
2012-08-20,9202.3603515625,9222.8701171875,9150.7900390625,9171.16015625,91300000,8805.146895473052,0.041568103874011,0.01713106378841811,0.02314709873786991,-0.013072813524232396,0.016413150731410697,上昇トレンドへの転換期,transition_to_uptrend,3.0
2012-08-21,9165.150390625,9196.669921875,9146.0703125,9156.919921875,84200000,8872.089997114565,0.032104039166991116,0.020281191078298066,0.027841126664155613,-0.0012180609459279124,0.01703902396837287,上昇トレンドへの転換期,transition_to_uptrend,3.0
2012-08-22,9150.6904296875,9162.9697265625,9075.080078125,9131.740234375,85900000,8941.519139194394,0.021273912432484554,0.022625943508807422,0.0328841735291332,0.011500441374082015,0.01995695866702607,上昇トレンド,uptrend,4.0
2012-08-23,9080.669921875,9194.4697265625,9062.5400390625,9178.1201171875,102800000,9015.277241132575,0.018062991486490043,0.023864490638714653,0.036747576329284826,0.023831419359392703,0.02150271361615208,上昇トレンド,uptrend,4.0
2012-08-24,9069.9501953125,9090.669921875,9045.7900390625,9070.759765625,85700000,9066.217879341297,0.0005009681373369101,0.0218807386185067,0.036887520855112266,0.03329444153123862,0.018140906145910574,上昇トレンド,uptrend,4.0
2012-08-27,9140.41015625,9150.48046875,9084.8701171875,9085.3896484375,79500000,9107.131354052983,-0.0023873275535667426,0.01852170892669025,0.034296356683746865,0.04224266920062991,0.011149257945876956,上昇トレンド,uptrend,4.0
2012-08-28,9138.509765625,9140.6201171875,8988.990234375,9033.2900390625,124000000,9134.453887596526,-0.011074975009879306,0.013219410038795454,0.029571824741102537,0.049482726425465584,0.0017306980769469238,上昇トレンド,uptrend,4.0
2012-08-29,9045.73046875,9073.990234375,9033.830078125,9069.8095703125,107500000,9163.339908232256,-0.010207013911568308,0.01071251873532253,0.024807951041063037,0.05763070148995908,-0.008076222488070162,上昇トレンド,uptrend,4.0
2012-08-30,9062.0703125,9062.0703125,8960.240234375,8983.7802734375,98300000,9183.418813933606,-0.021739021658600866,0.0083766728418464,0.01865073788678151,0.06497435155851083,-0.018096838442503316,上昇トレンド,uptrend,4.0
2012-08-31,8891.75,8933.990234375,8839.91015625,8839.91015625,122800000,9191.262629076326,-0.03822679070390511,0.0062191721780913145,0.013792383042102063,0.07189290741534138,-0.023095137813010203,上昇トレンド,uptrend,4.0
2012-09-03,8836.6103515625,8893.3896484375,8773.400390625,8783.8896484375,123400000,9187.997171590765,-0.04398211227173243,0.0026908598399102424,0.008879395101926812,0.07482321448115914,-0.025416961581820052,上昇トレンド,uptrend,4.0
2012-09-04,8787.9697265625,8804.4404296875,8729.2197265625,8775.509765625,110800000,9171.273037117611,-0.043152490378477903,-0.0013225768161162499,0.004030799210785974,0.07397905580468911,-0.025541025530316563,上昇トレンド,uptrend,4.0
2012-09-05,8756.58984375,8759.259765625,8679.8203125,8679.8203125,111700000,9137.848984273636,-0.0501243424532305,-0.005811350078684163,-0.002781837650234764,0.06920881016145919,-0.0275897886912978,下降トレンドへの転換期,transition_to_downtrend,2.0
2012-09-06,8690.33984375,8697.0,8646.0302734375,8680.5703125,119100000,9097.146481399335,-0.045791960121901565,-0.009887975419968553,-0.009394358929092239,0.06211105744065715,-0.02804509681587375,下降トレンドへの転換期,transition_to_downtrend,2.0
2012-09-07,8821.3701171875,8871.650390625,8804.26953125,8871.650390625,157100000,9075.96571155077,-0.022511689380419697,-0.010391940702355718,-0.012544187037025312,0.05746139379191084,-0.026336570079127375,下降トレンドへの転換期,transition_to_downtrend,2.0
2012-09-10,8853.1904296875,8874.5400390625,8838.1796875,8869.3701171875,111800000,9059.572372473765,-0.020994617346859368,-0.008566196698433726,-0.013977453052999245,0.05271102217134649,-0.022856848154926057,下降トレンドへの転換期,transition_to_downtrend,2.0
2012-09-11,8811.330078125,8814.0302734375,8769.4697265625,8807.3798828125,95400000,9035.936663542392,-0.025294199067602774,-0.006728463478311242,-0.014756552664770828,0.04682293842171381,-0.0187873518755568,下降トレンドへの転換期,transition_to_downtrend,2.0
2012-09-12,8827.2099609375,8959.9599609375,8821.7998046875,8959.9599609375,116100000,9026.016104309027,-0.007318416298857655,-0.005503503299728707,-0.012238425055729807,0.04264488383120946,-0.009456587405495043,下降トレンドへの転換期,transition_to_downtrend,2.0
2012-09-13,8950.009765625,9022.2001953125,8932.099609375,8995.150390625,95000000,9012.30192173181,-0.0019031243355764893,-0.005217735318896466,-0.00932650252922762,0.03640541766959604,6.785639986461867e-05,下降トレンドへの転換期,transition_to_downtrend,2.0
2012-09-14,9097.919921875,9193.26953125,9081.7998046875,9159.3896484375,198000000,9004.242546859465,0.017230444512198018,-0.003507562952582921,-0.007902538084737953,0.029799510208722735,0.004641648952287358,下降トレンドへの転換期,transition_to_downtrend,2.0
2012-09-18,9155.490234375,9180.4404296875,9120.6103515625,9123.76953125,137600000,8990.222540099168,0.014854692478987186,-0.003965599417972476,-0.0076548681906120075,0.021019029758750474,0.006322584862387237,下降トレンドへの転換期,transition_to_downtrend,2.0
2012-09-19,9166.51953125,9288.5302734375,9140.75,9232.2099609375,157200000,8988.42469903796,0.027122134307431267,-0.002649403326832056,-0.005258111723616898,0.013112434833419284,0.00949844094115393,下降トレンドへの転換期,transition_to_downtrend,2.0
2012-09-20,9174.1904296875,9215.5703125,9079.1904296875,9086.98046875,144600000,8975.878116284668,0.012377881141652614,-0.003150118449962158,-0.005554830331005345,0.003842633064404577,0.006683594724724462,下降トレンドへの転換期,transition_to_downtrend,2.0
2012-09-21,9113.2998046875,9159.330078125,9103.9501953125,9110.0,121700000,8966.32294979474,0.016024077094897615,-0.002658398076113122,-0.005101801108793214,-0.005430148183849459,0.004224701420434407,下降トレンド,downtrend,1.0
2012-09-24,9071.3203125,9091.9697265625,9031.1298828125,9069.2900390625,105900000,8957.573203126754,0.012471774821415815,-0.0034323584993161127,-0.005183039382806065,-0.011983461864743528,0.0027194987019318884,下降トレンド,downtrend,1.0
2012-09-25,9031.3701171875,9112.5400390625,9023.6298828125,9091.5400390625,128400000,8956.453945410052,0.01508254209487414,-0.002164041291890406,-0.003756146695868545,-0.016544991258512387,0.0038987214947434623,下降トレンド,downtrend,1.0
2012-09-26,8941.75,8971.75,8894.01953125,8906.7001953125,109300000,8940.558490879863,-0.003787044802838757,-0.0028734698782477697,-0.005325316700179994,-0.02122681871326204,-6.720497656309554e-05,下降トレンド,downtrend,1.0
2012-09-27,8856.3095703125,8959.25,8844.0595703125,8949.8701171875,124700000,8930.579462893747,0.002160067482060324,-0.003013510425299626,-0.005046709949050765,-0.025401267187458387,0.0005081203819545799,下降トレンド,downtrend,1.0
2012-09-28,8986.6298828125,8989.080078125,8838.849609375,8870.16015625,135600000,8916.67872344646,-0.005217028519165834,-0.004440956455090905,-0.005536743058024318,-0.029045837491635806,-0.00043494194923110463,下降トレンド,downtrend,1.0
2012-10-01,8815.0703125,8829.349609375,8759.0703125,8796.509765625,99100000,8907.779098006855,-0.012491254122674822,-0.003666369713530293,-0.00555888341526678,-0.030842719059368195,-0.00037584403246071485,下降トレンド,downtrend,1.0
2012-10-02,8826.3603515625,8843.330078125,8774.75,8786.0498046875,98200000,8908.191333429748,-0.013711147882947694,-0.0025069066970425657,-0.005388584843339483,-0.030453409261615327,-0.0016324381474709382,下降トレンド,downtrend,1.0
2012-10-03,8778.259765625,8806.75,8729.5595703125,8746.8701171875,103500000,8908.10709690907,-0.018100027084038572,-0.0009613026108981071,-0.00362968309014422,-0.02869459224945825,0.0016956336100357738,下降トレンド,downtrend,1.0
2012-10-04,8783.1298828125,8865.919921875,8738.3095703125,8824.58984375,123500000,8920.333065586652,-0.010733144282024099,0.0014093263249652654,-0.0011473384621534244,-0.023803842574038114,0.0038993714868973406,下降トレンド,downtrend,1.0
2012-10-05,8850.2900390625,8880.23046875,8805.7900390625,8863.2998046875,112100000,8939.931947814202,-0.008571893340355796,0.0035630817970131456,0.0026078347206341945,-0.017281741467677247,0.008144577778658513,上昇トレンドへの転換期,transition_to_uptrend,3.0
2012-10-09,8822.3896484375,8840.6904296875,8765.5498046875,8769.58984375,124400000,8940.33399205,-0.019098184525525697,0.0036177040520888326,0.003654658886908191,-0.014944053758175313,0.00921354230217497,上昇トレンドへの転換期,transition_to_uptrend,3.0
2012-10-10,8650.5498046875,8660.6796875,8578.25,8596.23046875,122300000,8915.505069644401,-0.03581116250850114,-0.0005412349412015072,0.0008210124750247516,-0.0159022188803406,0.006209597318364235,上昇トレンドへの転換期,transition_to_uptrend,3.0
2012-10-11,8514.6298828125,8607.419921875,8514.6298828125,8546.7802734375,132900000,8889.723160524853,-0.038577454088807084,-0.005616238197610146,-0.0020637309570061824,-0.01618133332070293,0.0015659521331380377,下降トレンド,downtrend,1.0
2012-10-12,8607.7001953125,8620.1796875,8516.1103515625,8534.1201171875,139400000,8858.8405716135,-0.03665496086096254,-0.00911525458768836,-0.006893519952789751,-0.018521519434883005,-0.005746181490636326,下降トレンド,downtrend,1.0
2012-10-15,8517.76953125,8595.1103515625,8488.1396484375,8577.9296875,126900000,8824.325677629113,-0.027922359070876146,-0.010227058512448983,-0.012931448568057058,-0.020857739314017132,-0.015539283288691252,下降トレンド,downtrend,1.0
2012-10-16,8638.6796875,8707.9501953125,8633.6796875,8701.3095703125,119800000,8792.708446674716,-0.01039484897247811,-0.010913131050124703,-0.016512307650537017,-0.02349271458247515,-0.020166966537445208,下降トレンド,downtrend,1.0
2012-10-17,8777.3896484375,8837.1904296875,8758.7001953125,8806.5498046875,139700000,8765.919361791603,0.004635046390341513,-0.010489093812078076,-0.01677815296882168,-0.02494968031181699,-0.017599165443846432,下降トレンド,downtrend,1.0
2012-10-18,8886.5595703125,8992.3603515625,8877.169921875,8982.8603515625,165000000,8752.73475144036,0.026291851250750176,-0.008112906164631561,-0.015409749731329692,-0.02622149659025641,-0.01334601877432351,下降トレンド,downtrend,1.0
2012-10-19,8944.0302734375,9016.900390625,8940.3798828125,9002.6796875,134700000,8743.888636064265,0.02959679179448238,-0.005552306312273436,-0.012975957137955296,-0.02584588128480847,-0.006082437185165546,下降トレンド,downtrend,1.0
2012-10-22,8874.51953125,9031.5498046875,8867.7900390625,9010.7099609375,118300000,8741.653450198944,0.030778675026568614,-0.002768210679466976,-0.009368673647183523,-0.02505703852669483,0.003562774920873535,下降トレンド,downtrend,1.0
2012-10-23,9066.0302734375,9075.580078125,8970.5,9014.25,116300000,8740.667715365067,0.03129992965571815,-0.001378658946943001,-0.005918623553284097,-0.024214760275246605,0.01059368409725292,下降トレンド,downtrend,1.0
2012-10-24,8896.41015625,9043.7998046875,8896.41015625,8954.2998046875,133000000,8735.062705001259,0.025098514697635466,-0.0010093828307239372,-0.00352007080111183,-0.024718626563390078,0.01325808216770985,下降トレンド,downtrend,1.0
2012-10-25,8952.1298828125,9057.3095703125,8941.849609375,9055.2001953125,115600000,8746.995438997974,0.03523549983122343,0.000611095924754057,-0.0006557164823760564,-0.021649995588009396,0.014754033248953635,下降トレンド,downtrend,1.0
2012-10-26,9058.9296875,9075.58984375,8933.0595703125,8933.0595703125,132100000,8753.616446768896,0.02049931301363328,0.0014814350374017238,0.0011125268298259883,-0.019815401325314563,0.014088483967781285,上昇トレンドへの転換期,transition_to_uptrend,3.0
2012-10-29,8958.7900390625,8986.0498046875,8909.3701171875,8929.33984375,97300000,8761.418943360004,0.01916594805881955,0.0030172924051998784,0.0022610703196670467,-0.01741228824115848,0.01162974396685057,上昇トレンドへの転換期,transition_to_uptrend,3.0
2012-10-30,8941.8203125,8995.8095703125,8841.98046875,8841.98046875,149200000,8767.934262827415,0.008445114174328472,0.002393830427313004,0.003119503949843283,-0.015699180866612483,0.00903812750312738,上昇トレンドへの転換期,transition_to_uptrend,3.0
2012-10-31,8911.080078125,8985.580078125,8905.4404296875,8928.2900390625,135500000,8786.422484528906,0.016146225017450888,0.003747712497972122,0.005879726484188996,-0.013669312247917231,0.009399797285300826,上昇トレンドへの転換期,transition_to_uptrend,3.0
2012-11-01,8931.7099609375,8976.080078125,8871.48046875,8946.8701171875,140600000,8808.785532988619,0.01567578001323322,0.0054062692281724445,0.0070641507042701335,-0.011149570030979383,0.00771986718664619,上昇トレンドへの転換期,transition_to_uptrend,3.0
2012-11-02,9049.2197265625,9072.3896484375,9031.4296875,9051.2197265625,137900000,8838.761215390949,0.02403713665231688,0.008077952051238846,0.009726810529090635,-0.009144484807455888,0.008614283699264647,上昇トレンドへの転換期,transition_to_uptrend,3.0
2012-11-05,9000.8095703125,9040.1796875,8984.6904296875,9007.4404296875,101400000,8858.907123087487,0.016766549703734368,0.008249619078323445,0.011126985292875036,-0.009063248489998399,0.008865914973207989,上昇トレンドへの転換期,transition_to_uptrend,3.0
2012-11-06,8989.580078125,8990.349609375,8957.490234375,8975.150390625,104700000,8878.794171364769,0.010852399256082723,0.00794759256130928,0.01264378874364458,-0.00688339168759855,0.009524284793801296,上昇トレンドへの転換期,transition_to_uptrend,3.0
2012-11-07,9030.5595703125,9032.3203125,8924.41015625,8972.8896484375,130900000,8910.64505536768,0.006985419426209116,0.008132795787215041,0.014138014767387297,-0.0005451193441937674,0.0082582882831983,上昇トレンドへの転換期,transition_to_uptrend,3.0
2012-11-08,8868.419921875,8891.080078125,8811.41015625,8837.150390625,106500000,8938.669656663646,-0.011357312658149765,0.009003653889573693,0.014744838909815039,0.005505964050280143,0.0076806882055449055,上昇トレンド,uptrend,4.0
2012-11-09,8742.6796875,8779.240234375,8729.4501953125,8757.599609375,104000000,8960.663690790894,-0.02266172333022476,0.009220792581290382,0.013791805483745367,0.011493955484837004,0.004064994954654733,上昇トレンド,uptrend,4.0
2012-11-12,8701.2802734375,8728.849609375,8676.4404296875,8676.4404296875,86300000,8971.660157679657,-0.032905808156303284,0.0068474394314721465,0.012727646088344313,0.016696400997988636,0.0016006607954692775,上昇トレンド,uptrend,4.0
2012-11-13,8710.51953125,8723.4599609375,8619.4501953125,8661.0498046875,94900000,8971.805515006696,-0.03463692004908159,0.0037070234851277473,0.010475672917601875,0.02036881689164982,-0.0021681158260427047,上昇トレンド,uptrend,4.0
2012-11-14,8660.26953125,8680.400390625,8653.490234375,8664.73046875,81000000,8960.289057567834,-0.03298538550697827,-4.1808646768615176e-05,0.005571314073412603,0.022173338329284586,-0.008566700693974694,上昇トレンド,uptrend,4.0
2012-11-15,8703.8203125,8829.7197265625,8684.23046875,8829.7197265625,161300000,8950.779095269254,-0.013525009099010998,-0.00232744687643216,0.0013547249278398343,0.02262656751894654,-0.013390113981975205,上昇トレンド,uptrend,4.0
2012-11-16,8898.330078125,9032.349609375,8898.330078125,9024.16015625,199100000,8950.403528257215,0.008240592478308884,-0.0023854715434571405,-0.0011450226107942996,0.023618197896663196,-0.014936828094539667,下降トレンドへの転換期,transition_to_downtrend,2.0
2012-11-19,9141.26953125,9183.4599609375,9135.2900390625,9153.2001953125,143100000,8960.878234851269,0.02146240082955697,6.575427194910333e-05,-0.0012017756623514675,0.025078182966328244,-0.01392942175069578,下降トレンドへの転換期,transition_to_downtrend,2.0
2012-11-20,9198.419921875,9200.849609375,9129.4296875,9142.6396484375,133700000,8969.217825599337,0.01933522255900555,0.002060014009264144,-0.0002884245989317469,0.02614790055827254,-0.010764097516533622,下降トレンドへの転換期,transition_to_downtrend,2.0
2012-11-21,9213.73046875,9248.98046875,9161.2099609375,9222.51953125,134700000,8987.524749411867,0.026146774377840964,0.004147435480138517,0.003039599690261019,0.028902144487876535,-0.0025317143831515843,上昇トレンド,uptrend,4.0
2012-11-22,9336.3203125,9366.7998046875,9304.7197265625,9366.7998046875,147400000,9016.880775877524,0.03880710386524133,0.006249671020910119,0.007385019773664903,0.030854633315147373,0.006030294845825068,上昇トレンド,uptrend,4.0
2012-11-26,9466.0595703125,9487.9404296875,9388.9404296875,9388.9404296875,151500000,9049.046064660128,0.03756134763804386,0.008900245329414469,0.011021015543208668,0.03374943598314495,0.012166038154002967,上昇トレンド,uptrend,4.0
2012-11-27,9371.1298828125,9449.7197265625,9370.58984375,9423.2998046875,136700000,9089.465922728628,0.03672755746012579,0.011342519343096491,0.01434989791260044,0.03744222043134249,0.015551673574951907,上昇トレンド,uptrend,4.0
2012-11-28,9375.48046875,9407.6201171875,9308.349609375,9308.349609375,118700000,9121.996349819667,0.020428999575188067,0.011657642654359313,0.017033650781039134,0.040381471436588656,0.01732207537997088,上昇トレンド,uptrend,4.0
2012-11-29,9370.2900390625,9412.080078125,9350.400390625,9400.8798828125,113300000,9162.602109303321,0.026005469916372537,0.012548951992483737,0.019480042033031664,0.0428137419338519,0.016440442342770645,上昇トレンド,uptrend,4.0
2012-11-30,9446.76953125,9492.91015625,9380.25,9446.009765625,159800000,9201.812226725553,0.026537983267057363,0.012360055579943019,0.020509470563564447,0.044617580058574635,0.013124450789899544,上昇トレンド,uptrend,4.0
2012-12-03,9484.2001953125,9525.8203125,9453.48046875,9458.1796875,110100000,9235.586105371382,0.02410172777222641,0.012452291274372307,0.02061433209404928,0.0448959848908963,0.009593316550840614,上昇トレンド,uptrend,4.0
2012-12-04,9419.150390625,9457.1904296875,9406.0302734375,9432.4599609375,104100000,9263.446107454909,0.01824524604796629,0.011006043583317249,0.01914085890252748,0.045664660295753556,0.00479096098992704,上昇トレンド,uptrend,4.0
2012-12-05,9380.3701171875,9515.8603515625,9376.9697265625,9468.83984375,115900000,9297.810483564848,0.01839458445485298,0.010432538121184498,0.01927364657941988,0.04719293004352543,0.002239995798380745,上昇トレンド,uptrend,4.0
2012-12-06,9535.6904296875,9565.4296875,9503.3095703125,9545.16015625,123100000,9340.628550486017,0.02189698526801398,0.011373663123940059,0.019429681553227773,0.04825503568446132,-5.036047980389036e-05,上昇トレンド,uptrend,4.0
2012-12-07,9547.1396484375,9572.75,9522.1298828125,9527.3896484375,133800000,9387.759954020483,0.014873590196265996,0.013419827256891947,0.020207728946572745,0.05024129032691649,-0.000301741616991702,上昇トレンド,uptrend,4.0
2012-12-10,9584.4599609375,9584.4599609375,9517.400390625,9533.75,115200000,9444.808543974172,0.009416967597778658,0.015809965224518496,0.022653942718492637,0.054030021646816806,0.0020396106244433554,上昇トレンド,uptrend,4.0
2012-12-11,9510.599609375,9534.1796875,9487.9501953125,9525.3203125,97200000,9507.250736186732,0.0019006100517040547,0.017838433976913093,0.026318998988466902,0.05969804574559312,0.007178140085939422,上昇トレンド,uptrend,4.0
2012-12-12,9606.25,9606.25,9565.9501953125,9581.4599609375,129400000,9577.933217827593,0.00036821546253240633,0.020257576326891957,0.03012781716275037,0.06755916652529503,0.010854170583330491,上昇トレンド,uptrend,4.0
2012-12-13,9681.2001953125,9767.0498046875,9672.4697265625,9742.73046875,212000000,9662.821117302865,0.008269774476528768,0.023082794353495473,0.03449367085688082,0.07840506653540102,0.015063989303653047,上昇トレンド,uptrend,4.0
2012-12-14,9703.5595703125,9775.75,9687.7001953125,9737.5595703125,247400000,9735.695405955075,0.00019147726789858766,0.024028467966962452,0.03706267028968746,0.08769251283395785,0.016854941343114715,上昇トレンド,uptrend,4.0
2012-12-17,9895.6796875,9903.349609375,9826.2998046875,9828.8798828125,213600000,9797.572661356277,0.0031954058967795795,0.022931820313788043,0.037350054872967275,0.09465150151325297,0.014696112154474639,上昇トレンド,uptrend,4.0
2012-12-18,9848.8701171875,9967.240234375,9848.8701171875,9923.009765625,260300000,9851.253907714196,0.007283931424670209,0.01950080500547724,0.036183243828640244,0.09936254567102765,0.009864244840173342,上昇トレンド,uptrend,4.0
2012-12-19,10025.400390625,10160.400390625,10016.98046875,10160.400390625,277500000,9921.750732611024,0.0240531801740973,0.019110635542494814,0.03589683775863861,0.10620022007861518,0.005769020595888241,上昇トレンド,uptrend,4.0
2012-12-20,10093.1103515625,10147.6796875,10028.650390625,10039.330078125,274800000,9973.878259584739,0.006562323785871627,0.017994824261303943,0.03219113119302963,0.10974695899862952,-0.0023025396638511886,上昇トレンド,uptrend,4.0
2012-12-21,10145.580078125,10175.0595703125,9924.419921875,9940.0595703125,256500000,10003.381145631574,-0.006330017260886445,0.015442423811475647,0.02749528703545545,0.1094059458336405,-0.00956738325423201,上昇トレンド,uptrend,4.0
2012-12-25,10092.349609375,10119.349609375,10030.4404296875,10080.1201171875,141700000,10038.509512921923,0.004145097856610658,0.011767961467438637,0.02459148402297151,0.10934450340859847,-0.012758570849995765,上昇トレンド,uptrend,4.0
2012-12-26,10131.2197265625,10230.3603515625,10107.33984375,10230.3603515625,182100000,10085.58000861437,0.014355182629503638,0.011199429762668967,0.023786423849727623,0.1095899466870669,-0.012396819978912621,上昇トレンド,uptrend,4.0
2012-12-27,10295.259765625,10376.3896484375,10288.849609375,10322.98046875,235200000,10144.934165282182,0.017550267016726906,0.0141505174690284,0.022494359986044987,0.11213968699765364,-0.013402477772593624,上昇トレンド,uptrend,4.0
2012-12-28,10406.3603515625,10433.6298828125,10374.849609375,10395.1796875,202800000,10211.064934907245,0.018030906057932006,0.0171893468610258,0.023780787086966182,0.11442850110661884,-0.00841034410606345,上昇トレンド,uptrend,4.0
