{
  "objective_total_pnl": 1433889.6749267578,
  "objective_total_return_pct": 15.932107499186188
}