{
  "mode_name":"monthly",
  "q2_2024_return_pct":6.1494497884,
  "q2_2024_final_capital":3184483.4936523442,
  "q3_return_pct":12.6817459005,
  "q3_final_capital":3380452.3770141611,
  "q4_return_pct":11.8038666667,
  "q4_final_capital":3354116.0,
  "4q2_return_pct":11.4090833333,
  "4q2_final_capital":3342272.5000000005,
  "total_final_capital":13261324.3706665058,
  "total_return_pct":10.5110364222
}