mode_name,q2_2024_return_pct,q2_2024_final_capital,q3_return_pct,q3_final_capital,q4_return_pct,q4_final_capital,4q2_return_pct,4q2_final_capital,total_final_capital,total_return_pct
monthly,6.149449788411476,3184483.493652344,12.681745900472041,3380452.377014161,11.803866666666663,3354116.0,11.409083333333347,3342272.5000000005,13261324.370666506,10.511036422220887
fixed,4.180783121744791,3125423.4936523438,12.681745900472041,3380452.377014161,11.803866666666663,3354116.0,11.409083333333347,3342272.5000000005,13202264.370666504,10.018869755554194
