{
  "mapping_name": "practical_phase_adaptive_v31_pre_earnings1",
  "mapping_ja": "実務向け局面切替v3.1_決算前1営業日",
  "earnings_pre_days": 1,
  "dataset": "q3",
  "final_capital": 3634635.300598147,
  "total_return_pct": 21.154510019938222,
  "num_buys": 37,
  "max_drawdown_pct": -2.732868721208981,
  "phase_pnl": {
    "high_vol": 123154.50000000047,
    "normal": 26458.874023437966,
    "overheated_range": 27499.312988281716,
    "settling": 207401.00000000047,
    "stable": -83256.6259765625,
    "uptrend": 333378.23956298875
  }
}