{"threshold_days": 2, "q2_2024_return_pct": -1.2259631774902302, "4q2_return_pct": 12.842083333333365, "note": "spot check; worse than threshold 1 and 3"}
