{
  "initial_capital": 3000000.0,
  "final_capital": 3062815.5,
  "total_return_pct": 2.093849999999997,
  "num_buys": 28,
  "num_roundtrips": 28,
  "win_rate_pct": 60.71428571428571,
  "avg_roundtrip_return_pct": 2.394142409576768,
  "max_drawdown_pct": -7.242132369203613,
  "dd_threshold": 2.0,
  "nk_threshold": -0.01,
  "ma_window": 10,
  "early_tp_buffer_pct": 1.0,
  "early_sl_buffer_pct": 1.0,
  "early_exit_enabled": true
}