phase,pnl
stable,201687.50000000047
settling,-27255.0
uptrend,-123438.4989013667
