{
  "initial_capital": 3000000.0,
  "final_capital": 3261870.5,
  "total_return_pct": 8.729016666666656,
  "num_buys": 28,
  "num_roundtrips": 28,
  "win_rate_pct": 67.85714285714286,
  "avg_roundtrip_return_pct": 2.6797400324911504,
  "max_drawdown_pct": -6.829811868003333,
  "dd_threshold": 2.0,
  "nk_threshold": -0.01,
  "ma_window": 5,
  "early_tp_buffer_pct": 0.5,
  "early_sl_buffer_pct": 2.0,
  "early_exit_enabled": true
}