{
  "initial_capital": 3000000.0,
  "final_capital": 3310695.75,
  "total_return_pct": 10.356524999999994,
  "num_buys": 28,
  "num_roundtrips": 28,
  "win_rate_pct": 60.71428571428571,
  "avg_roundtrip_return_pct": 2.5164967412397354,
  "max_drawdown_pct": -6.1922649856543615,
  "dd_threshold": 1.0,
  "nk_threshold": -0.005,
  "ma_window": 5,
  "early_tp_buffer_pct": 2.5,
  "early_sl_buffer_pct": 2.0,
  "early_exit_enabled": true
}