{
  "initial_capital": 3000000.0,
  "final_capital": 3360215.5,
  "total_return_pct": 12.007183333333327,
  "num_buys": 28,
  "num_roundtrips": 28,
  "win_rate_pct": 64.28571428571429,
  "avg_roundtrip_return_pct": 3.0343858995257196,
  "max_drawdown_pct": -5.9389540760704795,
  "dd_threshold": 2.0,
  "nk_threshold": -0.0025,
  "ma_window": 3,
  "early_tp_buffer_pct": 2.0,
  "early_sl_buffer_pct": 1.5,
  "early_exit_enabled": true
}