{
  "initial_capital": 3000000.0,
  "final_capital": 2872524.5,
  "total_return_pct": -4.249183333333328,
  "num_buys": 28,
  "num_roundtrips": 28,
  "win_rate_pct": 60.71428571428571,
  "avg_roundtrip_return_pct": -0.07153878612855626,
  "max_drawdown_pct": -7.510537226459024,
  "dd_threshold": 3.0,
  "nk_threshold": 0.0,
  "ma_window": 10,
  "early_tp_buffer_pct": 0.5,
  "early_sl_buffer_pct": 1.0,
  "early_exit_enabled": true
}