{
  "initial_capital": 3000000.0,
  "final_capital": 3265574.5,
  "total_return_pct": 8.852483333333328,
  "num_buys": 28,
  "num_roundtrips": 28,
  "win_rate_pct": 64.28571428571429,
  "avg_roundtrip_return_pct": 2.6151383780225927,
  "max_drawdown_pct": -6.816132581745638,
  "dd_threshold": 2.0,
  "nk_threshold": -0.005,
  "ma_window": 5,
  "early_tp_buffer_pct": 1.0,
  "early_sl_buffer_pct": 2.0,
  "early_exit_enabled": true
}