{
  "initial_capital": 3000000.0,
  "final_capital": 3269339.25,
  "total_return_pct": 8.977974999999994,
  "num_buys": 28,
  "num_roundtrips": 28,
  "win_rate_pct": 60.71428571428571,
  "avg_roundtrip_return_pct": 2.3508775555410364,
  "max_drawdown_pct": -6.712371976543574,
  "dd_threshold": 1.0,
  "nk_threshold": -0.005,
  "ma_window": 5,
  "early_tp_buffer_pct": 1.5,
  "early_sl_buffer_pct": 2.0,
  "early_exit_enabled": true
}