{
  "initial_capital": 3000000.0,
  "final_capital": 3003438.5,
  "total_return_pct": 0.11461666666665593,
  "num_buys": 28,
  "num_roundtrips": 28,
  "win_rate_pct": 71.42857142857143,
  "avg_roundtrip_return_pct": 0.4904786029232278,
  "max_drawdown_pct": -5.070374549486889,
  "dd_threshold": 2.0,
  "nk_threshold": 0.0,
  "ma_window": 5,
  "early_tp_buffer_pct": 0.5,
  "early_sl_buffer_pct": 2.0,
  "early_exit_enabled": true
}