{
  "mapping_name": "practical_phase_adaptive_v31_pre_earnings1",
  "mapping_ja": "実務向け局面切替v3.1_決算前1営業日",
  "earnings_pre_days": 1,
  "dataset": "4q2",
  "final_capital": 3298662.000000001,
  "total_return_pct": 9.955400000000036,
  "num_buys": 43,
  "max_drawdown_pct": -10.292324965424736,
  "phase_pnl": {
    "crash": -210634.0,
    "high_vol": 62892.50000000093,
    "normal": 256780.0,
    "settling": 110064.5,
    "surge": 74100.0,
    "uptrend": 5459.0
  }
}