{
  "initial_capital": 3000000.0,
  "final_capital": 2987808.5,
  "total_return_pct": -0.40638333333333776,
  "num_buys": 28,
  "num_roundtrips": 28,
  "win_rate_pct": 57.14285714285714,
  "avg_roundtrip_return_pct": 0.3690176783472697,
  "max_drawdown_pct": -5.854817745329943,
  "dd_threshold": 2.0,
  "nk_threshold": 0.0,
  "ma_window": 5,
  "early_tp_buffer_pct": 2.5,
  "early_sl_buffer_pct": 1.5,
  "early_exit_enabled": true
}