{
  "initial_capital": 3000000.0,
  "final_capital": 3037030.5,
  "total_return_pct": 1.2343500000000063,
  "num_buys": 28,
  "num_roundtrips": 28,
  "win_rate_pct": 78.57142857142857,
  "avg_roundtrip_return_pct": 0.6958303089974832,
  "max_drawdown_pct": -6.947601807635517,
  "dd_threshold": 2.0,
  "nk_threshold": 0.0,
  "ma_window": 5,
  "early_tp_buffer_pct": 1.0,
  "early_sl_buffer_pct": 3.0,
  "early_exit_enabled": true
}