{
  "variant": "alloc50_post_major_crash_etf_2516.T_prev_high_break_tp6_sl3",
  "dataset": "2024-07-01",
  "etf_ticker": "2516.T",
  "etf_rule": "post_major_crash_mode + prev_high_break + tp6/sl3",
  "final_capital": 3099573.3164062505,
  "total_return_pct": 3.319110546875015,
  "num_buys": 59,
  "max_drawdown_pct": -9.950346753256344,
  "phase_pnl": {
    "capitulation_end": 61220.15380859375,
    "crash": 144651.63659667922,
    "downtrend": 184811.41640625056,
    "normal": -346572.84133300744,
    "overheated_range": -7008.349609375,
    "stable": 25171.300537109375,
    "surge": 0.0,
    "uptrend": 37300.0
  }
}