dataset,selected_count,earnings_covered,coverage_pct
q2_2024,24,2,8.333333333333332
q3,67,5,7.462686567164178
q4,60,3,5.0
4q2,75,3,4.0
