{
  "mapping_name": "practical_phase_adaptive_v31_post_earnings5",
  "mapping_ja": "実務向け局面切替v3.1_決算後5営業日",
  "earnings_post_days": 5,
  "dataset": "q2_2024",
  "final_capital": 3211477.6301879887,
  "total_return_pct": 7.04925433959962,
  "num_buys": 14,
  "max_drawdown_pct": -6.148385004307844,
  "phase_pnl": {
    "capitulation_end": 0.0,
    "crash": 189418.32940673828,
    "high_vol": 116433.30078125,
    "normal": -54773.999999999534,
    "overheated_range": -39600.0,
    "stable": 0.0,
    "surge": 0.0,
    "uptrend": 0.0
  }
}