{
  "initial_capital": 3000000.0,
  "final_capital": 2972575.0,
  "total_return_pct": -0.9141666666666715,
  "num_buys": 28,
  "num_roundtrips": 28,
  "win_rate_pct": 57.14285714285714,
  "avg_roundtrip_return_pct": 0.17786642915836554,
  "max_drawdown_pct": -5.949051637405112,
  "dd_threshold": 2.0,
  "nk_threshold": 0.0,
  "ma_window": 5,
  "early_tp_buffer_pct": 2.0,
  "early_sl_buffer_pct": 1.5,
  "early_exit_enabled": true
}