phase,pnl
high_vol,434361.00000000093
end,72600.0
uptrend,-94836.49999999953
surge,-342948.49999999953
