phase,pnl
surge,311376.0
normal,267584.0000000014
end,101500.0
settling,-8264.0
crash,-49403.0
high_vol,-65765.99999999936
