{
  "initial_capital": 3000000.0,
  "final_capital": 3281295.25,
  "total_return_pct": 9.376508333333344,
  "num_buys": 28,
  "num_roundtrips": 28,
  "win_rate_pct": 64.28571428571429,
  "avg_roundtrip_return_pct": 2.669581839762562,
  "max_drawdown_pct": -6.695783760589635,
  "dd_threshold": 2.0,
  "nk_threshold": -0.01,
  "ma_window": 5,
  "early_tp_buffer_pct": 1.5,
  "early_sl_buffer_pct": 2.0,
  "early_exit_enabled": true
}