phase,pnl
high_vol,507901.75000000093
end,76200.0
uptrend,-94836.49999999953
surge,-303355.99999999953
