{
  "mapping_name": "practical_phase_adaptive_v31_pre_earnings5",
  "mapping_ja": "実務向け局面切替v3.1_決算前5営業日",
  "earnings_pre_days": 5,
  "dataset": "q3",
  "final_capital": 3388769.6625976567,
  "total_return_pct": 12.95898875325523,
  "num_buys": 30,
  "max_drawdown_pct": -4.380618141181469,
  "phase_pnl": {
    "high_vol": -53548.0,
    "normal": 224060.349609375,
    "overheated_range": 11477.3251953125,
    "settling": 58628.0,
    "stable": -15626.650390625,
    "uptrend": 163778.63818359422
  }
}