mode,total_return_pct,q2_2024_return_pct,4q2_return_pct
difficult_v11,3.437392470296241,3.3747516886393214,3.5000332519531607
difficult_v12,2.4501174702962647,3.3747516886393214,1.5254832519531636
difficult_v7,2.2850174702962356,3.3747516886393214,1.1952832519531498
