mode,total_return_pct,q2_2024_return_pct,4q2_return_pct
difficult_v7,2.2850174702962356,3.3747516886393214,1.1952832519531498
difficult_v9,-1.3118575297037638,-6.123748311360677,3.5000332519531607
difficult_v8,-2.29913252970374,-6.123748311360677,1.5254832519531636
lagged,-2.8907324890136588,-6.123748311360677,0.3422833333333708
