{
  "initial_capital": 3000000.0,
  "final_capital": 3319413.0,
  "total_return_pct": 10.647099999999998,
  "num_buys": 28,
  "num_roundtrips": 28,
  "win_rate_pct": 64.28571428571429,
  "avg_roundtrip_return_pct": 2.8336162933197966,
  "max_drawdown_pct": -6.345452797657691,
  "dd_threshold": 1.0,
  "nk_threshold": -0.005,
  "ma_window": 3,
  "early_tp_buffer_pct": 2.0,
  "early_sl_buffer_pct": 2.5,
  "early_exit_enabled": true
}