{
  "mapping_name": "practical_phase_adaptive_v31_pre1_post5_gold_switch",
  "mapping_ja": "実務向け局面切替v3.1_決算前1営業日_決算後5営業日見送り_金ETF切替",
  "earnings_pre_days": 1,
  "earnings_post_days": 5,
  "gold_ticker": "1328.T",
  "gold_phases": [
    "crash",
    "high_vol"
  ],
  "dataset": "q3",
  "final_capital": 3346120.162597657,
  "total_return_pct": 11.537338753255245,
  "num_buys": 46,
  "max_drawdown_pct": -6.7112915137793046,
  "phase_pnl": {
    "high_vol": -50500.0,
    "normal": 196435.34960937547,
    "overheated_range": 53308.825195312966,
    "settling": 85789.3374633789,
    "stable": -125184.150390625,
    "uptrend": 186270.80072021484
  }
}