{
  "mapping_name": "practical_phase_adaptive_v31_pre1_post10",
  "mapping_ja": "実務向け局面切替v3.1_決算前1営業日_決算後10営業日見送り",
  "earnings_pre_days": 1,
  "earnings_post_days": 10,
  "dataset": "4q2",
  "final_capital": 3244120.500000001,
  "total_return_pct": 8.137350000000021,
  "num_buys": 33,
  "max_drawdown_pct": -9.527181345108493,
  "phase_pnl": {
    "crash": -236620.0,
    "high_vol": 25110.500000000466,
    "normal": 348716.00000000047,
    "settling": 62787.5,
    "surge": 48400.0,
    "uptrend": -4273.5
  }
}