{
  "vol_lo": 0.007864196734551377,
  "vol_mid": 0.009938719207023147,
  "vol_hi": 0.012820019564090882
}