{
  "initial_capital": 3000000.0,
  "final_capital": 2980700.0,
  "total_return_pct": -0.6433333333333291,
  "num_buys": 28,
  "num_roundtrips": 28,
  "win_rate_pct": 64.28571428571429,
  "avg_roundtrip_return_pct": 0.3255046308971122,
  "max_drawdown_pct": -5.35329623756553,
  "dd_threshold": 2.0,
  "nk_threshold": 0.0,
  "ma_window": 3,
  "early_tp_buffer_pct": 1.5,
  "early_sl_buffer_pct": 1.5,
  "early_exit_enabled": true
}