mode,dataset,total_return_pct,final_capital,num_buys,phase_pnl
lagged,q2_2024,-6.123748311360677,2816287.5506591797,50,"{""capitulation_end"": 27700.0, ""crash"": 179087.900390625, ""high_vol"": -344447.650390625, ""normal"": -64246.650390625, ""overheated_range"": -15901.19921875, ""stable"": 14295.150268554688, ""surge"": 0.0, ""uptrend"": 19800.0}"
lagged,4q2,0.3422833333333708,3010268.500000001,60,"{""crash"": -41678.0, ""high_vol"": -109916.49999999907, ""normal"": 274467.5, ""settling"": 16459.5, ""stable"": -10831.0, ""surge"": -54200.0, ""uptrend"": -64033.0}"
difficult_v4,q2_2024,1.15858502197268,3034757.55065918,51,"{""capitulation_end"": 27700.0, ""crash"": 179087.900390625, ""downtrend"": 29800.0, ""high_vol"": -190777.65039062453, ""normal"": -64246.650390625, ""overheated_range"": -15901.19921875, ""stable"": 14295.150268554688, ""surge"": 35000.0, ""uptrend"": 19800.0}"
difficult_v4,4q2,0.3422833333333708,3010268.500000001,60,"{""crash"": -41678.0, ""high_vol"": -109916.49999999907, ""normal"": 274467.5, ""settling"": 16459.5, ""stable"": -10831.0, ""surge"": -54200.0, ""uptrend"": -64033.0}"
difficult_v6,q2_2024,1.15858502197268,3034757.55065918,51,"{""capitulation_end"": 27700.0, ""crash"": 179087.900390625, ""downtrend"": 29800.0, ""high_vol"": -190777.65039062453, ""normal"": -64246.650390625, ""overheated_range"": -15901.19921875, ""stable"": 14295.150268554688, ""surge"": 35000.0, ""uptrend"": 19800.0}"
difficult_v6,4q2,0.3422833333333708,3010268.500000001,60,"{""crash"": -41678.0, ""high_vol"": -109916.49999999907, ""normal"": 274467.5, ""settling"": 16459.5, ""stable"": -10831.0, ""surge"": -54200.0, ""uptrend"": -64033.0}"
difficult_v7,q2_2024,3.3747516886393214,3101242.5506591797,45,"{""capitulation_end"": 27700.0, ""crash"": 169861.900390625, ""downtrend"": 32600.0, ""normal"": -147113.30078125, ""overheated_range"": -15901.19921875, ""stable"": 14295.150268554688, ""surge"": 0.0, ""uptrend"": 19800.0}"
difficult_v7,4q2,1.1952832519531498,3035858.4975585947,63,"{""crash"": -65190.00244140625, ""high_vol"": 45885.50000000093, ""normal"": 167767.5, ""settling"": 16459.5, ""stable"": -10831.0, ""surge"": -54200.0, ""uptrend"": -64033.0}"
