mode,total_return_pct,q2_2024_return_pct,4q2_return_pct
difficult_v7,2.2850174702962356,3.3747516886393214,1.1952832519531498
difficult_v4,0.7504341776530365,1.15858502197268,0.3422833333333708
difficult_v6,0.7504341776530365,1.15858502197268,0.3422833333333708
lagged,-2.8907324890136588,-6.123748311360677,0.3422833333333708
