mode,total_return_pct,q2_2024_return_pct,4q2_return_pct
difficult_v1,-0.09765748901366944,1.15858502197268,-1.3538999999999968
lagged,-2.8907324890136588,-6.123748311360677,0.3422833333333708
difficult_v2,-3.8615824890136707,-6.123748311360677,-1.5994166666666643
difficult_v3,-3.8615824890136707,-6.123748311360677,-1.5994166666666643
