{
  "mapping_name": "practical_phase_adaptive_v31_pre1_post5_except_crash",
  "mapping_ja": "実務向け局面切替v3.1_決算前1営業日_決算後5営業日見送り_crash除外",
  "earnings_pre_days": 1,
  "earnings_post_days": 5,
  "dataset": "q2_2024",
  "final_capital": 2965371.104675293,
  "total_return_pct": -1.1542965108235714,
  "num_buys": 53,
  "max_drawdown_pct": -10.296626133555154,
  "phase_pnl": {
    "capitulation_end": 6000.0,
    "crash": 152510.57232666016,
    "high_vol": -140209.56909179688,
    "normal": -94346.748046875,
    "overheated_range": -6111.650390625,
    "stable": -6838.1749267578125,
    "surge": 0.0,
    "uptrend": 54366.6748046875
  }
}