{
  "initial_capital": 3000000.0,
  "final_capital": 3117784.25,
  "total_return_pct": 3.9261416666666715,
  "num_buys": 28,
  "num_roundtrips": 28,
  "win_rate_pct": 60.71428571428571,
  "avg_roundtrip_return_pct": 2.4628517262506855,
  "max_drawdown_pct": -6.774429430110884,
  "dd_threshold": 2.0,
  "nk_threshold": -0.01,
  "ma_window": 5,
  "early_tp_buffer_pct": 1.5,
  "early_sl_buffer_pct": 1.0,
  "early_exit_enabled": true
}