phase,pnl
stable,201687.50000000047
high_vol,441.00000000001455
settling,-25390.0
uptrend,-123438.4989013667
