variant,total_final_capital,total_return_pct
all_capped_moderate,11853487.999877932,-1.2209333343505713
highvol_only_50,12020761.749877933,0.1730145823161111
weak_uptrend_only_50,12746970.073364265,6.224750611368868
