{
  "mapping_name": "practical_phase_adaptive_v31_pre1_post5",
  "mapping_ja": "実務向け局面切替v3.1_決算前1営業日_決算後5営業日見送り",
  "earnings_pre_days": 1,
  "earnings_post_days": 5,
  "dataset": "q2_2024",
  "final_capital": 2605360.767272949,
  "total_return_pct": -13.154641090901698,
  "num_buys": 56,
  "max_drawdown_pct": -16.361916128114895,
  "phase_pnl": {
    "capitulation_end": -139100.0,
    "crash": 19571.572326660156,
    "high_vol": -222180.90649414062,
    "normal": -94346.748046875,
    "overheated_range": -6111.650390625,
    "stable": -6838.1749267578125,
    "surge": 0.0,
    "uptrend": 54366.6748046875
  }
}