{
  "initial_capital": 3000000.0,
  "final_capital": 3102063.5,
  "total_return_pct": 3.402116666666677,
  "num_buys": 28,
  "num_roundtrips": 28,
  "win_rate_pct": 60.71428571428571,
  "avg_roundtrip_return_pct": 2.4084082645107165,
  "max_drawdown_pct": -6.894778251266887,
  "dd_threshold": 2.0,
  "nk_threshold": -0.005,
  "ma_window": 5,
  "early_tp_buffer_pct": 1.0,
  "early_sl_buffer_pct": 1.0,
  "early_exit_enabled": true
}