{
  "initial_capital": 3000000.0,
  "final_capital": 3231639.5,
  "total_return_pct": 7.721316666666667,
  "num_buys": 28,
  "num_roundtrips": 28,
  "win_rate_pct": 64.28571428571429,
  "avg_roundtrip_return_pct": 2.493180103376536,
  "max_drawdown_pct": -7.578725139998388,
  "dd_threshold": 2.0,
  "nk_threshold": -0.01,
  "ma_window": 5,
  "early_tp_buffer_pct": 1.0,
  "early_sl_buffer_pct": 3.0,
  "early_exit_enabled": true
}