{
  "initial_capital": 3000000.0,
  "final_capital": 3353581.0,
  "total_return_pct": 11.786033333333323,
  "num_buys": 28,
  "num_roundtrips": 28,
  "win_rate_pct": 60.71428571428571,
  "avg_roundtrip_return_pct": 2.69000196160864,
  "max_drawdown_pct": -5.746422153833608,
  "dd_threshold": 1.0,
  "nk_threshold": -0.0025,
  "ma_window": 3,
  "early_tp_buffer_pct": 2.0,
  "early_sl_buffer_pct": 1.5,
  "early_exit_enabled": true
}