variant,total_final_capital,total_return_pct
every_10d,13332538.08117676,11.104484009806326
monthly,13035396.647949224,8.628305399576863
every_5d,12800175.272552494,6.668127271270774
