{
  "mapping_name": "practical_phase_adaptive_v31_pre1_post5_etf1489_crash_rebound",
  "mapping_ja": "実務向け局面切替v3.1_決算前1営業日_決算後5営業日見送り_高配当ETF反発切替",
  "earnings_pre_days": 1,
  "earnings_post_days": 5,
  "gold_ticker": "1489.T",
  "gold_phases": [
    "crash"
  ],
  "gold_allocation_ratio": 1.0,
  "gold_signal_name": "rebound_open",
  "dataset": "q2_2024",
  "final_capital": 2758016.4510498047,
  "total_return_pct": -8.066118298339841,
  "num_buys": 19,
  "max_drawdown_pct": -10.486720035690523,
  "phase_pnl": {
    "capitulation_end": -62900.0,
    "crash": -24881.0,
    "high_vol": -101272.650390625,
    "normal": -94346.748046875,
    "overheated_range": -6111.650390625,
    "stable": -6838.1749267578125,
    "surge": 0.0,
    "uptrend": 54366.6748046875
  }
}