variant,dataset,final_capital,total_return_pct,num_buys,max_drawdown_pct
highvol_only_50,q2_2024,2725283.0000000014,-9.157233333333291,5,-14.44133639742814
highvol_only_50,q3,3445761.8251953134,14.85872750651045,10,-7.334828237688007
highvol_only_50,q4,3031478.4246826177,1.0492808227539285,40,-4.335604872194276
highvol_only_50,4q2,3176740.000000001,5.8913333333333595,43,-7.310357930234657
weak_uptrend_only_50,q2_2024,2725283.0000000014,-9.157233333333291,5,-14.44133639742814
weak_uptrend_only_50,q3,3445761.8251953134,14.85872750651045,10,-7.334828237688007
weak_uptrend_only_50,q4,3346473.4981689486,11.549116605631626,16,-13.437290138964764
weak_uptrend_only_50,4q2,3615738.2500000023,20.524608333333404,29,-9.569320039422546
