variant,total_final_capital,total_return_pct
highvol_only_50,12379263.249877933,3.1605270823161113
weak_uptrend_only_50,13133256.573364265,9.443804778035547
