{
  "initial_capital": 3000000.0,
  "final_capital": 3256499.25,
  "total_return_pct": 8.54997500000001,
  "num_buys": 28,
  "num_roundtrips": 28,
  "win_rate_pct": 64.28571428571429,
  "avg_roundtrip_return_pct": 2.6770593230520032,
  "max_drawdown_pct": -7.086155265161754,
  "dd_threshold": 2.0,
  "nk_threshold": -0.005,
  "ma_window": 10,
  "early_tp_buffer_pct": 1.5,
  "early_sl_buffer_pct": 2.0,
  "early_exit_enabled": true
}