{
  "phase_set_name":"crash_only",
  "replace_phases":"crash",
  "q2_2024_return_pct":6.14945,
  "q2_2024_final_capital":3184483.5,
  "q3_return_pct":12.681746,
  "q3_final_capital":3380452.0,
  "q4_return_pct":11.803867,
  "q4_final_capital":3354116.0,
  "4q2_return_pct":11.409083,
  "4q2_final_capital":3342272.5,
  "total_final_capital":13261324.0,
  "total_return_pct":10.511036
}