{
  "initial_capital": 3000000.0,
  "final_capital": 2886494.5,
  "total_return_pct": -3.783516666666664,
  "num_buys": 28,
  "num_roundtrips": 28,
  "win_rate_pct": 60.71428571428571,
  "avg_roundtrip_return_pct": 0.039619561589717085,
  "max_drawdown_pct": -7.389713270908283,
  "dd_threshold": 2.0,
  "nk_threshold": 0.0,
  "ma_window": 10,
  "early_tp_buffer_pct": 1.0,
  "early_sl_buffer_pct": 1.0,
  "early_exit_enabled": true
}