{
  "variant": "alloc50_post_major_multi_etf_expanded_or_stock_prev_high_break",
  "dataset": "4q2",
  "concentrated_mode": "2516 base; others only if stronger by threshold under weekly strength + signal gap",
  "dispersed_mode": "stock prev_high_break top2 tp6/sl3",
  "etf_universe": [
    "1306.T",
    "1321.T",
    "1328.T",
    "1489.T",
    "1593.T",
    "2516.T"
  ],
  "final_capital": 3234196.500000001,
  "total_return_pct": 7.806550000000034,
  "num_buys": 66,
  "max_drawdown_pct": -5.235434425202912,
  "phase_pnl": {
    "crash": -46672.0,
    "high_vol": 47054.5,
    "normal": 132428.00000000047,
    "settling": 102689.50000000047,
    "stable": -18403.5,
    "surge": 17100.0
  }
}