{
  "initial_capital": 3000000.0,
  "final_capital": 3011052.0,
  "total_return_pct": 0.36840000000000206,
  "num_buys": 28,
  "num_roundtrips": 28,
  "win_rate_pct": 60.71428571428571,
  "avg_roundtrip_return_pct": 0.6839658383146905,
  "max_drawdown_pct": -6.204633777904023,
  "dd_threshold": 1.0,
  "nk_threshold": 0.0,
  "ma_window": 3,
  "early_tp_buffer_pct": 2.5,
  "early_sl_buffer_pct": 2.0,
  "early_exit_enabled": true
}