{
  "initial_capital": 3000000.0,
  "final_capital": 2977282.5,
  "total_return_pct": -0.7572499999999982,
  "num_buys": 28,
  "num_roundtrips": 28,
  "win_rate_pct": 71.42857142857143,
  "avg_roundtrip_return_pct": 0.6920312410463164,
  "max_drawdown_pct": -6.333366068665369,
  "dd_threshold": 1.0,
  "nk_threshold": 0.0,
  "ma_window": 5,
  "early_tp_buffer_pct": 1.5,
  "early_sl_buffer_pct": 2.5,
  "early_exit_enabled": true
}