{
  "initial_capital": 3000000.0,
  "final_capital": 3263322.75,
  "total_return_pct": 8.777425000000004,
  "num_buys": 28,
  "num_roundtrips": 28,
  "win_rate_pct": 64.28571428571429,
  "avg_roundtrip_return_pct": 2.6000622998107965,
  "max_drawdown_pct": -6.868363395209065,
  "dd_threshold": 1.0,
  "nk_threshold": -0.0025,
  "ma_window": 5,
  "early_tp_buffer_pct": 1.5,
  "early_sl_buffer_pct": 2.5,
  "early_exit_enabled": true
}