high_vol_take_profit_pct,total_return_pct,q2_2024_return_pct,4q2_return_pct
8,2.2850174702962356,3.3747516886393214,1.1952832519531498
6,2.046350803629582,3.3747516886393214,0.7179499186198202
4,1.5932091369629031,3.3747516886393214,-0.18833341471351517
5,1.445200803629576,3.3747516886393214,-0.48435008138018043
