{
  "variant": "alloc50_post_major_crash_etf_1321.T_prev_high_break_tp6_sl3",
  "dataset": "2024-07-01",
  "etf_ticker": "1321.T",
  "etf_rule": "post_major_crash_mode + prev_high_break + tp6/sl3",
  "final_capital": 2955805.7517089844,
  "total_return_pct": -1.4731416097005234,
  "num_buys": 53,
  "max_drawdown_pct": -9.950346753256344,
  "phase_pnl": {
    "capitulation_end": 14600.0,
    "crash": 13522.751953125,
    "downtrend": 29100.0,
    "normal": -156879.951171875,
    "overheated_range": -7008.349609375,
    "stable": 25171.300537109375,
    "surge": 0.0,
    "uptrend": 37300.0
  }
}