{
  "initial_capital": 3000000.0,
  "final_capital": 3322864.5,
  "total_return_pct": 10.762150000000004,
  "num_buys": 28,
  "num_roundtrips": 28,
  "win_rate_pct": 60.71428571428571,
  "avg_roundtrip_return_pct": 2.512846797692476,
  "max_drawdown_pct": -6.1922649856543615,
  "dd_threshold": 1.0,
  "nk_threshold": -0.005,
  "ma_window": 3,
  "early_tp_buffer_pct": 2.0,
  "early_sl_buffer_pct": 2.0,
  "early_exit_enabled": true
}