{
  "initial_capital": 3000000.0,
  "final_capital": 3306960.5,
  "total_return_pct": 10.232016666666667,
  "num_buys": 28,
  "num_roundtrips": 28,
  "win_rate_pct": 64.28571428571429,
  "avg_roundtrip_return_pct": 2.556208324404938,
  "max_drawdown_pct": -7.502842756490269,
  "dd_threshold": 4.0,
  "nk_threshold": -0.005,
  "ma_window": 5,
  "early_tp_buffer_pct": 1.0,
  "early_sl_buffer_pct": 2.0,
  "early_exit_enabled": false
}