{
  "initial_capital": 3000000.0,
  "final_capital": 3243374.5,
  "total_return_pct": 8.112483333333342,
  "num_buys": 28,
  "num_roundtrips": 28,
  "win_rate_pct": 64.28571428571429,
  "avg_roundtrip_return_pct": 2.658232912275952,
  "max_drawdown_pct": -7.614575154554737,
  "dd_threshold": 3.0,
  "nk_threshold": -0.005,
  "ma_window": 5,
  "early_tp_buffer_pct": 0.5,
  "early_sl_buffer_pct": 2.0,
  "early_exit_enabled": true
}