{
  "variant": "alloc50_post_major_price_concentration_2516_or_stock_prev_high_break_top2_tp6_sl3",
  "dataset": "q3",
  "concentrated_mode": "ETF 2516.T prev_high_break tp6/sl3 with sector+price concentration",
  "dispersed_mode": "stock prev_high_break top2 tp6/sl3 after sector+price dispersion",
  "final_capital": 3359555.4773925785,
  "total_return_pct": 11.985182579752607,
  "num_buys": 70,
  "max_drawdown_pct": -2.5405992907959085,
  "phase_pnl": {
    "capitulation_end": 17289.0,
    "crash": 53163.0,
    "downtrend": 119585.589807129,
    "normal": 116197.85560302762,
    "settling": 31465.05322265625,
    "stable": 52779.5,
    "uptrend": -30924.521240234375
  }
}